[2026-01-22 11:38:41] [31merror[39m: monogoDB connection error:bad auth : authentication failed
[2026-01-22 11:47:15] [32minfo[39m: connected to mongodb atlas
[2026-01-22 11:47:53] [32minfo[39m: GET / 302 39 - 15.926 ms
[2026-01-22 11:47:53] [32minfo[39m: loading homepage
[2026-01-22 11:47:54] [32minfo[39m: GET /user/home 200 7773 - 622.921 ms
[2026-01-22 11:47:54] [32minfo[39m: GET /css/common.css 200 2780 - 6.796 ms
[2026-01-22 11:47:54] [32minfo[39m: GET /css/header.css 200 5759 - 7.321 ms
[2026-01-22 11:47:54] [32minfo[39m: GET /css/home.css 200 6666 - 13.191 ms
[2026-01-22 11:47:54] [32minfo[39m: GET /css/footer.css 200 4817 - 12.166 ms
[2026-01-22 11:47:54] [32minfo[39m: GET /img/customer.jpg 200 73230 - 6.159 ms
[2026-01-22 11:47:54] [32minfo[39m: GET /img/banner/banner3.jpg 200 132609 - 5.437 ms
[2026-01-22 11:47:54] [32minfo[39m: GET /img/insta-post2.jpg 200 64682 - 6.208 ms
[2026-01-22 11:47:54] [32minfo[39m: GET /img/insta-post1.jpg 200 99817 - 5.617 ms
[2026-01-22 11:47:54] [32minfo[39m: GET /js/common.js 200 2070 - 2.714 ms
[2026-01-22 11:47:54] [32minfo[39m: GET /img/insta-post3.jpg 200 169905 - 2.972 ms
[2026-01-22 11:47:58] [32minfo[39m: GET /img/insta-post4.jpg 200 63176 - 1.833 ms
[2026-01-22 11:47:58] [32minfo[39m: GET /img/customer.jpg 200 73230 - 1.816 ms
[2026-01-22 11:48:03] [32minfo[39m: GET /favicon.ico 404 7371 - 14.235 ms
[2026-01-22 11:48:21] [32minfo[39m: GET /admin 302 41 - 113.688 ms
[2026-01-22 11:48:21] [32minfo[39m: GET /admin/login 200 3335 - 7.344 ms
[2026-01-22 11:48:21] [32minfo[39m: GET /css/admin/login.css 200 4353 - 3.487 ms
[2026-01-22 11:48:21] [32minfo[39m: GET /img/admin-weaver.jpg 200 36006 - 3.285 ms
[2026-01-22 11:48:31] [33mwarn[39m: Invalid email or not an admin.
[2026-01-22 11:48:31] [32minfo[39m: POST /admin/login 302 41 - 178.270 ms
[2026-01-22 11:48:31] [32minfo[39m: GET /admin/login 200 3486 - 9.574 ms
[2026-01-22 11:48:31] [32minfo[39m: GET /css/admin/login.css 200 4353 - 10.911 ms
[2026-01-22 11:48:31] [32minfo[39m: GET /img/admin-weaver.jpg 200 36006 - 12.274 ms
[2026-01-22 11:49:16] [31merror[39m: GET /user/shopall-Cannot read properties of undefined (reading 'validate')
[2026-01-22 11:49:16] [32minfo[39m: GET /user/shopall 500 86 - 29.293 ms
[2026-01-22 11:49:22] [32minfo[39m: loading homepage
[2026-01-22 11:49:22] [32minfo[39m: GET /user/home 200 7773 - 196.200 ms
[2026-01-22 11:49:22] [32minfo[39m: GET /css/common.css 200 2780 - 9.346 ms
[2026-01-22 11:49:22] [32minfo[39m: GET /css/header.css 200 5759 - 8.664 ms
[2026-01-22 11:49:22] [32minfo[39m: GET /css/home.css 200 6666 - 17.852 ms
[2026-01-22 11:49:22] [32minfo[39m: GET /img/customer.jpg 200 73230 - 18.532 ms
[2026-01-22 11:49:22] [32minfo[39m: GET /css/footer.css 200 4817 - 18.490 ms
[2026-01-22 11:49:22] [32minfo[39m: GET /img/banner/banner3.jpg 200 132609 - 15.427 ms
[2026-01-22 11:49:22] [32minfo[39m: GET /img/insta-post2.jpg 200 64682 - 18.377 ms
[2026-01-22 11:49:22] [32minfo[39m: GET /img/insta-post1.jpg 200 99817 - 16.817 ms
[2026-01-22 11:49:23] [32minfo[39m: GET /js/common.js 200 2070 - 13.055 ms
[2026-01-22 11:49:23] [32minfo[39m: GET /img/insta-post3.jpg 200 169905 - 13.298 ms
[2026-01-22 11:49:23] [32minfo[39m: GET /img/insta-post4.jpg 200 63176 - 16.757 ms
[2026-01-22 11:49:26] [32minfo[39m: Loading login page
[2026-01-22 11:49:26] [32minfo[39m: GET /user/login 200 4026 - 7.924 ms
[2026-01-22 11:49:26] [32minfo[39m: GET /css/login.css 200 5958 - 3.201 ms
[2026-01-22 11:49:28] [32minfo[39m: GET /user/auth/google 302 0 - 4.212 ms
[2026-01-22 11:49:30] [32minfo[39m: GET /user/auth/google/callback?code=4%2F0ASc3gC3cFzW57ak2Gny4YZLb0EGAuZCuYBKYQS5kN2PKXoaOK-lrQ0wsQ1QAHWQAXZ2ONw&scope=email+profile+openid+https%3A%2F%2Fwww.googleapis.com%2Fauth%2Fuserinfo.profile+https%3A%2F%2Fwww.googleapis.com%2Fauth%2Fuserinfo.email&authuser=0&prompt=none 302 39 - 1242.616 ms
[2026-01-22 11:49:31] [32minfo[39m: loading homepage
[2026-01-22 11:49:31] [32minfo[39m: GET /user/home 200 8544 - 799.580 ms
[2026-01-22 11:49:32] [32minfo[39m: GET /css/header.css 200 5759 - 463.993 ms
[2026-01-22 11:49:32] [32minfo[39m: GET /css/footer.css 200 4817 - 463.748 ms
[2026-01-22 11:49:32] [32minfo[39m: GET /css/common.css 200 2780 - 469.445 ms
[2026-01-22 11:49:32] [32minfo[39m: GET /css/home.css 200 6666 - 474.048 ms
[2026-01-22 11:49:32] [32minfo[39m: GET /img/banner/banner3.jpg 200 132609 - 473.762 ms
[2026-01-22 11:49:32] [32minfo[39m: GET /js/common.js 200 2070 - 432.930 ms
[2026-01-22 11:49:32] [32minfo[39m: GET /img/insta-post4.jpg 200 63176 - 422.380 ms
[2026-01-22 11:49:32] [32minfo[39m: GET /img/insta-post2.jpg 200 64682 - 486.938 ms
[2026-01-22 11:49:32] [32minfo[39m: GET /img/insta-post1.jpg 200 99817 - 488.251 ms
[2026-01-22 11:49:32] [32minfo[39m: GET /img/insta-post3.jpg 200 169905 - 485.708 ms
[2026-01-22 11:49:33] [32minfo[39m: GET /user/cart/count 200 15 - 606.217 ms
[2026-01-22 11:49:33] [32minfo[39m: GET /img/customer.jpg 200 73230 - 1566.134 ms
[2026-01-22 11:49:38] [32minfo[39m: loading cart page
[2026-01-22 11:49:38] [31merror[39m: GET /user/cart-cart.items is not iterable
[2026-01-22 11:49:38] [32minfo[39m: GET /user/cart 500 56 - 825.802 ms
[2026-01-22 11:49:44] [32minfo[39m: loading homepage
[2026-01-22 11:49:45] [32minfo[39m: GET /user/home 200 8544 - 762.941 ms
[2026-01-22 11:49:45] [32minfo[39m: GET /css/header.css 200 5759 - 239.793 ms
[2026-01-22 11:49:45] [32minfo[39m: GET /css/common.css 200 2780 - 243.413 ms
[2026-01-22 11:49:45] [32minfo[39m: GET /css/home.css 200 6666 - 243.827 ms
[2026-01-22 11:49:45] [32minfo[39m: GET /js/common.js 200 2070 - 249.681 ms
[2026-01-22 11:49:45] [32minfo[39m: GET /css/footer.css 200 4817 - 271.205 ms
[2026-01-22 11:49:46] [32minfo[39m: GET /user/cart/count 200 15 - 453.965 ms
[2026-01-22 11:50:29] [32minfo[39m: connected to mongodb atlas
[2026-01-22 11:50:42] [31merror[39m: GET /user/shopall-Cannot read properties of undefined (reading 'validate')
[2026-01-22 11:50:42] [32minfo[39m: GET /user/shopall 500 86 - 32.197 ms
[2026-01-22 11:52:50] [32minfo[39m: connected to mongodb atlas
[2026-01-22 11:53:14] [32minfo[39m: connected to mongodb atlas
[2026-01-22 11:53:26] [32minfo[39m: loading shopping page
[2026-01-22 11:53:27] [32minfo[39m: categories fetched successfully
[2026-01-22 11:53:27] [32minfo[39m: Products fetched successfully
[2026-01-22 11:53:27] [32minfo[39m: GET /user/shopall 200 9792 - 506.107 ms
[2026-01-22 11:53:27] [32minfo[39m: GET /css/common.css 200 2780 - 20.448 ms
[2026-01-22 11:53:27] [32minfo[39m: GET /css/header.css 200 5759 - 23.904 ms
[2026-01-22 11:53:27] [32minfo[39m: GET /css/user/shopall.css 200 9510 - 17.567 ms
[2026-01-22 11:53:27] [32minfo[39m: GET /css/footer.css 200 4817 - 16.768 ms
[2026-01-22 11:53:27] [32minfo[39m: GET /img/insta-post2.jpg 200 64682 - 21.700 ms
[2026-01-22 11:53:27] [32minfo[39m: GET /img/insta-post1.jpg 200 99817 - 21.476 ms
[2026-01-22 11:53:27] [32minfo[39m: GET /img/insta-post4.jpg 200 63176 - 27.171 ms
[2026-01-22 11:53:27] [32minfo[39m: GET /js/common.js 200 2070 - 25.710 ms
[2026-01-22 11:53:27] [32minfo[39m: GET /img/insta-post3.jpg 200 169905 - 34.463 ms
[2026-01-22 11:53:48] [32minfo[39m: GET /admin 302 41 - 205.132 ms
[2026-01-22 11:53:48] [32minfo[39m: GET /admin/login 200 3335 - 5.269 ms
[2026-01-22 11:53:48] [32minfo[39m: GET /css/admin/login.css 200 4353 - 8.988 ms
[2026-01-22 11:53:48] [32minfo[39m: GET /img/admin-weaver.jpg 200 36006 - 10.004 ms
[2026-01-22 11:53:58] [33mwarn[39m: Invalid email or not an admin.
[2026-01-22 11:53:58] [32minfo[39m: POST /admin/login 302 41 - 161.956 ms
[2026-01-22 11:53:58] [32minfo[39m: GET /admin/login 200 3486 - 1.326 ms
[2026-01-22 11:53:58] [32minfo[39m: GET /css/admin/login.css 200 4353 - 1.351 ms
[2026-01-22 11:53:58] [32minfo[39m: GET /img/admin-weaver.jpg 200 36006 - 13.449 ms
[2026-01-22 11:56:40] [33mwarn[39m: Invalid email or not an admin.
[2026-01-22 11:56:40] [32minfo[39m: POST /admin/login 302 41 - 162.189 ms
[2026-01-22 11:56:40] [32minfo[39m: GET /admin/login 200 3486 - 1.594 ms
[2026-01-22 11:56:40] [32minfo[39m: GET /css/admin/login.css 200 4353 - 2.647 ms
[2026-01-22 11:56:40] [32minfo[39m: GET /img/admin-weaver.jpg 200 36006 - 2.871 ms
[2026-01-22 12:03:26] [32minfo[39m: connected to mongodb atlas
[2026-01-22 12:05:15] [33mwarn[39m: Invalid email or not an admin.
[2026-01-22 12:05:15] [32minfo[39m: POST /admin/login 302 41 - 199.308 ms
[2026-01-22 12:05:15] [32minfo[39m: GET /admin/login 200 3486 - 11.085 ms
[2026-01-22 12:05:15] [32minfo[39m: GET /css/admin/login.css 200 4353 - 3.859 ms
[2026-01-22 12:05:15] [32minfo[39m: GET /img/admin-weaver.jpg 200 36006 - 3.234 ms
[2026-01-23 10:18:47] [32minfo[39m: connected to mongodb atlas
[2026-01-23 10:18:58] [32minfo[39m: connected to mongodb atlas
[2026-01-23 10:19:08] [32minfo[39m: connected to mongodb atlas
[2026-01-23 10:20:03] [32minfo[39m: connected to mongodb atlas
[2026-01-23 10:20:23] [32minfo[39m: connected to mongodb atlas
[2026-01-23 10:25:08] [32minfo[39m: connected to mongodb atlas
[2026-01-23 10:25:08] [32minfo[39m: GET /admin/login 200 3335 - 46.540 ms
[2026-01-23 10:25:08] [32minfo[39m: GET /css/admin/login.css 200 4353 - 8.886 ms
[2026-01-23 10:25:08] [32minfo[39m: GET /img/admin-weaver.jpg 200 36006 - 8.723 ms
[2026-01-23 10:25:18] [32minfo[39m: Admin logged in successfully.
[2026-01-23 10:25:18] [32minfo[39m: POST /admin/login 302 45 - 331.254 ms
[2026-01-23 10:25:18] [32minfo[39m: GET /admin/dashboard 200 36681 - 281.541 ms
[2026-01-23 10:25:18] [32minfo[39m: GET /css/admin/admin.css 200 19507 - 7.132 ms
[2026-01-23 10:25:18] [32minfo[39m: GET /css/admin/dashboard.css 200 2698 - 8.378 ms
[2026-01-23 10:25:18] [32minfo[39m: GET /img/admin/logo.jpg 200 26279 - 6.873 ms
[2026-01-23 10:25:18] [32minfo[39m: GET /img/admin/admin-avatar.jpg 200 114439 - 11.590 ms
[2026-01-23 10:25:20] [32minfo[39m: Fetching sales chart data
[2026-01-23 10:25:20] [32minfo[39m: Fetching top products
[2026-01-23 10:25:20] [32minfo[39m: Fetching dashboard stats
[2026-01-23 10:25:20] [32minfo[39m: Sales data processed successfully
[2026-01-23 10:25:20] [32minfo[39m: Sales chart data delivered successfully
[2026-01-23 10:25:20] [32minfo[39m: GET /admin/api/sales-data 200 179 - 410.902 ms
[2026-01-23 10:25:20] [32minfo[39m: Top products delivered successfully
[2026-01-23 10:25:20] [32minfo[39m: GET /admin/api/top-products?page=1&limit=4 200 30 - 558.977 ms
[2026-01-23 10:25:20] [32minfo[39m: Dashboard stats calculated
[2026-01-23 10:25:20] [32minfo[39m: Dashboard stats delivered successfully
[2026-01-23 10:25:20] [32minfo[39m: GET /admin/api/stats 200 63 - 964.615 ms
[2026-01-23 10:25:40] [31merror[39m: GET /admin/products-Invalid sort() argument. Must be a string, object, array, or map.
[2026-01-23 10:25:40] [32minfo[39m: GET /admin/products 500 95 - 172.255 ms
[2026-01-23 10:31:16] [32minfo[39m: connected to mongodb atlas
[2026-01-24 18:48:19] [32minfo[39m: connected to mongodb atlas
[2026-01-24 18:48:20] [32minfo[39m: GET /admin 302 41 - 5984.534 ms
[2026-01-24 18:48:20] [32minfo[39m: GET /admin/login 200 3335 - 49.530 ms
[2026-01-24 18:48:20] [32minfo[39m: GET /css/admin/login.css 200 4353 - 6.995 ms
[2026-01-24 18:48:20] [32minfo[39m: GET /img/admin-weaver.jpg 200 36006 - 16.643 ms
[2026-01-24 18:48:26] [32minfo[39m: GET /favicon.ico 404 7371 - 20.208 ms
[2026-01-24 18:48:36] [32minfo[39m: Admin logged in successfully.
[2026-01-24 18:48:36] [32minfo[39m: POST /admin/login 302 45 - 746.303 ms
[2026-01-24 18:48:37] [32minfo[39m: GET /admin/dashboard 200 36681 - 1096.790 ms
[2026-01-24 18:48:37] [32minfo[39m: GET /css/admin/admin.css 200 19507 - 9.066 ms
[2026-01-24 18:48:37] [32minfo[39m: GET /css/admin/dashboard.css 200 2698 - 12.091 ms
[2026-01-24 18:48:37] [32minfo[39m: GET /img/admin/logo.jpg 200 26279 - 14.452 ms
[2026-01-24 18:48:37] [32minfo[39m: GET /img/admin/admin-avatar.jpg 200 114439 - 16.888 ms
[2026-01-24 18:49:07] [32minfo[39m: Fetching dashboard stats
[2026-01-24 18:49:07] [32minfo[39m: Fetching top products
[2026-01-24 18:49:07] [32minfo[39m: Fetching sales chart data
[2026-01-24 18:49:07] [32minfo[39m: Sales data processed successfully
[2026-01-24 18:49:08] [32minfo[39m: Sales chart data delivered successfully
[2026-01-24 18:49:08] [32minfo[39m: GET /admin/api/sales-data 200 179 - 1096.743 ms
[2026-01-24 18:49:08] [32minfo[39m: Top products delivered successfully
[2026-01-24 18:49:08] [32minfo[39m: GET /admin/api/top-products?page=1&limit=4 200 30 - 1600.849 ms
[2026-01-24 18:49:09] [32minfo[39m: Dashboard stats calculated
[2026-01-24 18:49:09] [32minfo[39m: Dashboard stats delivered successfully
[2026-01-24 18:49:09] [32minfo[39m: GET /admin/api/stats 200 63 - 2486.824 ms
[2026-01-24 18:49:52] [32minfo[39m: fetcing users | page:1,search:""
[2026-01-24 18:49:53] [32minfo[39m: GET /admin/users 200 10957 - 1447.341 ms
[2026-01-24 18:49:53] [32minfo[39m: GET /css/admin/admin.css 200 19507 - 9.256 ms
[2026-01-24 18:49:53] [32minfo[39m: GET /css/admin/users.css 200 3409 - 9.947 ms
[2026-01-24 18:49:53] [32minfo[39m: GET /img/admin/logo.jpg 200 26279 - 27.665 ms
[2026-01-24 18:49:53] [32minfo[39m: GET /img/admin/admin-avatar.jpg 200 114439 - 27.449 ms
[2026-01-24 18:50:09] [31merror[39m: GET /admin/products-Invalid sort() argument. Must be a string, object, array, or map.
[2026-01-24 18:50:09] [32minfo[39m: GET /admin/products 500 95 - 507.659 ms
[2026-01-24 19:30:57] [32minfo[39m: connected to mongodb atlas
[2026-01-24 19:31:08] [32minfo[39m: connected to mongodb atlas
[2026-01-24 19:31:25] [32minfo[39m: GET /admin/products 302 41 - 247.273 ms
[2026-01-24 19:31:25] [32minfo[39m: GET /admin/login 200 3335 - 12.134 ms
[2026-01-24 19:31:25] [32minfo[39m: GET /css/admin/login.css 200 4353 - 2.490 ms
[2026-01-24 19:31:25] [32minfo[39m: GET /img/admin-weaver.jpg 200 36006 - 7.714 ms
[2026-01-24 19:31:32] [32minfo[39m: Admin logged in successfully.
[2026-01-24 19:31:32] [32minfo[39m: POST /admin/login 302 45 - 180.551 ms
[2026-01-24 19:31:32] [32minfo[39m: GET /admin/dashboard 200 36681 - 211.800 ms
[2026-01-24 19:31:32] [32minfo[39m: GET /css/admin/admin.css 200 19507 - 3.982 ms
[2026-01-24 19:31:32] [32minfo[39m: GET /css/admin/dashboard.css 200 2698 - 4.700 ms
[2026-01-24 19:31:32] [32minfo[39m: GET /img/admin/logo.jpg 200 26279 - 3.371 ms
[2026-01-24 19:31:32] [32minfo[39m: GET /img/admin/admin-avatar.jpg 200 114439 - 3.339 ms
[2026-01-24 19:31:34] [32minfo[39m: Fetching dashboard stats
[2026-01-24 19:31:34] [32minfo[39m: Fetching top products
[2026-01-24 19:31:34] [32minfo[39m: Fetching sales chart data
[2026-01-24 19:31:34] [32minfo[39m: Sales data processed successfully
[2026-01-24 19:31:34] [32minfo[39m: Sales chart data delivered successfully
[2026-01-24 19:31:34] [32minfo[39m: GET /admin/api/sales-data 200 179 - 316.020 ms
[2026-01-24 19:31:34] [32minfo[39m: Top products delivered successfully
[2026-01-24 19:31:34] [32minfo[39m: GET /admin/api/top-products?page=1&limit=4 200 30 - 492.215 ms
[2026-01-24 19:31:35] [32minfo[39m: Dashboard stats calculated
[2026-01-24 19:31:35] [32minfo[39m: Dashboard stats delivered successfully
[2026-01-24 19:31:35] [32minfo[39m: GET /admin/api/stats 200 63 - 799.755 ms
[2026-01-24 19:31:45] [32minfo[39m: GET /css/admin/admin.css 200 19507 - 6.191 ms
[2026-01-24 19:31:45] [32minfo[39m: GET /css/admin/dashboard.css 200 2698 - 5.523 ms
[2026-01-24 19:31:45] [32minfo[39m: GET /.well-known/appspecific/com.chrome.devtools.json 404 7371 - 4.663 ms
[2026-01-24 19:32:10] [32minfo[39m: GET /admin/products 200 31892 - 411.251 ms
[2026-01-24 19:32:10] [32minfo[39m: GET /css/admin/admin.css 200 19507 - 3.767 ms
[2026-01-24 19:32:10] [32minfo[39m: GET /img/admin/logo.jpg 200 26279 - 4.308 ms
[2026-01-24 19:32:10] [32minfo[39m: GET /img/admin/admin-avatar.jpg 200 114439 - 3.859 ms
[2026-01-24 19:32:10] [32minfo[39m: GET /css/admin/category.css 200 12433 - 3.041 ms
[2026-01-24 19:33:26] [32minfo[39m: GET /admin/categories 200 25575 - 669.025 ms
[2026-01-24 19:33:26] [32minfo[39m: GET /css/admin/admin.css 200 19507 - 8.203 ms
[2026-01-24 19:33:26] [32minfo[39m: GET /img/admin/logo.jpg 200 26279 - 9.507 ms
[2026-01-24 19:33:26] [32minfo[39m: GET /img/admin/admin-avatar.jpg 200 114439 - 13.033 ms
[2026-01-24 19:33:26] [32minfo[39m: GET /css/admin/category.css 200 12433 - 2.015 ms
[2026-01-24 19:33:40] [31merror[39m: POST /admin/addCategory-error.details.amp is not a function
[2026-01-24 19:33:40] [32minfo[39m: POST /admin/addCategory 500 65 - 260.079 ms
[2026-01-24 19:34:15] [32minfo[39m: POST /admin/addCategory 400 90 - 134.812 ms
[2026-01-24 19:36:18] [32minfo[39m: connected to mongodb atlas
[2026-01-24 19:36:42] [32minfo[39m: POST /admin/addCategory 302 34 - 164.331 ms
[2026-01-24 19:36:42] [32minfo[39m: GET /admin/login 200 3335 - 33.868 ms
[2026-01-24 19:40:13] [32minfo[39m: connected to mongodb atlas
[2026-01-24 19:40:56] [32minfo[39m: connected to mongodb atlas
[2026-01-24 19:42:50] [32minfo[39m: connected to mongodb atlas
[2026-01-24 19:43:03] [32minfo[39m: connected to mongodb atlas
[2026-01-24 19:43:19] [32minfo[39m: connected to mongodb atlas
[2026-01-24 19:43:52] [32minfo[39m: POST /admin/addCategory 302 34 - 132.689 ms
[2026-01-24 19:43:52] [32minfo[39m: GET /admin/login 200 3335 - 5.653 ms
[2026-01-24 19:44:35] [32minfo[39m: POST /admin/addCategory 302 34 - 147.169 ms
[2026-01-24 19:44:35] [32minfo[39m: GET /admin/login 200 3335 - 1.357 ms
[2026-01-24 20:00:34] [32minfo[39m: connected to mongodb atlas
[2026-01-24 20:00:36] [32minfo[39m: GET /admin/categories 302 41 - 169.440 ms
[2026-01-24 20:00:36] [32minfo[39m: GET /admin/login 200 3335 - 11.061 ms
[2026-01-24 20:00:36] [32minfo[39m: GET /css/admin/login.css 200 4353 - 2.599 ms
[2026-01-24 20:00:36] [32minfo[39m: GET /img/admin-weaver.jpg 200 36006 - 1.903 ms
[2026-01-24 20:00:51] [32minfo[39m: Admin logged in successfully.
[2026-01-24 20:00:51] [32minfo[39m: POST /admin/login 302 45 - 379.700 ms
[2026-01-24 20:00:52] [32minfo[39m: GET /admin/dashboard 200 36681 - 211.582 ms
[2026-01-24 20:00:52] [32minfo[39m: GET /css/admin/admin.css 200 19507 - 2.541 ms
[2026-01-24 20:00:52] [32minfo[39m: GET /css/admin/dashboard.css 200 2698 - 10.450 ms
[2026-01-24 20:00:52] [32minfo[39m: GET /img/admin/logo.jpg 200 26279 - 15.843 ms
[2026-01-24 20:00:52] [32minfo[39m: GET /img/admin/admin-avatar.jpg 200 114439 - 13.186 ms
[2026-01-24 20:00:52] [32minfo[39m: Fetching dashboard stats
[2026-01-24 20:00:53] [32minfo[39m: Fetching top products
[2026-01-24 20:00:53] [32minfo[39m: Fetching sales chart data
[2026-01-24 20:00:53] [32minfo[39m: Sales data processed successfully
[2026-01-24 20:00:53] [32minfo[39m: Sales chart data delivered successfully
[2026-01-24 20:00:53] [32minfo[39m: GET /admin/api/sales-data 200 179 - 432.782 ms
[2026-01-24 20:00:53] [32minfo[39m: Top products delivered successfully
[2026-01-24 20:00:53] [32minfo[39m: GET /admin/api/top-products?page=1&limit=4 200 30 - 604.606 ms
[2026-01-24 20:00:53] [32minfo[39m: Dashboard stats calculated
[2026-01-24 20:00:53] [32minfo[39m: Dashboard stats delivered successfully
[2026-01-24 20:00:53] [32minfo[39m: GET /admin/api/stats 200 63 - 825.569 ms
[2026-01-24 20:01:09] [32minfo[39m: GET /admin/products 200 31892 - 345.978 ms
[2026-01-24 20:01:09] [32minfo[39m: GET /css/admin/admin.css 200 19507 - 16.508 ms
[2026-01-24 20:01:09] [32minfo[39m: GET /css/admin/category.css 200 12433 - 18.735 ms
[2026-01-24 20:01:09] [32minfo[39m: GET /img/admin/logo.jpg 200 26279 - 23.374 ms
[2026-01-24 20:01:09] [32minfo[39m: GET /img/admin/admin-avatar.jpg 200 114439 - 25.951 ms
[2026-01-24 20:01:27] [32minfo[39m: GET /admin/categories 200 25575 - 400.327 ms
[2026-01-24 20:01:27] [32minfo[39m: GET /css/admin/admin.css 200 19507 - 9.326 ms
[2026-01-24 20:01:27] [32minfo[39m: GET /img/admin/logo.jpg 200 26279 - 6.840 ms
[2026-01-24 20:01:27] [32minfo[39m: GET /css/admin/category.css 200 12433 - 11.719 ms
[2026-01-24 20:01:27] [32minfo[39m: GET /img/admin/admin-avatar.jpg 200 114439 - 15.324 ms
[2026-01-24 20:02:35] [32minfo[39m: POST /admin/addCategory 400 90 - 397.651 ms
[2026-01-24 20:41:54] [32minfo[39m: hi inside the multer
[2026-01-24 20:41:55] [32minfo[39m: process.env files- key:
[2026-01-24 20:41:55] [32minfo[39m: cloudinary name
[2026-01-24 20:41:55] [32minfo[39m: seceret 
[2026-01-24 20:41:58] [32minfo[39m: connected to mongodb atlas
[2026-01-24 20:42:03] [32minfo[39m: GET /admin/categories 302 41 - 229.642 ms
[2026-01-24 20:42:03] [32minfo[39m: GET /admin/login 200 3335 - 34.374 ms
[2026-01-24 20:42:03] [32minfo[39m: GET /css/admin/login.css 200 4353 - 5.936 ms
[2026-01-24 20:42:03] [32minfo[39m: GET /img/admin-weaver.jpg 200 36006 - 9.312 ms
[2026-01-24 20:42:10] [32minfo[39m: Admin logged in successfully.
[2026-01-24 20:42:10] [32minfo[39m: POST /admin/login 302 45 - 424.054 ms
[2026-01-24 20:42:10] [32minfo[39m: GET /admin/dashboard 200 36681 - 241.778 ms
[2026-01-24 20:42:11] [32minfo[39m: GET /css/admin/admin.css 200 19507 - 23.995 ms
[2026-01-24 20:42:11] [32minfo[39m: GET /css/admin/dashboard.css 200 2698 - 20.847 ms
[2026-01-24 20:42:11] [32minfo[39m: GET /img/admin/logo.jpg 200 26279 - 19.586 ms
[2026-01-24 20:42:11] [32minfo[39m: GET /img/admin/admin-avatar.jpg 200 114439 - 19.671 ms
[2026-01-24 20:42:12] [32minfo[39m: Fetching sales chart data
[2026-01-24 20:42:12] [32minfo[39m: Fetching top products
[2026-01-24 20:42:12] [32minfo[39m: Fetching dashboard stats
[2026-01-24 20:42:12] [32minfo[39m: Sales data processed successfully
[2026-01-24 20:42:12] [32minfo[39m: Sales chart data delivered successfully
[2026-01-24 20:42:12] [32minfo[39m: GET /admin/api/sales-data 200 179 - 365.890 ms
[2026-01-24 20:42:12] [32minfo[39m: Top products delivered successfully
[2026-01-24 20:42:12] [32minfo[39m: GET /admin/api/top-products?page=1&limit=4 200 30 - 572.040 ms
[2026-01-24 20:42:13] [32minfo[39m: Dashboard stats calculated
[2026-01-24 20:42:13] [32minfo[39m: Dashboard stats delivered successfully
[2026-01-24 20:42:13] [32minfo[39m: GET /admin/api/stats 200 63 - 1298.524 ms
[2026-01-24 20:42:16] [32minfo[39m: GET /admin/categories 200 25575 - 270.618 ms
[2026-01-24 20:42:16] [32minfo[39m: GET /css/admin/admin.css 200 19507 - 9.399 ms
[2026-01-24 20:42:16] [32minfo[39m: GET /img/admin/logo.jpg 200 26279 - 8.950 ms
[2026-01-24 20:42:16] [32minfo[39m: GET /css/admin/category.css 200 12433 - 11.812 ms
[2026-01-24 20:42:16] [32minfo[39m: GET /img/admin/admin-avatar.jpg 200 114439 - 11.859 ms
[2026-01-24 20:42:36] [32minfo[39m: POST /admin/addCategory 400 90 - 255.462 ms
[2026-01-24 20:47:07] [32minfo[39m: hi inside the multer
[2026-01-24 20:47:07] [32minfo[39m: process.env files- key:
[2026-01-24 20:47:07] [32minfo[39m: cloudinary name
[2026-01-24 20:47:07] [32minfo[39m: seceret 
[2026-01-24 20:47:10] [32minfo[39m: hi inside the multer
[2026-01-24 20:47:10] [32minfo[39m: process.env files- key:
[2026-01-24 20:47:10] [32minfo[39m: cloudinary name
[2026-01-24 20:47:10] [32minfo[39m: seceret 
[2026-01-24 20:47:13] [32minfo[39m: connected to mongodb atlas
[2026-01-24 20:47:43] [32minfo[39m: hi inside the multer
[2026-01-24 20:47:43] [32minfo[39m: process.env files- key:
[2026-01-24 20:47:43] [32minfo[39m: cloudinary name
[2026-01-24 20:47:43] [32minfo[39m: seceret 
[2026-01-24 20:47:46] [32minfo[39m: connected to mongodb atlas
[2026-01-24 20:47:55] [32minfo[39m: POST /admin/addCategory 302 34 - 141.397 ms
[2026-01-24 20:47:55] [32minfo[39m: GET /admin/login 200 3335 - 7.874 ms
[2026-01-24 20:48:02] [32minfo[39m: GET /admin/categories 302 41 - 185.270 ms
[2026-01-24 20:48:02] [32minfo[39m: GET /admin/login 200 3335 - 3.851 ms
[2026-01-24 20:48:02] [32minfo[39m: GET /css/admin/login.css 200 4353 - 7.425 ms
[2026-01-24 20:48:02] [32minfo[39m: GET /img/admin-weaver.jpg 200 36006 - 2.276 ms
[2026-01-24 20:48:10] [32minfo[39m: Admin logged in successfully.
[2026-01-24 20:48:10] [32minfo[39m: POST /admin/login 302 45 - 285.552 ms
[2026-01-24 20:48:10] [32minfo[39m: GET /admin/dashboard 200 36681 - 194.378 ms
[2026-01-24 20:48:10] [32minfo[39m: GET /css/admin/admin.css 200 19507 - 6.722 ms
[2026-01-24 20:48:10] [32minfo[39m: GET /css/admin/dashboard.css 200 2698 - 13.085 ms
[2026-01-24 20:48:10] [32minfo[39m: GET /img/admin/logo.jpg 200 26279 - 6.576 ms
[2026-01-24 20:48:10] [32minfo[39m: GET /img/admin/admin-avatar.jpg 200 114439 - 4.708 ms
[2026-01-24 20:48:11] [32minfo[39m: Fetching dashboard stats
[2026-01-24 20:48:11] [32minfo[39m: Fetching top products
[2026-01-24 20:48:11] [32minfo[39m: Fetching sales chart data
[2026-01-24 20:48:11] [32minfo[39m: Sales data processed successfully
[2026-01-24 20:48:11] [32minfo[39m: Sales chart data delivered successfully
[2026-01-24 20:48:11] [32minfo[39m: GET /admin/api/sales-data 200 179 - 448.911 ms
[2026-01-24 20:48:12] [32minfo[39m: Top products delivered successfully
[2026-01-24 20:48:12] [32minfo[39m: GET /admin/api/top-products?page=1&limit=4 200 30 - 669.280 ms
[2026-01-24 20:48:12] [32minfo[39m: Dashboard stats calculated
[2026-01-24 20:48:12] [32minfo[39m: Dashboard stats delivered successfully
[2026-01-24 20:48:12] [32minfo[39m: GET /admin/api/stats 200 63 - 862.493 ms
[2026-01-24 20:48:28] [32minfo[39m: GET /admin/categories 200 25575 - 425.003 ms
[2026-01-24 20:48:28] [32minfo[39m: GET /css/admin/admin.css 200 19507 - 2.056 ms
[2026-01-24 20:48:28] [32minfo[39m: GET /img/admin/logo.jpg 200 26279 - 6.342 ms
[2026-01-24 20:48:28] [32minfo[39m: GET /css/admin/category.css 200 12433 - 13.550 ms
[2026-01-24 20:48:28] [32minfo[39m: GET /img/admin/admin-avatar.jpg 200 114439 - 14.339 ms
[2026-01-24 20:49:06] [32minfo[39m: POST /admin/addCategory 400 90 - 224.035 ms
[2026-01-24 20:49:53] [32minfo[39m: hi inside the multer
[2026-01-24 20:49:53] [32minfo[39m: process.env files- key:
[2026-01-24 20:49:53] [32minfo[39m: cloudinary name
[2026-01-24 20:49:53] [32minfo[39m: seceret 
[2026-01-24 20:49:56] [32minfo[39m: connected to mongodb atlas
[2026-01-24 21:13:48] [32minfo[39m: hi inside the multer
[2026-01-24 21:13:48] [32minfo[39m: process.env files- key:
[2026-01-24 21:13:48] [32minfo[39m: cloudinary name
[2026-01-24 21:13:48] [32minfo[39m: seceret 
[2026-01-24 21:13:51] [32minfo[39m: connected to mongodb atlas
[2026-01-24 21:13:54] [32minfo[39m: GET /admin/categories 302 41 - 2065.748 ms
[2026-01-24 21:13:54] [32minfo[39m: GET /admin/login 200 3335 - 28.105 ms
[2026-01-24 21:13:54] [32minfo[39m: GET /css/admin/login.css 200 4353 - 14.501 ms
[2026-01-24 21:13:54] [32minfo[39m: GET /img/admin-weaver.jpg 200 36006 - 9.475 ms
[2026-01-24 21:14:02] [32minfo[39m: Admin logged in successfully.
[2026-01-24 21:14:02] [32minfo[39m: POST /admin/login 302 45 - 390.135 ms
[2026-01-24 21:14:02] [32minfo[39m: GET /admin/dashboard 200 36681 - 116.457 ms
[2026-01-24 21:14:03] [32minfo[39m: GET /css/admin/admin.css 200 19507 - 10.569 ms
[2026-01-24 21:14:03] [32minfo[39m: GET /css/admin/dashboard.css 200 2698 - 27.166 ms
[2026-01-24 21:14:03] [32minfo[39m: GET /img/admin/logo.jpg 200 26279 - 17.067 ms
[2026-01-24 21:14:03] [32minfo[39m: GET /img/admin/admin-avatar.jpg 200 114439 - 18.729 ms
[2026-01-24 21:14:04] [32minfo[39m: Fetching dashboard stats
[2026-01-24 21:14:04] [32minfo[39m: Fetching top products
[2026-01-24 21:14:04] [32minfo[39m: Fetching sales chart data
[2026-01-24 21:14:04] [32minfo[39m: Sales data processed successfully
[2026-01-24 21:14:04] [32minfo[39m: Sales chart data delivered successfully
[2026-01-24 21:14:04] [32minfo[39m: GET /admin/api/sales-data 200 179 - 398.139 ms
[2026-01-24 21:14:04] [32minfo[39m: Top products delivered successfully
[2026-01-24 21:14:04] [32minfo[39m: GET /admin/api/top-products?page=1&limit=4 200 30 - 515.764 ms
[2026-01-24 21:14:04] [32minfo[39m: Dashboard stats calculated
[2026-01-24 21:14:04] [32minfo[39m: Dashboard stats delivered successfully
[2026-01-24 21:14:04] [32minfo[39m: GET /admin/api/stats 200 63 - 729.343 ms
[2026-01-24 21:14:08] [32minfo[39m: GET /admin/categories 200 25575 - 382.998 ms
[2026-01-24 21:14:08] [32minfo[39m: GET /css/admin/admin.css 200 19507 - 20.794 ms
[2026-01-24 21:14:08] [32minfo[39m: GET /img/admin/logo.jpg 200 26279 - 20.755 ms
[2026-01-24 21:14:08] [32minfo[39m: GET /img/admin/admin-avatar.jpg 200 114439 - 27.216 ms
[2026-01-24 21:14:08] [32minfo[39m: GET /css/admin/category.css 200 12433 - 6.497 ms
[2026-01-24 21:14:29] [32minfo[39m: POST /admin/addCategory 400 90 - 152.820 ms
[2026-01-24 21:14:52] [32minfo[39m: hi inside the multer
[2026-01-24 21:14:52] [32minfo[39m: process.env files- key:
[2026-01-24 21:14:52] [32minfo[39m: cloudinary name
[2026-01-24 21:14:52] [32minfo[39m: seceret 
[2026-01-24 21:14:57] [32minfo[39m: connected to mongodb atlas
[2026-01-24 21:31:00] [32minfo[39m: hi inside the multer
[2026-01-24 21:31:00] [32minfo[39m: process.env files- key:
[2026-01-24 21:31:00] [32minfo[39m: cloudinary name
[2026-01-24 21:31:00] [32minfo[39m: seceret 
[2026-01-24 21:31:06] [32minfo[39m: connected to mongodb atlas
[2026-01-24 21:31:15] [32minfo[39m: GET /admin/categories 302 41 - 367.150 ms
[2026-01-24 21:31:15] [32minfo[39m: GET /admin/login 200 3335 - 29.464 ms
[2026-01-24 21:31:15] [32minfo[39m: GET /css/admin/login.css 200 4353 - 16.765 ms
[2026-01-24 21:31:15] [32minfo[39m: GET /img/admin-weaver.jpg 200 36006 - 8.617 ms
[2026-01-24 21:31:22] [32minfo[39m: Admin logged in successfully.
[2026-01-24 21:31:22] [32minfo[39m: POST /admin/login 302 45 - 353.881 ms
[2026-01-24 21:31:23] [32minfo[39m: GET /admin/dashboard 200 36681 - 146.038 ms
[2026-01-24 21:31:23] [32minfo[39m: GET /css/admin/admin.css 200 19507 - 12.318 ms
[2026-01-24 21:31:23] [32minfo[39m: GET /css/admin/dashboard.css 200 2698 - 12.717 ms
[2026-01-24 21:31:23] [32minfo[39m: GET /img/admin/logo.jpg 200 26279 - 11.885 ms
[2026-01-24 21:31:23] [32minfo[39m: GET /img/admin/admin-avatar.jpg 200 114439 - 10.992 ms
[2026-01-24 21:31:23] [32minfo[39m: Fetching dashboard stats
[2026-01-24 21:31:23] [32minfo[39m: Fetching sales chart data
[2026-01-24 21:31:23] [32minfo[39m: Fetching top products
[2026-01-24 21:31:24] [32minfo[39m: Sales data processed successfully
[2026-01-24 21:31:24] [32minfo[39m: Sales chart data delivered successfully
[2026-01-24 21:31:24] [32minfo[39m: GET /admin/api/sales-data 200 179 - 433.063 ms
[2026-01-24 21:31:24] [32minfo[39m: Top products delivered successfully
[2026-01-24 21:31:24] [32minfo[39m: GET /admin/api/top-products?page=1&limit=4 200 30 - 595.207 ms
[2026-01-24 21:31:24] [32minfo[39m: Dashboard stats calculated
[2026-01-24 21:31:24] [32minfo[39m: Dashboard stats delivered successfully
[2026-01-24 21:31:24] [32minfo[39m: GET /admin/api/stats 200 63 - 857.683 ms
[2026-01-24 21:31:25] [32minfo[39m: GET /admin/categories 200 25575 - 254.816 ms
[2026-01-24 21:31:25] [32minfo[39m: GET /css/admin/admin.css 200 19507 - 17.034 ms
[2026-01-24 21:31:25] [32minfo[39m: GET /img/admin/logo.jpg 200 26279 - 23.866 ms
[2026-01-24 21:31:25] [32minfo[39m: GET /img/admin/admin-avatar.jpg 200 114439 - 17.445 ms
[2026-01-24 21:31:25] [32minfo[39m: GET /css/admin/category.css 200 12433 - 10.017 ms
[2026-01-24 21:31:46] [32minfo[39m: POST /admin/addCategory 400 90 - 132.038 ms
[2026-01-24 21:39:17] [32minfo[39m: POST /admin/addCategory 400 90 - 173.920 ms
[2026-01-24 21:40:59] [32minfo[39m: hi inside the multer
[2026-01-24 21:40:59] [32minfo[39m: process.env files- key:
[2026-01-24 21:40:59] [32minfo[39m: cloudinary name
[2026-01-24 21:40:59] [32minfo[39m: seceret 
[2026-01-24 21:41:02] [32minfo[39m: connected to mongodb atlas
[2026-01-24 21:41:30] [32minfo[39m: GET /admin/categories 302 41 - 162.077 ms
[2026-01-24 21:41:30] [32minfo[39m: GET /admin/login 200 3335 - 17.946 ms
[2026-01-24 21:41:30] [32minfo[39m: GET /css/admin/login.css 200 4353 - 5.103 ms
[2026-01-24 21:41:30] [32minfo[39m: GET /img/admin-weaver.jpg 200 36006 - 10.868 ms
[2026-01-24 21:41:38] [32minfo[39m: Admin logged in successfully.
[2026-01-24 21:41:38] [32minfo[39m: POST /admin/login 302 45 - 326.243 ms
[2026-01-24 21:41:38] [32minfo[39m: GET /admin/dashboard 200 36681 - 247.916 ms
[2026-01-24 21:41:39] [32minfo[39m: GET /css/admin/admin.css 200 19507 - 9.380 ms
[2026-01-24 21:41:39] [32minfo[39m: GET /css/admin/dashboard.css 200 2698 - 15.890 ms
[2026-01-24 21:41:39] [32minfo[39m: GET /img/admin/admin-avatar.jpg 200 114439 - 10.811 ms
[2026-01-24 21:41:39] [32minfo[39m: GET /img/admin/logo.jpg 200 26279 - 9.217 ms
[2026-01-24 21:41:40] [32minfo[39m: Fetching dashboard stats
[2026-01-24 21:41:40] [32minfo[39m: Fetching top products
[2026-01-24 21:41:40] [32minfo[39m: Fetching sales chart data
[2026-01-24 21:41:40] [32minfo[39m: Sales data processed successfully
[2026-01-24 21:41:40] [32minfo[39m: Sales chart data delivered successfully
[2026-01-24 21:41:40] [32minfo[39m: GET /admin/api/sales-data 200 179 - 697.536 ms
[2026-01-24 21:41:41] [32minfo[39m: Top products delivered successfully
[2026-01-24 21:41:41] [32minfo[39m: GET /admin/api/top-products?page=1&limit=4 200 30 - 965.214 ms
[2026-01-24 21:41:41] [32minfo[39m: Dashboard stats calculated
[2026-01-24 21:41:41] [32minfo[39m: Dashboard stats delivered successfully
[2026-01-24 21:41:41] [32minfo[39m: GET /admin/api/stats 200 63 - 1269.470 ms
[2026-01-24 21:41:43] [32minfo[39m: GET /admin/categories 200 25575 - 1604.575 ms
[2026-01-24 21:41:43] [32minfo[39m: GET /css/admin/admin.css 200 19507 - 7.817 ms
[2026-01-24 21:41:43] [32minfo[39m: GET /img/admin/logo.jpg 200 26279 - 8.205 ms
[2026-01-24 21:41:43] [32minfo[39m: GET /img/admin/admin-avatar.jpg 200 114439 - 8.461 ms
[2026-01-24 21:41:43] [32minfo[39m: GET /css/admin/category.css 200 12433 - 4.034 ms
[2026-01-24 21:42:04] [32minfo[39m: POST /admin/addCategory 400 90 - 593.750 ms
[2026-01-24 21:42:54] [32minfo[39m: hi inside the multer
[2026-01-24 21:42:54] [32minfo[39m: 698139445174944
[2026-01-24 21:42:54] [32minfo[39m: cloudinary name
[2026-01-24 21:42:54] [32minfo[39m: seceret 
[2026-01-24 21:43:05] [32minfo[39m: hi inside the multer
[2026-01-24 21:43:05] [32minfo[39m: 698139445174944
[2026-01-24 21:43:05] [32minfo[39m: undefined
[2026-01-24 21:43:05] [32minfo[39m: DRjWUJtgCysBWbMC3neHCVDAGzo
[2026-01-24 21:43:08] [32minfo[39m: connected to mongodb atlas
[2026-01-25 09:54:10] [32minfo[39m: GET /admin/categories 302 41 - 858.314 ms
[2026-01-25 09:54:10] [32minfo[39m: GET /admin/login 200 3335 - 26.109 ms
[2026-01-25 09:54:10] [32minfo[39m: GET /css/admin/login.css 200 4353 - 4.533 ms
[2026-01-25 09:54:10] [32minfo[39m: GET /img/admin-weaver.jpg 200 36006 - 6.284 ms
[2026-01-25 09:54:18] [32minfo[39m: Admin logged in successfully.
[2026-01-25 09:54:18] [32minfo[39m: POST /admin/login 302 45 - 273.091 ms
[2026-01-25 09:54:18] [32minfo[39m: GET /admin/dashboard 200 36681 - 114.330 ms
[2026-01-25 09:54:18] [32minfo[39m: GET /css/admin/dashboard.css 200 2698 - 5.831 ms
[2026-01-25 09:54:18] [32minfo[39m: GET /css/admin/admin.css 200 19507 - 8.913 ms
[2026-01-25 09:54:18] [32minfo[39m: GET /img/admin/logo.jpg 200 26279 - 7.538 ms
[2026-01-25 09:54:18] [32minfo[39m: GET /img/admin/admin-avatar.jpg 200 114439 - 7.388 ms
[2026-01-25 09:54:19] [32minfo[39m: Fetching dashboard stats
[2026-01-25 09:54:19] [32minfo[39m: Dashboard stats calculated
[2026-01-25 09:54:19] [32minfo[39m: Dashboard stats delivered successfully
[2026-01-25 09:54:19] [32minfo[39m: GET /admin/api/stats 200 63 - 490.492 ms
[2026-01-25 09:54:20] [32minfo[39m: Fetching top products
[2026-01-25 09:54:20] [32minfo[39m: Fetching sales chart data
[2026-01-25 09:54:20] [32minfo[39m: Sales data processed successfully
[2026-01-25 09:54:20] [32minfo[39m: Sales chart data delivered successfully
[2026-01-25 09:54:20] [32minfo[39m: GET /admin/api/sales-data 200 179 - 704.206 ms
[2026-01-25 09:54:20] [32minfo[39m: Top products delivered successfully
[2026-01-25 09:54:20] [32minfo[39m: GET /admin/api/top-products?page=1&limit=4 200 30 - 900.382 ms
[2026-01-25 09:54:23] [32minfo[39m: GET /admin/categories 200 25575 - 292.764 ms
[2026-01-25 09:54:23] [32minfo[39m: GET /css/admin/admin.css 200 19507 - 7.267 ms
[2026-01-25 09:54:23] [32minfo[39m: GET /img/admin/logo.jpg 200 26279 - 7.935 ms
[2026-01-25 09:54:23] [32minfo[39m: GET /css/admin/category.css 200 12433 - 12.836 ms
[2026-01-25 09:54:23] [32minfo[39m: GET /img/admin/admin-avatar.jpg 200 114439 - 8.629 ms
[2026-01-25 09:54:45] [32minfo[39m: POST /admin/addCategory 400 90 - 141.919 ms
[2026-01-25 09:57:10] [32minfo[39m: hi inside the multer
[2026-01-25 09:57:10] [32minfo[39m: 698139445174944
[2026-01-25 09:57:10] [32minfo[39m: undefined
[2026-01-25 09:57:10] [32minfo[39m: DRjWUJtgCysBWbMC3neHCVDAGzo
[2026-01-25 09:57:11] [32minfo[39m: connected to mongodb atlas
[2026-01-25 09:57:21] [32minfo[39m: hi inside the multer
[2026-01-25 09:57:21] [32minfo[39m: 698139445174944
[2026-01-25 09:57:21] [32minfo[39m: undefined
[2026-01-25 09:57:21] [32minfo[39m: DRjWUJtgCysBWbMC3neHCVDAGzo
[2026-01-25 09:57:28] [32minfo[39m: hi inside the multer
[2026-01-25 09:57:28] [32minfo[39m: 698139445174944
[2026-01-25 09:57:28] [32minfo[39m: undefined
[2026-01-25 09:57:28] [32minfo[39m: DRjWUJtgCysBWbMC3neHCVDAGzo
[2026-01-25 09:58:33] [32minfo[39m: hi inside the multer
[2026-01-25 09:58:33] [32minfo[39m: 698139445174944
[2026-01-25 09:58:33] [32minfo[39m: undefined
[2026-01-25 09:58:33] [32minfo[39m: DRjWUJtgCysBWbMC3neHCVDAGzo
[2026-01-25 09:58:35] [32minfo[39m: connected to mongodb atlas
[2026-01-25 10:01:11] [32minfo[39m: hi inside the multer
[2026-01-25 10:01:11] [32minfo[39m: 698139445174944
[2026-01-25 10:01:11] [32minfo[39m: dma409l7q
[2026-01-25 10:01:11] [32minfo[39m: DRjWUJtgCysBWbMC3neHCVDAGzo
[2026-01-25 10:01:14] [32minfo[39m: connected to mongodb atlas
[2026-01-25 10:04:55] [32minfo[39m: hi inside the multer
[2026-01-25 10:04:55] [32minfo[39m: 698139445174944
[2026-01-25 10:04:55] [32minfo[39m: dma409l7q
[2026-01-25 10:04:55] [32minfo[39m: DRjWUJtgCysBWbMC3neHCVDAGzo
[2026-01-25 10:04:57] [32minfo[39m: connected to mongodb atlas
[2026-01-25 10:05:00] [32minfo[39m: hi inside the multer
[2026-01-25 10:05:00] [32minfo[39m: 698139445174944
[2026-01-25 10:05:00] [32minfo[39m: dma409l7q
[2026-01-25 10:05:00] [32minfo[39m: DRjWUJtgCysBWbMC3neHCVDAGzo
[2026-01-25 10:05:01] [32minfo[39m: connected to mongodb atlas
[2026-01-25 10:05:02] [32minfo[39m: hi inside the multer
[2026-01-25 10:05:02] [32minfo[39m: 698139445174944
[2026-01-25 10:05:02] [32minfo[39m: dma409l7q
[2026-01-25 10:05:02] [32minfo[39m: DRjWUJtgCysBWbMC3neHCVDAGzo
[2026-01-25 10:05:04] [32minfo[39m: hi inside the multer
[2026-01-25 10:05:04] [32minfo[39m: 698139445174944
[2026-01-25 10:05:04] [32minfo[39m: dma409l7q
[2026-01-25 10:05:04] [32minfo[39m: DRjWUJtgCysBWbMC3neHCVDAGzo
[2026-01-25 10:05:06] [32minfo[39m: connected to mongodb atlas
[2026-01-25 10:05:08] [32minfo[39m: hi inside the multer
[2026-01-25 10:05:08] [32minfo[39m: 698139445174944
[2026-01-25 10:05:08] [32minfo[39m: dma409l7q
[2026-01-25 10:05:08] [32minfo[39m: DRjWUJtgCysBWbMC3neHCVDAGzo
[2026-01-25 10:05:09] [32minfo[39m: connected to mongodb atlas
[2026-01-25 10:05:23] [32minfo[39m: GET /admin/categories 302 41 - 166.819 ms
[2026-01-25 10:05:23] [32minfo[39m: GET /admin/login 200 3335 - 12.901 ms
[2026-01-25 10:05:23] [32minfo[39m: GET /css/admin/login.css 200 4353 - 4.811 ms
[2026-01-25 10:05:23] [32minfo[39m: GET /img/admin-weaver.jpg 200 36006 - 5.413 ms
[2026-01-25 10:05:35] [32minfo[39m: Admin logged in successfully.
[2026-01-25 10:05:35] [32minfo[39m: POST /admin/login 302 45 - 193.039 ms
[2026-01-25 10:05:35] [32minfo[39m: GET /admin/dashboard 200 36681 - 157.113 ms
[2026-01-25 10:05:35] [32minfo[39m: GET /css/admin/admin.css 200 19507 - 1.451 ms
[2026-01-25 10:05:35] [32minfo[39m: GET /css/admin/dashboard.css 200 2698 - 1.675 ms
[2026-01-25 10:05:35] [32minfo[39m: GET /img/admin/logo.jpg 200 26279 - 1.618 ms
[2026-01-25 10:05:35] [32minfo[39m: GET /img/admin/admin-avatar.jpg 200 114439 - 2.368 ms
[2026-01-25 10:05:36] [32minfo[39m: Fetching dashboard stats
[2026-01-25 10:05:36] [32minfo[39m: Fetching top products
[2026-01-25 10:05:36] [32minfo[39m: Fetching sales chart data
[2026-01-25 10:05:36] [32minfo[39m: Sales data processed successfully
[2026-01-25 10:05:36] [32minfo[39m: Sales chart data delivered successfully
[2026-01-25 10:05:36] [32minfo[39m: GET /admin/api/sales-data 200 179 - 182.814 ms
[2026-01-25 10:05:36] [32minfo[39m: Top products delivered successfully
[2026-01-25 10:05:36] [32minfo[39m: GET /admin/api/top-products?page=1&limit=4 200 30 - 248.757 ms
[2026-01-25 10:05:36] [32minfo[39m: Dashboard stats calculated
[2026-01-25 10:05:36] [32minfo[39m: Dashboard stats delivered successfully
[2026-01-25 10:05:36] [32minfo[39m: GET /admin/api/stats 200 63 - 411.256 ms
[2026-01-25 10:05:42] [32minfo[39m: GET /admin/categories 200 25575 - 214.070 ms
[2026-01-25 10:05:42] [32minfo[39m: GET /css/admin/admin.css 200 19507 - 7.222 ms
[2026-01-25 10:05:42] [32minfo[39m: GET /img/admin/logo.jpg 200 26279 - 7.176 ms
[2026-01-25 10:05:42] [32minfo[39m: GET /img/admin/admin-avatar.jpg 200 114439 - 11.397 ms
[2026-01-25 10:05:42] [32minfo[39m: GET /css/admin/category.css 200 12433 - 4.531 ms
[2026-01-25 10:06:10] [33mwarn[39m: Validation Error
[2026-01-25 10:06:10] [32minfo[39m: POST /admin/addCategory 400 34 - 8821.380 ms
[2026-01-25 10:07:02] [33mwarn[39m: Validation Error
[2026-01-25 10:07:02] [32minfo[39m: POST /admin/addCategory 400 34 - 7244.188 ms
[2026-01-25 10:07:04] [33mwarn[39m: Validation Error
[2026-01-25 10:07:04] [32minfo[39m: POST /admin/addCategory 400 34 - 7895.245 ms
[2026-01-25 10:07:07] [33mwarn[39m: Validation Error
[2026-01-25 10:07:07] [32minfo[39m: POST /admin/addCategory 400 34 - 6560.364 ms
[2026-01-25 10:17:32] [32minfo[39m: hi inside the multer
[2026-01-25 10:17:32] [32minfo[39m: 698139445174944
[2026-01-25 10:17:32] [32minfo[39m: dma409l7q
[2026-01-25 10:17:32] [32minfo[39m: DRjWUJtgCysBWbMC3neHCVDAGzo
[2026-01-25 10:17:43] [32minfo[39m: hi inside the multer
[2026-01-25 10:17:43] [32minfo[39m: 698139445174944
[2026-01-25 10:17:43] [32minfo[39m: dma409l7q
[2026-01-25 10:17:43] [32minfo[39m: DRjWUJtgCysBWbMC3neHCVDAGzo
[2026-01-25 10:17:46] [32minfo[39m: hi inside the multer
[2026-01-25 10:17:46] [32minfo[39m: 698139445174944
[2026-01-25 10:17:46] [32minfo[39m: dma409l7q
[2026-01-25 10:17:46] [32minfo[39m: DRjWUJtgCysBWbMC3neHCVDAGzo
[2026-01-25 10:17:49] [32minfo[39m: hi inside the multer
[2026-01-25 10:17:49] [32minfo[39m: 698139445174944
[2026-01-25 10:17:49] [32minfo[39m: dma409l7q
[2026-01-25 10:17:49] [32minfo[39m: DRjWUJtgCysBWbMC3neHCVDAGzo
[2026-01-25 10:17:53] [32minfo[39m: hi inside the multer
[2026-01-25 10:17:53] [32minfo[39m: 698139445174944
[2026-01-25 10:17:53] [32minfo[39m: dma409l7q
[2026-01-25 10:17:53] [32minfo[39m: DRjWUJtgCysBWbMC3neHCVDAGzo
[2026-01-25 10:17:55] [32minfo[39m: hi inside the multer
[2026-01-25 10:17:55] [32minfo[39m: 698139445174944
[2026-01-25 10:17:55] [32minfo[39m: dma409l7q
[2026-01-25 10:17:55] [32minfo[39m: DRjWUJtgCysBWbMC3neHCVDAGzo
[2026-01-25 10:17:57] [32minfo[39m: hi inside the multer
[2026-01-25 10:17:57] [32minfo[39m: 698139445174944
[2026-01-25 10:17:57] [32minfo[39m: dma409l7q
[2026-01-25 10:17:57] [32minfo[39m: DRjWUJtgCysBWbMC3neHCVDAGzo
[2026-01-25 10:17:59] [32minfo[39m: connected to mongodb atlas
[2026-01-25 10:18:06] [32minfo[39m: hi inside the multer
[2026-01-25 10:18:06] [32minfo[39m: 698139445174944
[2026-01-25 10:18:06] [32minfo[39m: dma409l7q
[2026-01-25 10:18:06] [32minfo[39m: DRjWUJtgCysBWbMC3neHCVDAGzo
[2026-01-25 10:18:12] [32minfo[39m: hi inside the multer
[2026-01-25 10:18:12] [32minfo[39m: 698139445174944
[2026-01-25 10:18:12] [32minfo[39m: dma409l7q
[2026-01-25 10:18:12] [32minfo[39m: DRjWUJtgCysBWbMC3neHCVDAGzo
[2026-01-25 10:18:15] [32minfo[39m: hi inside the multer
[2026-01-25 10:18:15] [32minfo[39m: 698139445174944
[2026-01-25 10:18:15] [32minfo[39m: dma409l7q
[2026-01-25 10:18:15] [32minfo[39m: DRjWUJtgCysBWbMC3neHCVDAGzo
[2026-01-25 10:18:16] [32minfo[39m: connected to mongodb atlas
[2026-01-25 10:18:22] [32minfo[39m: hi inside the multer
[2026-01-25 10:18:22] [32minfo[39m: 698139445174944
[2026-01-25 10:18:22] [32minfo[39m: dma409l7q
[2026-01-25 10:18:22] [32minfo[39m: DRjWUJtgCysBWbMC3neHCVDAGzo
[2026-01-25 10:18:23] [32minfo[39m: connected to mongodb atlas
[2026-01-25 10:18:25] [32minfo[39m: hi inside the multer
[2026-01-25 10:18:25] [32minfo[39m: 698139445174944
[2026-01-25 10:18:25] [32minfo[39m: dma409l7q
[2026-01-25 10:18:25] [32minfo[39m: DRjWUJtgCysBWbMC3neHCVDAGzo
[2026-01-25 10:18:26] [32minfo[39m: hi inside the multer
[2026-01-25 10:18:26] [32minfo[39m: 698139445174944
[2026-01-25 10:18:26] [32minfo[39m: dma409l7q
[2026-01-25 10:18:26] [32minfo[39m: DRjWUJtgCysBWbMC3neHCVDAGzo
[2026-01-25 10:18:28] [32minfo[39m: hi inside the multer
[2026-01-25 10:18:28] [32minfo[39m: 698139445174944
[2026-01-25 10:18:28] [32minfo[39m: dma409l7q
[2026-01-25 10:18:28] [32minfo[39m: DRjWUJtgCysBWbMC3neHCVDAGzo
[2026-01-25 10:18:36] [32minfo[39m: hi inside the multer
[2026-01-25 10:18:36] [32minfo[39m: 698139445174944
[2026-01-25 10:18:36] [32minfo[39m: dma409l7q
[2026-01-25 10:18:36] [32minfo[39m: DRjWUJtgCysBWbMC3neHCVDAGzo
[2026-01-25 10:18:37] [32minfo[39m: hi inside the multer
[2026-01-25 10:18:37] [32minfo[39m: 698139445174944
[2026-01-25 10:18:37] [32minfo[39m: dma409l7q
[2026-01-25 10:18:37] [32minfo[39m: DRjWUJtgCysBWbMC3neHCVDAGzo
[2026-01-25 10:18:43] [32minfo[39m: hi inside the multer
[2026-01-25 10:18:43] [32minfo[39m: 698139445174944
[2026-01-25 10:18:43] [32minfo[39m: dma409l7q
[2026-01-25 10:18:43] [32minfo[39m: DRjWUJtgCysBWbMC3neHCVDAGzo
[2026-01-25 10:18:45] [32minfo[39m: connected to mongodb atlas
[2026-01-25 10:18:52] [32minfo[39m: hi inside the multer
[2026-01-25 10:18:52] [32minfo[39m: 698139445174944
[2026-01-25 10:18:52] [32minfo[39m: dma409l7q
[2026-01-25 10:18:52] [32minfo[39m: DRjWUJtgCysBWbMC3neHCVDAGzo
[2026-01-25 10:18:53] [32minfo[39m: connected to mongodb atlas
[2026-01-25 10:25:22] [32minfo[39m: GET /admin/categories 302 41 - 186.206 ms
[2026-01-25 10:25:22] [32minfo[39m: GET /admin/login 200 3335 - 10.642 ms
[2026-01-25 10:25:22] [32minfo[39m: GET /css/admin/login.css 200 4353 - 4.687 ms
[2026-01-25 10:25:22] [32minfo[39m: GET /img/admin-weaver.jpg 200 36006 - 3.510 ms
[2026-01-25 10:25:42] [32minfo[39m: Admin logged in successfully.
[2026-01-25 10:25:42] [32minfo[39m: POST /admin/login 302 45 - 259.784 ms
[2026-01-25 10:25:42] [32minfo[39m: GET /admin/dashboard 200 36681 - 91.911 ms
[2026-01-25 10:25:42] [32minfo[39m: GET /css/admin/admin.css 200 19507 - 2.818 ms
[2026-01-25 10:25:42] [32minfo[39m: GET /css/admin/dashboard.css 200 2698 - 3.334 ms
[2026-01-25 10:25:42] [32minfo[39m: GET /img/admin/logo.jpg 200 26279 - 2.171 ms
[2026-01-25 10:25:42] [32minfo[39m: GET /img/admin/admin-avatar.jpg 200 114439 - 2.594 ms
[2026-01-25 10:25:43] [32minfo[39m: Fetching top products
[2026-01-25 10:25:43] [32minfo[39m: Fetching dashboard stats
[2026-01-25 10:25:43] [32minfo[39m: Fetching sales chart data
[2026-01-25 10:25:43] [32minfo[39m: Sales data processed successfully
[2026-01-25 10:25:43] [32minfo[39m: Sales chart data delivered successfully
[2026-01-25 10:25:43] [32minfo[39m: GET /admin/api/sales-data 200 179 - 384.749 ms
[2026-01-25 10:25:43] [32minfo[39m: Top products delivered successfully
[2026-01-25 10:25:43] [32minfo[39m: GET /admin/api/top-products?page=1&limit=4 200 30 - 485.940 ms
[2026-01-25 10:25:44] [32minfo[39m: Dashboard stats calculated
[2026-01-25 10:25:44] [32minfo[39m: Dashboard stats delivered successfully
[2026-01-25 10:25:44] [32minfo[39m: GET /admin/api/stats 200 63 - 649.857 ms
[2026-01-25 10:25:49] [32minfo[39m: GET /css/admin/admin.css 200 19507 - 3.697 ms
[2026-01-25 10:25:49] [32minfo[39m: GET /css/admin/dashboard.css 200 2698 - 4.083 ms
[2026-01-25 10:25:49] [32minfo[39m: GET /.well-known/appspecific/com.chrome.devtools.json 404 7371 - 8.761 ms
[2026-01-25 10:25:55] [32minfo[39m: GET /admin/categories 200 25575 - 392.962 ms
[2026-01-25 10:25:55] [32minfo[39m: GET /css/admin/admin.css 200 19507 - 2.998 ms
[2026-01-25 10:25:55] [32minfo[39m: GET /img/admin/logo.jpg 200 26279 - 4.628 ms
[2026-01-25 10:25:55] [32minfo[39m: GET /.well-known/appspecific/com.chrome.devtools.json 404 7371 - 2.728 ms
[2026-01-25 10:25:55] [32minfo[39m: GET /img/admin/admin-avatar.jpg 200 114439 - 8.544 ms
[2026-01-25 10:25:55] [32minfo[39m: GET /css/admin/category.css 200 12433 - 1.500 ms
[2026-01-25 10:26:35] [33mwarn[39m: validation error at/admin/addCategory
[2026-01-25 10:26:35] [33mwarn[39m: Method:POST
[2026-01-25 10:26:35] [33mwarn[39m: Errors: [
  "\"isActive\" is not allowed"
]
[2026-01-25 10:26:35] [33mwarn[39m: Payload: {
  "name": "maheshwari",
  "description": "demo",
  "isActive": "true"
}
[2026-01-25 10:26:35] [32minfo[39m: POST /admin/addCategory 400 34 - 8638.145 ms
[2026-01-25 10:26:38] [32minfo[39m: GET /css/admin/admin.css 200 19507 - 1.758 ms
[2026-01-25 10:26:38] [32minfo[39m: GET /css/admin/category.css 200 12433 - 1.868 ms
[2026-01-25 10:26:38] [32minfo[39m: GET /.well-known/appspecific/com.chrome.devtools.json 404 7371 - 3.722 ms
[2026-01-25 10:26:39] [33mwarn[39m: validation error at/admin/addCategory
[2026-01-25 10:26:39] [33mwarn[39m: Method:POST
[2026-01-25 10:26:39] [33mwarn[39m: Errors: [
  "\"isActive\" is not allowed"
]
[2026-01-25 10:26:39] [33mwarn[39m: Payload: {
  "name": "maheshwari",
  "description": "demo",
  "isActive": "true"
}
[2026-01-25 10:26:39] [32minfo[39m: POST /admin/addCategory 400 34 - 7359.940 ms
[2026-01-25 10:26:47] [33mwarn[39m: validation error at/admin/addCategory
[2026-01-25 10:26:47] [33mwarn[39m: Method:POST
[2026-01-25 10:26:47] [33mwarn[39m: Errors: [
  "\"isActive\" is not allowed"
]
[2026-01-25 10:26:47] [33mwarn[39m: Payload: {
  "name": "maheshwari",
  "description": "demo",
  "isActive": "true"
}
[2026-01-25 10:26:47] [32minfo[39m: POST /admin/addCategory 400 34 - 3005.162 ms
[2026-01-25 10:32:40] [32minfo[39m: hi inside the multer
[2026-01-25 10:32:40] [32minfo[39m: 698139445174944
[2026-01-25 10:32:40] [32minfo[39m: dma409l7q
[2026-01-25 10:32:40] [32minfo[39m: DRjWUJtgCysBWbMC3neHCVDAGzo
[2026-01-25 10:32:42] [32minfo[39m: connected to mongodb atlas
[2026-01-25 10:35:27] [32minfo[39m: hi inside the multer
[2026-01-25 10:35:27] [32minfo[39m: 698139445174944
[2026-01-25 10:35:27] [32minfo[39m: dma409l7q
[2026-01-25 10:35:27] [32minfo[39m: DRjWUJtgCysBWbMC3neHCVDAGzo
[2026-01-25 10:35:30] [32minfo[39m: hi inside the multer
[2026-01-25 10:35:30] [32minfo[39m: 698139445174944
[2026-01-25 10:35:30] [32minfo[39m: dma409l7q
[2026-01-25 10:35:30] [32minfo[39m: DRjWUJtgCysBWbMC3neHCVDAGzo
[2026-01-25 10:35:43] [32minfo[39m: hi inside the multer
[2026-01-25 10:35:43] [32minfo[39m: 698139445174944
[2026-01-25 10:35:43] [32minfo[39m: dma409l7q
[2026-01-25 10:35:43] [32minfo[39m: DRjWUJtgCysBWbMC3neHCVDAGzo
[2026-01-25 10:35:47] [32minfo[39m: hi inside the multer
[2026-01-25 10:35:47] [32minfo[39m: 698139445174944
[2026-01-25 10:35:47] [32minfo[39m: dma409l7q
[2026-01-25 10:35:47] [32minfo[39m: DRjWUJtgCysBWbMC3neHCVDAGzo
[2026-01-25 10:35:50] [32minfo[39m: hi inside the multer
[2026-01-25 10:35:50] [32minfo[39m: 698139445174944
[2026-01-25 10:35:50] [32minfo[39m: dma409l7q
[2026-01-25 10:35:50] [32minfo[39m: DRjWUJtgCysBWbMC3neHCVDAGzo
[2026-01-25 10:35:59] [32minfo[39m: hi inside the multer
[2026-01-25 10:35:59] [32minfo[39m: 698139445174944
[2026-01-25 10:35:59] [32minfo[39m: dma409l7q
[2026-01-25 10:35:59] [32minfo[39m: DRjWUJtgCysBWbMC3neHCVDAGzo
[2026-01-25 10:36:00] [32minfo[39m: hi inside the multer
[2026-01-25 10:36:00] [32minfo[39m: 698139445174944
[2026-01-25 10:36:00] [32minfo[39m: dma409l7q
[2026-01-25 10:36:00] [32minfo[39m: DRjWUJtgCysBWbMC3neHCVDAGzo
[2026-01-25 10:36:07] [32minfo[39m: hi inside the multer
[2026-01-25 10:36:07] [32minfo[39m: 698139445174944
[2026-01-25 10:36:07] [32minfo[39m: dma409l7q
[2026-01-25 10:36:07] [32minfo[39m: DRjWUJtgCysBWbMC3neHCVDAGzo
[2026-01-25 10:36:09] [32minfo[39m: connected to mongodb atlas
[2026-01-25 10:37:01] [32minfo[39m: hi inside the multer
[2026-01-25 10:37:01] [32minfo[39m: 698139445174944
[2026-01-25 10:37:01] [32minfo[39m: dma409l7q
[2026-01-25 10:37:01] [32minfo[39m: DRjWUJtgCysBWbMC3neHCVDAGzo
[2026-01-25 10:37:02] [32minfo[39m: connected to mongodb atlas
[2026-01-25 10:38:32] [32minfo[39m: hi inside the multer
[2026-01-25 10:38:32] [32minfo[39m: 698139445174944
[2026-01-25 10:38:32] [32minfo[39m: dma409l7q
[2026-01-25 10:38:32] [32minfo[39m: DRjWUJtgCysBWbMC3neHCVDAGzo
[2026-01-25 10:38:34] [32minfo[39m: connected to mongodb atlas
[2026-01-25 10:38:36] [32minfo[39m: hi inside the multer
[2026-01-25 10:38:36] [32minfo[39m: 698139445174944
[2026-01-25 10:38:36] [32minfo[39m: dma409l7q
[2026-01-25 10:38:36] [32minfo[39m: DRjWUJtgCysBWbMC3neHCVDAGzo
[2026-01-25 10:38:37] [32minfo[39m: connected to mongodb atlas
[2026-01-25 10:38:48] [32minfo[39m: hi inside the multer
[2026-01-25 10:38:48] [32minfo[39m: 698139445174944
[2026-01-25 10:38:48] [32minfo[39m: dma409l7q
[2026-01-25 10:38:48] [32minfo[39m: DRjWUJtgCysBWbMC3neHCVDAGzo
[2026-01-25 10:38:49] [32minfo[39m: connected to mongodb atlas
[2026-01-25 10:38:55] [32minfo[39m: hi inside the multer
[2026-01-25 10:38:55] [32minfo[39m: 698139445174944
[2026-01-25 10:38:55] [32minfo[39m: dma409l7q
[2026-01-25 10:38:55] [32minfo[39m: DRjWUJtgCysBWbMC3neHCVDAGzo
[2026-01-25 10:38:57] [32minfo[39m: connected to mongodb atlas
[2026-01-25 10:39:03] [32minfo[39m: hi inside the multer
[2026-01-25 10:39:03] [32minfo[39m: 698139445174944
[2026-01-25 10:39:03] [32minfo[39m: dma409l7q
[2026-01-25 10:39:03] [32minfo[39m: DRjWUJtgCysBWbMC3neHCVDAGzo
[2026-01-25 10:39:07] [32minfo[39m: hi inside the multer
[2026-01-25 10:39:07] [32minfo[39m: 698139445174944
[2026-01-25 10:39:07] [32minfo[39m: dma409l7q
[2026-01-25 10:39:07] [32minfo[39m: DRjWUJtgCysBWbMC3neHCVDAGzo
[2026-01-25 10:39:09] [32minfo[39m: hi inside the multer
[2026-01-25 10:39:09] [32minfo[39m: 698139445174944
[2026-01-25 10:39:09] [32minfo[39m: dma409l7q
[2026-01-25 10:39:09] [32minfo[39m: DRjWUJtgCysBWbMC3neHCVDAGzo
[2026-01-25 10:39:10] [32minfo[39m: hi inside the multer
[2026-01-25 10:39:10] [32minfo[39m: 698139445174944
[2026-01-25 10:39:10] [32minfo[39m: dma409l7q
[2026-01-25 10:39:10] [32minfo[39m: DRjWUJtgCysBWbMC3neHCVDAGzo
[2026-01-25 10:39:12] [32minfo[39m: hi inside the multer
[2026-01-25 10:39:12] [32minfo[39m: 698139445174944
[2026-01-25 10:39:12] [32minfo[39m: dma409l7q
[2026-01-25 10:39:12] [32minfo[39m: DRjWUJtgCysBWbMC3neHCVDAGzo
[2026-01-25 10:39:15] [32minfo[39m: hi inside the multer
[2026-01-25 10:39:15] [32minfo[39m: 698139445174944
[2026-01-25 10:39:15] [32minfo[39m: dma409l7q
[2026-01-25 10:39:15] [32minfo[39m: DRjWUJtgCysBWbMC3neHCVDAGzo
[2026-01-25 10:39:16] [32minfo[39m: hi inside the multer
[2026-01-25 10:39:16] [32minfo[39m: 698139445174944
[2026-01-25 10:39:16] [32minfo[39m: dma409l7q
[2026-01-25 10:39:16] [32minfo[39m: DRjWUJtgCysBWbMC3neHCVDAGzo
[2026-01-25 10:39:18] [32minfo[39m: connected to mongodb atlas
[2026-01-25 10:39:50] [32minfo[39m: GET /admin/categories 302 41 - 112.745 ms
[2026-01-25 10:39:51] [32minfo[39m: GET /admin/login 200 3335 - 5.776 ms
[2026-01-25 10:39:51] [32minfo[39m: GET /css/admin/login.css 200 4353 - 3.840 ms
[2026-01-25 10:39:51] [32minfo[39m: GET /img/admin-weaver.jpg 200 36006 - 1.994 ms
[2026-01-25 10:39:51] [32minfo[39m: GET /.well-known/appspecific/com.chrome.devtools.json 404 7371 - 6.734 ms
[2026-01-25 10:40:10] [32minfo[39m: Admin logged in successfully.
[2026-01-25 10:40:10] [32minfo[39m: POST /admin/login 302 45 - 221.642 ms
[2026-01-25 10:40:10] [32minfo[39m: GET /admin/dashboard 200 36681 - 61.436 ms
[2026-01-25 10:40:10] [32minfo[39m: GET /css/admin/dashboard.css 200 2698 - 1.457 ms
[2026-01-25 10:40:10] [32minfo[39m: GET /css/admin/admin.css 200 19507 - 2.724 ms
[2026-01-25 10:40:10] [32minfo[39m: GET /img/admin/logo.jpg 200 26279 - 1.754 ms
[2026-01-25 10:40:10] [32minfo[39m: GET /img/admin/admin-avatar.jpg 200 114439 - 2.069 ms
[2026-01-25 10:40:16] [32minfo[39m: Fetching top products
[2026-01-25 10:40:16] [32minfo[39m: Fetching sales chart data
[2026-01-25 10:40:16] [32minfo[39m: Fetching dashboard stats
[2026-01-25 10:40:16] [32minfo[39m: Sales data processed successfully
[2026-01-25 10:40:16] [32minfo[39m: Sales chart data delivered successfully
[2026-01-25 10:40:16] [32minfo[39m: GET /admin/api/sales-data 200 179 - 285.962 ms
[2026-01-25 10:40:16] [32minfo[39m: Top products delivered successfully
[2026-01-25 10:40:16] [32minfo[39m: GET /admin/api/top-products?page=1&limit=4 200 30 - 358.050 ms
[2026-01-25 10:40:16] [32minfo[39m: Dashboard stats calculated
[2026-01-25 10:40:16] [32minfo[39m: Dashboard stats delivered successfully
[2026-01-25 10:40:16] [32minfo[39m: GET /admin/api/stats 200 63 - 593.643 ms
[2026-01-25 10:40:35] [32minfo[39m: GET /admin/categories 200 25575 - 293.827 ms
[2026-01-25 10:40:35] [32minfo[39m: GET /css/admin/admin.css 200 19507 - 8.914 ms
[2026-01-25 10:40:35] [32minfo[39m: GET /img/admin/logo.jpg 200 26279 - 28.997 ms
[2026-01-25 10:40:35] [32minfo[39m: GET /img/admin/admin-avatar.jpg 200 114439 - 28.528 ms
[2026-01-25 10:40:35] [32minfo[39m: GET /css/admin/category.css 200 12433 - 18.383 ms
[2026-01-25 10:41:02] [32minfo[39m: New category added: maheshwari
[2026-01-25 10:41:02] [32minfo[39m: POST /admin/addCategory 201 454 - 8345.726 ms
[2026-01-25 10:41:03] [32minfo[39m: GET /admin/categories 200 26472 - 237.622 ms
[2026-01-25 10:41:03] [32minfo[39m: GET /css/admin/admin.css 200 19507 - 6.868 ms
[2026-01-25 10:41:03] [32minfo[39m: GET /img/admin/admin-avatar.jpg 200 114439 - 7.979 ms
[2026-01-25 10:41:03] [32minfo[39m: GET /img/admin/logo.jpg 200 26279 - 10.726 ms
[2026-01-25 10:41:03] [32minfo[39m: GET /css/admin/category.css 200 12433 - 5.517 ms
[2026-01-25 10:41:06] [32minfo[39m: POST /admin/addCategory - - - - ms
[2026-01-25 10:41:12] [32minfo[39m: GET /admin/categories/6975a5e6ef009e0726a7326e/details 200 441 - 139.193 ms
[2026-01-25 10:41:21] [32minfo[39m: GET /admin/categories/6975a5e6ef009e0726a7326e/details 200 441 - 262.025 ms
[2026-01-25 10:42:24] [33mwarn[39m: validation error at/admin/categories/6975a5e6ef009e0726a7326e/update
[2026-01-25 10:42:24] [33mwarn[39m: Method:PUT
[2026-01-25 10:42:24] [33mwarn[39m: Errors: [
  "\"name\" is not allowed",
  "\"description\" is not allowed",
  "\"isActive\" is not allowed"
]
[2026-01-25 10:42:24] [33mwarn[39m: Payload: {
  "name": "maheshwarii",
  "description": "demo edit",
  "isActive": "true",
  "id": "6975a5e6ef009e0726a7326e"
}
[2026-01-25 10:42:24] [32minfo[39m: PUT /admin/categories/6975a5e6ef009e0726a7326e/update 400 34 - 7124.943 ms
[2026-01-25 10:42:29] [33mwarn[39m: validation error at/admin/categories/6975a5e6ef009e0726a7326e/update
[2026-01-25 10:42:29] [33mwarn[39m: Method:PUT
[2026-01-25 10:42:29] [33mwarn[39m: Errors: [
  "\"name\" is not allowed",
  "\"description\" is not allowed",
  "\"isActive\" is not allowed"
]
[2026-01-25 10:42:29] [33mwarn[39m: Payload: {
  "name": "maheshwarii",
  "description": "demo edit",
  "isActive": "true",
  "id": "6975a5e6ef009e0726a7326e"
}
[2026-01-25 10:42:29] [32minfo[39m: PUT /admin/categories/6975a5e6ef009e0726a7326e/update 400 34 - 6555.547 ms
[2026-01-25 10:50:21] [32minfo[39m: hi inside the multer
[2026-01-25 10:50:21] [32minfo[39m: 698139445174944
[2026-01-25 10:50:21] [32minfo[39m: dma409l7q
[2026-01-25 10:50:21] [32minfo[39m: DRjWUJtgCysBWbMC3neHCVDAGzo
[2026-01-25 10:50:23] [32minfo[39m: connected to mongodb atlas
[2026-01-25 10:50:45] [32minfo[39m: hi inside the multer
[2026-01-25 10:50:45] [32minfo[39m: 698139445174944
[2026-01-25 10:50:45] [32minfo[39m: dma409l7q
[2026-01-25 10:50:45] [32minfo[39m: DRjWUJtgCysBWbMC3neHCVDAGzo
[2026-01-25 10:51:16] [32minfo[39m: hi inside the multer
[2026-01-25 10:51:16] [32minfo[39m: 698139445174944
[2026-01-25 10:51:16] [32minfo[39m: dma409l7q
[2026-01-25 10:51:16] [32minfo[39m: DRjWUJtgCysBWbMC3neHCVDAGzo
[2026-01-25 10:51:27] [32minfo[39m: hi inside the multer
[2026-01-25 10:51:27] [32minfo[39m: 698139445174944
[2026-01-25 10:51:27] [32minfo[39m: dma409l7q
[2026-01-25 10:51:27] [32minfo[39m: DRjWUJtgCysBWbMC3neHCVDAGzo
[2026-01-25 10:51:29] [32minfo[39m: connected to mongodb atlas
[2026-01-25 10:52:26] [32minfo[39m: hi inside the multer
[2026-01-25 10:52:26] [32minfo[39m: 698139445174944
[2026-01-25 10:52:26] [32minfo[39m: dma409l7q
[2026-01-25 10:52:26] [32minfo[39m: DRjWUJtgCysBWbMC3neHCVDAGzo
[2026-01-25 10:52:28] [32minfo[39m: connected to mongodb atlas
[2026-01-25 10:54:56] [32minfo[39m: hi inside the multer
[2026-01-25 10:54:56] [32minfo[39m: 698139445174944
[2026-01-25 10:54:56] [32minfo[39m: dma409l7q
[2026-01-25 10:54:56] [32minfo[39m: DRjWUJtgCysBWbMC3neHCVDAGzo
[2026-01-25 10:54:58] [32minfo[39m: connected to mongodb atlas
[2026-01-25 10:57:18] [32minfo[39m: hi inside the multer
[2026-01-25 10:57:18] [32minfo[39m: 698139445174944
[2026-01-25 10:57:18] [32minfo[39m: dma409l7q
[2026-01-25 10:57:18] [32minfo[39m: DRjWUJtgCysBWbMC3neHCVDAGzo
[2026-01-25 10:57:21] [32minfo[39m: connected to mongodb atlas
[2026-01-25 10:57:25] [32minfo[39m: GET /admin/categories 302 41 - 160.164 ms
[2026-01-25 10:57:25] [32minfo[39m: GET /admin/login 200 3335 - 9.284 ms
[2026-01-25 10:57:25] [32minfo[39m: GET /css/admin/login.css 200 4353 - 5.119 ms
[2026-01-25 10:57:25] [32minfo[39m: GET /img/admin-weaver.jpg 200 36006 - 16.774 ms
[2026-01-25 10:57:34] [32minfo[39m: Admin logged in successfully.
[2026-01-25 10:57:34] [32minfo[39m: POST /admin/login 302 45 - 334.372 ms
[2026-01-25 10:57:34] [32minfo[39m: GET /admin/dashboard 200 36681 - 136.358 ms
[2026-01-25 10:57:34] [32minfo[39m: GET /css/admin/admin.css 200 19507 - 6.901 ms
[2026-01-25 10:57:34] [32minfo[39m: GET /css/admin/dashboard.css 200 2698 - 16.569 ms
[2026-01-25 10:57:34] [32minfo[39m: GET /img/admin/logo.jpg 200 26279 - 16.386 ms
[2026-01-25 10:57:34] [32minfo[39m: GET /img/admin/admin-avatar.jpg 200 114439 - 36.452 ms
[2026-01-25 10:57:35] [32minfo[39m: Fetching dashboard stats
[2026-01-25 10:57:35] [32minfo[39m: Fetching sales chart data
[2026-01-25 10:57:35] [32minfo[39m: Fetching top products
[2026-01-25 10:57:35] [32minfo[39m: Sales data processed successfully
[2026-01-25 10:57:35] [32minfo[39m: Sales chart data delivered successfully
[2026-01-25 10:57:35] [32minfo[39m: GET /admin/api/sales-data 200 179 - 287.752 ms
[2026-01-25 10:57:35] [32minfo[39m: Top products delivered successfully
[2026-01-25 10:57:35] [32minfo[39m: GET /admin/api/top-products?page=1&limit=4 200 30 - 395.757 ms
[2026-01-25 10:57:35] [32minfo[39m: Dashboard stats calculated
[2026-01-25 10:57:35] [32minfo[39m: Dashboard stats delivered successfully
[2026-01-25 10:57:35] [32minfo[39m: GET /admin/api/stats 200 63 - 628.421 ms
[2026-01-25 10:57:41] [32minfo[39m: GET /css/admin/admin.css 200 19507 - 3.756 ms
[2026-01-25 10:57:41] [32minfo[39m: GET /css/admin/dashboard.css 200 2698 - 2.611 ms
[2026-01-25 10:57:41] [32minfo[39m: GET /.well-known/appspecific/com.chrome.devtools.json 404 7371 - 6.064 ms
[2026-01-25 10:57:43] [32minfo[39m: GET /admin/categories 200 26472 - 271.988 ms
[2026-01-25 10:57:43] [32minfo[39m: GET /.well-known/appspecific/com.chrome.devtools.json 404 7371 - 6.036 ms
[2026-01-25 10:57:43] [32minfo[39m: GET /css/admin/admin.css 200 19507 - 20.284 ms
[2026-01-25 10:57:43] [32minfo[39m: GET /img/admin/logo.jpg 200 26279 - 16.851 ms
[2026-01-25 10:57:43] [32minfo[39m: GET /img/admin/admin-avatar.jpg 200 114439 - 13.995 ms
[2026-01-25 10:57:43] [32minfo[39m: GET /css/admin/category.css 200 12433 - 10.660 ms
[2026-01-25 10:57:48] [32minfo[39m: GET /admin/categories/6975a5e6ef009e0726a7326e/details 200 441 - 328.653 ms
[2026-01-25 10:58:14] [33mwarn[39m: validation error at/admin/categories/6975a5e6ef009e0726a7326e/update
[2026-01-25 10:58:14] [33mwarn[39m: Method:PUT
[2026-01-25 10:58:14] [33mwarn[39m: Errors: [
  "\"id\" is not allowed"
]
[2026-01-25 10:58:14] [33mwarn[39m: Payload: {
  "name": "maheshwariii",
  "description": "demo edit",
  "isActive": "true",
  "id": "6975a5e6ef009e0726a7326e"
}
[2026-01-25 10:58:14] [32minfo[39m: PUT /admin/categories/6975a5e6ef009e0726a7326e/update 400 34 - 4810.204 ms
[2026-01-25 10:58:16] [33mwarn[39m: validation error at/admin/categories/6975a5e6ef009e0726a7326e/update
[2026-01-25 10:58:16] [33mwarn[39m: Method:PUT
[2026-01-25 10:58:16] [33mwarn[39m: Errors: [
  "\"id\" is not allowed"
]
[2026-01-25 10:58:16] [33mwarn[39m: Payload: {
  "name": "maheshwariii",
  "description": "demo edit",
  "isActive": "true",
  "id": "6975a5e6ef009e0726a7326e"
}
[2026-01-25 10:58:16] [32minfo[39m: PUT /admin/categories/6975a5e6ef009e0726a7326e/update 400 34 - 5050.877 ms
[2026-01-25 11:01:02] [32minfo[39m: hi inside the multer
[2026-01-25 11:01:02] [32minfo[39m: 698139445174944
[2026-01-25 11:01:02] [32minfo[39m: dma409l7q
[2026-01-25 11:01:02] [32minfo[39m: DRjWUJtgCysBWbMC3neHCVDAGzo
[2026-01-25 11:01:05] [32minfo[39m: connected to mongodb atlas
[2026-01-25 11:01:24] [32minfo[39m: GET /admin/categories 302 41 - 157.773 ms
[2026-01-25 11:01:24] [32minfo[39m: GET /admin/login 200 3335 - 8.604 ms
[2026-01-25 11:01:24] [32minfo[39m: GET /css/admin/login.css 200 4353 - 3.717 ms
[2026-01-25 11:01:24] [32minfo[39m: GET /img/admin-weaver.jpg 200 36006 - 7.227 ms
[2026-01-25 11:01:42] [32minfo[39m: Admin logged in successfully.
[2026-01-25 11:01:42] [32minfo[39m: POST /admin/login 302 45 - 238.025 ms
[2026-01-25 11:01:42] [32minfo[39m: GET /admin/dashboard 200 36681 - 92.378 ms
[2026-01-25 11:01:42] [32minfo[39m: GET /css/admin/admin.css 200 19507 - 3.383 ms
[2026-01-25 11:01:42] [32minfo[39m: GET /css/admin/dashboard.css 200 2698 - 1.647 ms
[2026-01-25 11:01:42] [32minfo[39m: GET /img/admin/logo.jpg 200 26279 - 4.441 ms
[2026-01-25 11:01:42] [32minfo[39m: GET /img/admin/admin-avatar.jpg 200 114439 - 5.457 ms
[2026-01-25 11:01:43] [32minfo[39m: Fetching dashboard stats
[2026-01-25 11:01:43] [32minfo[39m: Fetching top products
[2026-01-25 11:01:43] [32minfo[39m: Fetching sales chart data
[2026-01-25 11:01:43] [32minfo[39m: Sales data processed successfully
[2026-01-25 11:01:43] [32minfo[39m: Sales chart data delivered successfully
[2026-01-25 11:01:43] [32minfo[39m: GET /admin/api/sales-data 200 179 - 194.687 ms
[2026-01-25 11:01:43] [32minfo[39m: Top products delivered successfully
[2026-01-25 11:01:43] [32minfo[39m: GET /admin/api/top-products?page=1&limit=4 200 30 - 271.945 ms
[2026-01-25 11:01:43] [32minfo[39m: Dashboard stats calculated
[2026-01-25 11:01:43] [32minfo[39m: Dashboard stats delivered successfully
[2026-01-25 11:01:43] [32minfo[39m: GET /admin/api/stats 200 63 - 463.008 ms
[2026-01-25 11:01:52] [32minfo[39m: GET /admin/categories 200 26472 - 337.594 ms
[2026-01-25 11:01:52] [32minfo[39m: GET /css/admin/admin.css 200 19507 - 8.227 ms
[2026-01-25 11:01:52] [32minfo[39m: GET /img/admin/logo.jpg 200 26279 - 14.878 ms
[2026-01-25 11:01:52] [32minfo[39m: GET /img/admin/admin-avatar.jpg 200 114439 - 13.031 ms
[2026-01-25 11:01:52] [32minfo[39m: GET /css/admin/category.css 200 12433 - 11.054 ms
[2026-01-25 11:01:57] [32minfo[39m: GET /admin/categories/6975a5e6ef009e0726a7326e/details 200 441 - 259.835 ms
[2026-01-25 11:02:33] [33mwarn[39m: validation error at/admin/categories/6975a5e6ef009e0726a7326e/update
[2026-01-25 11:02:33] [33mwarn[39m: Method:PUT
[2026-01-25 11:02:33] [33mwarn[39m: Errors: [
  "\"id\" is not allowed"
]
[2026-01-25 11:02:33] [33mwarn[39m: Payload: {
  "name": "maheshwariii",
  "description": "demo edit",
  "isActive": "true",
  "id": "6975a5e6ef009e0726a7326e"
}
[2026-01-25 11:02:33] [32minfo[39m: PUT /admin/categories/6975a5e6ef009e0726a7326e/update 400 34 - 7126.746 ms
[2026-01-25 11:03:18] [32minfo[39m: hi inside the multer
[2026-01-25 11:03:18] [32minfo[39m: 698139445174944
[2026-01-25 11:03:18] [32minfo[39m: dma409l7q
[2026-01-25 11:03:18] [32minfo[39m: DRjWUJtgCysBWbMC3neHCVDAGzo
[2026-01-25 11:03:21] [32minfo[39m: connected to mongodb atlas
[2026-01-25 11:03:25] [32minfo[39m: GET /admin 302 41 - 178.216 ms
[2026-01-25 11:03:25] [32minfo[39m: GET /admin/login 200 3335 - 12.649 ms
[2026-01-25 11:03:25] [32minfo[39m: GET /css/admin/login.css 200 4353 - 3.799 ms
[2026-01-25 11:03:25] [32minfo[39m: GET /img/admin-weaver.jpg 200 36006 - 2.131 ms
[2026-01-25 11:03:38] [32minfo[39m: Admin logged in successfully.
[2026-01-25 11:03:38] [32minfo[39m: POST /admin/login 302 45 - 364.370 ms
[2026-01-25 11:03:39] [32minfo[39m: GET /admin/dashboard 200 36681 - 170.240 ms
[2026-01-25 11:03:39] [32minfo[39m: GET /css/admin/admin.css 200 19507 - 3.925 ms
[2026-01-25 11:03:39] [32minfo[39m: GET /css/admin/dashboard.css 200 2698 - 5.752 ms
[2026-01-25 11:03:39] [32minfo[39m: GET /img/admin/logo.jpg 200 26279 - 4.242 ms
[2026-01-25 11:03:39] [32minfo[39m: GET /img/admin/admin-avatar.jpg 200 114439 - 4.146 ms
[2026-01-25 11:03:39] [32minfo[39m: Fetching top products
[2026-01-25 11:03:39] [32minfo[39m: Fetching dashboard stats
[2026-01-25 11:03:39] [32minfo[39m: Fetching sales chart data
[2026-01-25 11:03:39] [32minfo[39m: Sales data processed successfully
[2026-01-25 11:03:39] [32minfo[39m: Sales chart data delivered successfully
[2026-01-25 11:03:39] [32minfo[39m: GET /admin/api/sales-data 200 179 - 195.691 ms
[2026-01-25 11:03:40] [32minfo[39m: Top products delivered successfully
[2026-01-25 11:03:40] [32minfo[39m: GET /admin/api/top-products?page=1&limit=4 200 30 - 323.288 ms
[2026-01-25 11:03:40] [32minfo[39m: Dashboard stats calculated
[2026-01-25 11:03:40] [32minfo[39m: Dashboard stats delivered successfully
[2026-01-25 11:03:40] [32minfo[39m: GET /admin/api/stats 200 63 - 491.825 ms
[2026-01-25 11:03:45] [32minfo[39m: GET /admin/categories 200 26472 - 232.107 ms
[2026-01-25 11:03:45] [32minfo[39m: GET /css/admin/admin.css 200 19507 - 9.111 ms
[2026-01-25 11:03:45] [32minfo[39m: GET /img/admin/logo.jpg 200 26279 - 10.124 ms
[2026-01-25 11:03:45] [32minfo[39m: GET /img/admin/admin-avatar.jpg 200 114439 - 9.896 ms
[2026-01-25 11:03:45] [32minfo[39m: GET /css/admin/category.css 200 12433 - 3.248 ms
[2026-01-25 11:03:48] [32minfo[39m: GET /admin/categories/6975a5e6ef009e0726a7326e/details 200 441 - 378.798 ms
[2026-01-25 11:04:13] [33mwarn[39m: validation error at/admin/categories/6975a5e6ef009e0726a7326e/update
[2026-01-25 11:04:13] [33mwarn[39m: Method:PUT
[2026-01-25 11:04:13] [33mwarn[39m: Errors: [
  "\"id\" is not allowed"
]
[2026-01-25 11:04:13] [33mwarn[39m: Payload: {
  "name": "maheshwarii",
  "description": "demo edit",
  "isActive": "true",
  "id": "6975a5e6ef009e0726a7326e"
}
[2026-01-25 11:04:13] [32minfo[39m: PUT /admin/categories/6975a5e6ef009e0726a7326e/update 400 34 - 6597.814 ms
[2026-01-25 11:15:29] [32minfo[39m: GET /admin/categories 200 26481 - 263.075 ms
[2026-01-25 11:15:29] [32minfo[39m: GET /css/admin/admin.css 200 19507 - 3.968 ms
[2026-01-25 11:15:29] [32minfo[39m: GET /img/admin/logo.jpg 200 26279 - 25.239 ms
[2026-01-25 11:15:29] [32minfo[39m: GET /css/admin/category.css 200 12433 - 6.900 ms
[2026-01-25 11:15:29] [32minfo[39m: GET /img/admin/admin-avatar.jpg 200 114439 - 7.927 ms
[2026-01-25 11:15:32] [32minfo[39m: GET /admin/categories/6975a5e6ef009e0726a7326e/details 200 441 - 264.878 ms
[2026-01-25 11:15:58] [32minfo[39m: Category updated: maheshwariii
[2026-01-25 11:15:58] [32minfo[39m: PUT /admin/categories/6975a5e6ef009e0726a7326e/update 200 463 - 8218.928 ms
[2026-01-25 11:15:59] [32minfo[39m: GET /admin/categories 200 26490 - 266.419 ms
[2026-01-25 11:15:59] [32minfo[39m: GET /css/admin/admin.css 200 19507 - 25.382 ms
[2026-01-25 11:15:59] [32minfo[39m: GET /img/admin/admin-avatar.jpg 200 114439 - 13.308 ms
[2026-01-25 11:15:59] [32minfo[39m: GET /img/admin/logo.jpg 200 26279 - 17.430 ms
[2026-01-25 11:15:59] [32minfo[39m: GET /css/admin/category.css 200 12433 - 2.586 ms
[2026-01-25 11:18:17] [32minfo[39m: category deleted: maheshwariii
[2026-01-25 11:18:17] [32minfo[39m: DELETE /admin/categories/6975a5e6ef009e0726a7326e/delete 200 58 - 534.940 ms
[2026-01-25 11:18:17] [32minfo[39m: GET /admin/categories 200 25584 - 264.414 ms
[2026-01-25 11:18:17] [32minfo[39m: GET /css/admin/admin.css 200 19507 - 2.712 ms
[2026-01-25 11:18:18] [32minfo[39m: GET /img/admin/logo.jpg 200 26279 - 3.317 ms
[2026-01-25 11:18:18] [32minfo[39m: GET /img/admin/admin-avatar.jpg 200 114439 - 5.405 ms
[2026-01-25 11:18:18] [32minfo[39m: GET /css/admin/category.css 200 12433 - 4.371 ms
[2026-01-25 11:18:58] [32minfo[39m: New category added: maheshwari
[2026-01-25 11:18:58] [32minfo[39m: POST /admin/addCategory 201 454 - 8963.057 ms
[2026-01-25 11:18:58] [32minfo[39m: GET /admin/categories 200 26481 - 299.417 ms
[2026-01-25 11:18:58] [32minfo[39m: GET /css/admin/admin.css 200 19507 - 6.020 ms
[2026-01-25 11:18:58] [32minfo[39m: GET /img/admin/logo.jpg 200 26279 - 10.905 ms
[2026-01-25 11:18:58] [32minfo[39m: GET /img/admin/admin-avatar.jpg 200 114439 - 12.020 ms
[2026-01-25 11:18:58] [32minfo[39m: GET /css/admin/category.css 200 12433 - 2.777 ms
[2026-01-25 11:19:10] [32minfo[39m: GET /admin/products 200 32136 - 331.032 ms
[2026-01-25 11:19:10] [32minfo[39m: GET /css/admin/admin.css 200 19507 - 7.017 ms
[2026-01-25 11:19:10] [32minfo[39m: GET /img/admin/logo.jpg 200 26279 - 9.272 ms
[2026-01-25 11:19:10] [32minfo[39m: GET /img/admin/admin-avatar.jpg 200 114439 - 16.156 ms
[2026-01-25 11:19:10] [32minfo[39m: GET /css/admin/category.css 200 12433 - 3.929 ms
[2026-01-25 11:20:45] [32minfo[39m: GET /css/admin/admin.css 200 19507 - 5.728 ms
[2026-01-25 11:20:45] [32minfo[39m: GET /css/admin/category.css 200 12433 - 5.691 ms
[2026-01-25 11:20:45] [32minfo[39m: GET /.well-known/appspecific/com.chrome.devtools.json 404 7371 - 20.643 ms
[2026-01-25 11:20:49] [33mwarn[39m: validation error at/admin/addProducts
[2026-01-25 11:20:49] [33mwarn[39m: Method:POST
[2026-01-25 11:20:49] [33mwarn[39m: Errors: [
  "Invalid fields provided",
  "Invalid fields provided"
]
[2026-01-25 11:20:49] [33mwarn[39m: Payload: {
  "productName": "Bottle Green Maheshwari saree",
  "sku": "SKU-BOTTLE-GREEN-MAHESHWARI-SAREE",
  "category": "6975aeca1f67fd2730a9df51",
  "price": "1250",
  "stock": "5",
  "color": "green",
  "description": "demo",
  "isNewArrival": "false",
  "isActive": "true"
}
[2026-01-25 11:20:49] [32minfo[39m: POST /admin/addProducts 400 34 - 16690.682 ms
[2026-01-25 11:20:58] [33mwarn[39m: validation error at/admin/addProducts
[2026-01-25 11:20:58] [33mwarn[39m: Method:POST
[2026-01-25 11:20:58] [33mwarn[39m: Errors: [
  "Invalid fields provided",
  "Invalid fields provided"
]
[2026-01-25 11:20:58] [33mwarn[39m: Payload: {
  "productName": "Bottle Green Maheshwari saree",
  "sku": "SKU-BOTTLE-GREEN-MAHESHWARI-SAREE",
  "category": "6975aeca1f67fd2730a9df51",
  "price": "1250",
  "stock": "5",
  "color": "green",
  "description": "demo",
  "isNewArrival": "false",
  "isActive": "true"
}
[2026-01-25 11:20:58] [32minfo[39m: POST /admin/addProducts 400 34 - 16496.047 ms
[2026-01-25 11:21:01] [33mwarn[39m: validation error at/admin/addProducts
[2026-01-25 11:21:01] [33mwarn[39m: Method:POST
[2026-01-25 11:21:01] [33mwarn[39m: Errors: [
  "Invalid fields provided",
  "Invalid fields provided"
]
[2026-01-25 11:21:01] [33mwarn[39m: Payload: {
  "productName": "Bottle Green Maheshwari saree",
  "sku": "SKU-BOTTLE-GREEN-MAHESHWARI-SAREE",
  "category": "6975aeca1f67fd2730a9df51",
  "price": "1250",
  "stock": "5",
  "color": "green",
  "description": "demo",
  "isNewArrival": "false",
  "isActive": "true"
}
[2026-01-25 11:21:01] [32minfo[39m: POST /admin/addProducts 400 34 - 14358.721 ms
[2026-01-25 11:47:36] [32minfo[39m: hi inside the multer
[2026-01-25 11:47:36] [32minfo[39m: 698139445174944
[2026-01-25 11:47:36] [32minfo[39m: dma409l7q
[2026-01-25 11:47:36] [32minfo[39m: DRjWUJtgCysBWbMC3neHCVDAGzo
[2026-01-25 11:47:39] [32minfo[39m: connected to mongodb atlas
[2026-01-25 11:47:56] [32minfo[39m: GET /admin/products 302 41 - 164.473 ms
[2026-01-25 11:47:56] [32minfo[39m: GET /admin/login 200 3335 - 24.291 ms
[2026-01-25 11:47:56] [32minfo[39m: GET /img/admin-weaver.jpg 200 36006 - 7.773 ms
[2026-01-25 11:47:56] [32minfo[39m: GET /css/admin/login.css 200 4353 - 19.878 ms
[2026-01-25 11:47:56] [32minfo[39m: GET /.well-known/appspecific/com.chrome.devtools.json 404 7371 - 21.139 ms
[2026-01-25 11:48:13] [33mwarn[39m: Invalid password.
[2026-01-25 11:48:13] [32minfo[39m: POST /admin/login 302 41 - 276.116 ms
[2026-01-25 11:48:13] [32minfo[39m: GET /admin/login 200 3335 - 9.809 ms
[2026-01-25 11:48:13] [32minfo[39m: GET /css/admin/login.css 200 4353 - 7.345 ms
[2026-01-25 11:48:13] [32minfo[39m: GET /img/admin-weaver.jpg 200 36006 - 12.209 ms
[2026-01-25 11:48:22] [32minfo[39m: Admin logged in successfully.
[2026-01-25 11:48:22] [32minfo[39m: POST /admin/login 302 45 - 262.724 ms
[2026-01-25 11:48:22] [32minfo[39m: GET /admin/dashboard 200 36681 - 170.512 ms
[2026-01-25 11:48:23] [32minfo[39m: GET /img/admin/logo.jpg 200 26279 - 18.116 ms
[2026-01-25 11:48:23] [32minfo[39m: GET /css/admin/dashboard.css 200 2698 - 27.435 ms
[2026-01-25 11:48:23] [32minfo[39m: GET /css/admin/admin.css 200 19507 - 35.587 ms
[2026-01-25 11:48:23] [32minfo[39m: GET /img/admin/admin-avatar.jpg 200 114439 - 22.353 ms
[2026-01-25 11:48:23] [32minfo[39m: Fetching top products
[2026-01-25 11:48:23] [32minfo[39m: Fetching dashboard stats
[2026-01-25 11:48:23] [32minfo[39m: Fetching sales chart data
[2026-01-25 11:48:23] [32minfo[39m: Sales data processed successfully
[2026-01-25 11:48:23] [32minfo[39m: Sales chart data delivered successfully
[2026-01-25 11:48:23] [32minfo[39m: GET /admin/api/sales-data 200 179 - 224.659 ms
[2026-01-25 11:48:23] [32minfo[39m: Top products delivered successfully
[2026-01-25 11:48:23] [32minfo[39m: GET /admin/api/top-products?page=1&limit=4 200 30 - 332.934 ms
[2026-01-25 11:48:23] [32minfo[39m: Dashboard stats calculated
[2026-01-25 11:48:23] [32minfo[39m: Dashboard stats delivered successfully
[2026-01-25 11:48:23] [32minfo[39m: GET /admin/api/stats 200 63 - 495.582 ms
[2026-01-25 11:48:30] [32minfo[39m: GET /admin/products 200 32136 - 424.253 ms
[2026-01-25 11:48:30] [32minfo[39m: GET /css/admin/admin.css 200 19507 - 33.720 ms
[2026-01-25 11:48:30] [32minfo[39m: GET /img/admin/logo.jpg 200 26279 - 30.921 ms
[2026-01-25 11:48:30] [32minfo[39m: GET /css/admin/category.css 200 12433 - 34.088 ms
[2026-01-25 11:48:30] [32minfo[39m: GET /img/admin/admin-avatar.jpg 200 114439 - 33.145 ms
[2026-01-25 11:49:58] [32minfo[39m: product added: Bottle Green Maheshwari saree
[2026-01-25 11:49:58] [32minfo[39m: POST /admin/addProducts 201 551 - 31320.777 ms
[2026-01-25 11:50:00] [32minfo[39m: GET /admin/products 200 33497 - 707.790 ms
[2026-01-25 11:50:01] [32minfo[39m: GET /css/admin/admin.css 200 19507 - 7.543 ms
[2026-01-25 11:50:01] [32minfo[39m: GET /img/admin/logo.jpg 200 26279 - 6.556 ms
[2026-01-25 11:50:01] [32minfo[39m: GET /img/admin/admin-avatar.jpg 200 114439 - 7.916 ms
[2026-01-25 11:50:01] [32minfo[39m: GET /css/admin/category.css 200 12433 - 4.106 ms
[2026-01-25 11:50:02] [32minfo[39m: POST /admin/addProducts - - - - ms
[2026-01-25 11:50:19] [32minfo[39m: GET /admin/products/6975b60e7b151c2bd140a908/details 200 909 - 279.043 ms
[2026-01-25 11:50:28] [32minfo[39m: GET /css/admin/admin.css 200 19507 - 4.187 ms
[2026-01-25 11:50:28] [32minfo[39m: GET /css/admin/category.css 200 12433 - 6.349 ms
[2026-01-25 11:50:28] [32minfo[39m: GET /.well-known/appspecific/com.chrome.devtools.json 404 7371 - 10.791 ms
[2026-01-25 11:57:07] [31merror[39m: DELETE /admin/products/6975b60e7b151c2bd140a908-Cast to ObjectId failed for value "{ isDelete: false }" (type Object) at path "_id" for model "Product"
[2026-01-25 11:57:07] [32minfo[39m: DELETE /admin/products/6975b60e7b151c2bd140a908 500 139 - 398.926 ms
[2026-01-25 12:00:53] [32minfo[39m: hi inside the multer
[2026-01-25 12:00:53] [32minfo[39m: 698139445174944
[2026-01-25 12:00:53] [32minfo[39m: dma409l7q
[2026-01-25 12:00:53] [32minfo[39m: DRjWUJtgCysBWbMC3neHCVDAGzo
[2026-01-25 12:00:57] [32minfo[39m: hi inside the multer
[2026-01-25 12:00:57] [32minfo[39m: 698139445174944
[2026-01-25 12:00:57] [32minfo[39m: dma409l7q
[2026-01-25 12:00:57] [32minfo[39m: DRjWUJtgCysBWbMC3neHCVDAGzo
[2026-01-25 12:00:58] [32minfo[39m: connected to mongodb atlas
[2026-01-25 12:03:26] [32minfo[39m: hi inside the multer
[2026-01-25 12:03:26] [32minfo[39m: 698139445174944
[2026-01-25 12:03:26] [32minfo[39m: dma409l7q
[2026-01-25 12:03:26] [32minfo[39m: DRjWUJtgCysBWbMC3neHCVDAGzo
[2026-01-25 12:26:01] [32minfo[39m: hi inside the multer
[2026-01-25 12:26:01] [32minfo[39m: 698139445174944
[2026-01-25 12:26:01] [32minfo[39m: dma409l7q
[2026-01-25 12:26:01] [32minfo[39m: DRjWUJtgCysBWbMC3neHCVDAGzo
[2026-01-25 12:26:03] [32minfo[39m: connected to mongodb atlas
[2026-01-25 12:26:32] [32minfo[39m: hi inside the multer
[2026-01-25 12:26:32] [32minfo[39m: 698139445174944
[2026-01-25 12:26:32] [32minfo[39m: dma409l7q
[2026-01-25 12:26:32] [32minfo[39m: DRjWUJtgCysBWbMC3neHCVDAGzo
[2026-01-25 12:26:34] [32minfo[39m: connected to mongodb atlas
[2026-01-25 12:29:01] [32minfo[39m: GET /admin/products 302 41 - 111.866 ms
[2026-01-25 12:29:01] [32minfo[39m: GET /admin/login 200 3335 - 7.234 ms
[2026-01-25 12:29:01] [32minfo[39m: GET /css/admin/login.css 200 4353 - 5.005 ms
[2026-01-25 12:29:01] [32minfo[39m: GET /img/admin-weaver.jpg 200 36006 - 8.528 ms
[2026-01-25 12:29:01] [32minfo[39m: GET /.well-known/appspecific/com.chrome.devtools.json 404 7371 - 5.048 ms
[2026-01-25 12:29:12] [32minfo[39m: Admin logged in successfully.
[2026-01-25 12:29:12] [32minfo[39m: POST /admin/login 302 45 - 241.751 ms
[2026-01-25 12:29:12] [32minfo[39m: GET /admin/dashboard 200 36681 - 82.080 ms
[2026-01-25 12:29:12] [32minfo[39m: GET /.well-known/appspecific/com.chrome.devtools.json 404 7371 - 9.704 ms
[2026-01-25 12:29:12] [32minfo[39m: GET /css/admin/admin.css 200 19507 - 9.233 ms
[2026-01-25 12:29:12] [32minfo[39m: GET /css/admin/dashboard.css 200 2698 - 8.210 ms
[2026-01-25 12:29:12] [32minfo[39m: GET /img/admin/logo.jpg 200 26279 - 12.009 ms
[2026-01-25 12:29:12] [32minfo[39m: GET /img/admin/admin-avatar.jpg 200 114439 - 12.720 ms
[2026-01-25 12:29:13] [32minfo[39m: Fetching dashboard stats
[2026-01-25 12:29:13] [32minfo[39m: Fetching top products
[2026-01-25 12:29:13] [32minfo[39m: Fetching sales chart data
[2026-01-25 12:29:14] [32minfo[39m: Sales data processed successfully
[2026-01-25 12:29:14] [32minfo[39m: Sales chart data delivered successfully
[2026-01-25 12:29:14] [32minfo[39m: GET /admin/api/sales-data 200 179 - 290.941 ms
[2026-01-25 12:29:14] [32minfo[39m: Top products delivered successfully
[2026-01-25 12:29:14] [32minfo[39m: GET /admin/api/top-products?page=1&limit=4 200 30 - 386.345 ms
[2026-01-25 12:29:14] [32minfo[39m: Dashboard stats calculated
[2026-01-25 12:29:14] [32minfo[39m: Dashboard stats delivered successfully
[2026-01-25 12:29:14] [32minfo[39m: GET /admin/api/stats 200 63 - 654.586 ms
[2026-01-25 12:29:23] [32minfo[39m: GET /admin/categories 200 26481 - 253.140 ms
[2026-01-25 12:29:23] [32minfo[39m: GET /css/admin/admin.css 200 19507 - 1.763 ms
[2026-01-25 12:29:23] [32minfo[39m: GET /img/admin/logo.jpg 200 26279 - 5.067 ms
[2026-01-25 12:29:23] [32minfo[39m: GET /img/admin/admin-avatar.jpg 200 114439 - 7.670 ms
[2026-01-25 12:29:23] [32minfo[39m: GET /css/admin/category.css 200 12433 - 6.787 ms
[2026-01-25 12:29:30] [32minfo[39m: GET /admin/products 200 33497 - 456.041 ms
[2026-01-25 12:29:30] [32minfo[39m: GET /css/admin/admin.css 200 19507 - 2.143 ms
[2026-01-25 12:29:30] [32minfo[39m: GET /img/admin/logo.jpg 200 26279 - 8.519 ms
[2026-01-25 12:29:30] [32minfo[39m: GET /css/admin/category.css 200 12433 - 8.648 ms
[2026-01-25 12:29:30] [32minfo[39m: GET /img/admin/admin-avatar.jpg 200 114439 - 8.276 ms
[2026-01-25 12:29:35] [31merror[39m: DELETE /admin/products/6975b60e7b151c2bd140a908-Cast to ObjectId failed for value "{ isDelete: false }" (type Object) at path "_id" for model "Product"
[2026-01-25 12:29:35] [32minfo[39m: DELETE /admin/products/6975b60e7b151c2bd140a908 500 139 - 311.169 ms
[2026-01-25 14:27:17] [31merror[39m: DELETE /admin/products/6975b60e7b151c2bd140a908-Cast to ObjectId failed for value "{ isDelete: false }" (type Object) at path "_id" for model "Product"
[2026-01-25 14:27:17] [32minfo[39m: DELETE /admin/products/6975b60e7b151c2bd140a908 500 139 - 1250.663 ms
[2026-01-25 22:41:11] [31merror[39m: DELETE /admin/products/6975b60e7b151c2bd140a908-Cast to ObjectId failed for value "{ isDelete: false }" (type Object) at path "_id" for model "Product"
[2026-01-25 22:41:11] [32minfo[39m: DELETE /admin/products/6975b60e7b151c2bd140a908 500 139 - 2169.060 ms
[2026-01-25 22:41:11] [32minfo[39m: GET /admin/products/6975b60e7b151c2bd140a908/details 200 909 - 239.312 ms
[2026-01-26 07:45:39] [32minfo[39m: hi inside the multer
[2026-01-26 07:45:39] [32minfo[39m: 698139445174944
[2026-01-26 07:45:39] [32minfo[39m: dma409l7q
[2026-01-26 07:45:39] [32minfo[39m: DRjWUJtgCysBWbMC3neHCVDAGzo
[2026-01-26 07:45:43] [32minfo[39m: hi inside the multer
[2026-01-26 07:45:43] [32minfo[39m: 698139445174944
[2026-01-26 07:45:43] [32minfo[39m: dma409l7q
[2026-01-26 07:45:43] [32minfo[39m: DRjWUJtgCysBWbMC3neHCVDAGzo
[2026-01-26 07:45:44] [32minfo[39m: connected to mongodb atlas
[2026-01-26 07:45:48] [32minfo[39m: GET /admin/products 302 41 - 174.645 ms
[2026-01-26 07:45:48] [32minfo[39m: GET /admin/login 200 3335 - 12.354 ms
[2026-01-26 07:45:48] [32minfo[39m: GET /css/admin/login.css 200 4353 - 6.635 ms
[2026-01-26 07:45:48] [32minfo[39m: GET /img/admin-weaver.jpg 200 36006 - 5.171 ms
[2026-01-26 07:45:58] [32minfo[39m: Admin logged in successfully.
[2026-01-26 07:45:58] [32minfo[39m: POST /admin/login 302 45 - 203.685 ms
[2026-01-26 07:45:58] [32minfo[39m: GET /admin/dashboard 200 36681 - 174.146 ms
[2026-01-26 07:45:58] [32minfo[39m: GET /css/admin/admin.css 200 19507 - 4.973 ms
[2026-01-26 07:45:58] [32minfo[39m: GET /css/admin/dashboard.css 200 2698 - 12.754 ms
[2026-01-26 07:45:58] [32minfo[39m: GET /img/admin/logo.jpg 200 26279 - 8.759 ms
[2026-01-26 07:45:58] [32minfo[39m: GET /img/admin/admin-avatar.jpg 200 114439 - 5.322 ms
[2026-01-26 07:46:00] [32minfo[39m: Fetching top products
[2026-01-26 07:46:00] [32minfo[39m: Fetching dashboard stats
[2026-01-26 07:46:00] [32minfo[39m: Fetching sales chart data
[2026-01-26 07:46:00] [32minfo[39m: Sales data processed successfully
[2026-01-26 07:46:00] [32minfo[39m: Sales chart data delivered successfully
[2026-01-26 07:46:00] [32minfo[39m: GET /admin/api/sales-data 200 179 - 246.455 ms
[2026-01-26 07:46:00] [32minfo[39m: Top products delivered successfully
[2026-01-26 07:46:00] [32minfo[39m: GET /admin/api/top-products?page=1&limit=4 200 30 - 308.151 ms
[2026-01-26 07:46:00] [32minfo[39m: Dashboard stats calculated
[2026-01-26 07:46:00] [32minfo[39m: Dashboard stats delivered successfully
[2026-01-26 07:46:00] [32minfo[39m: GET /admin/api/stats 200 63 - 480.673 ms
[2026-01-26 07:46:17] [32minfo[39m: GET /admin/categories 200 26481 - 307.697 ms
[2026-01-26 07:46:17] [32minfo[39m: GET /css/admin/admin.css 200 19507 - 5.463 ms
[2026-01-26 07:46:17] [32minfo[39m: GET /img/admin/logo.jpg 200 26279 - 5.134 ms
[2026-01-26 07:46:17] [32minfo[39m: GET /img/admin/admin-avatar.jpg 200 114439 - 10.615 ms
[2026-01-26 07:46:17] [32minfo[39m: GET /css/admin/category.css 200 12433 - 4.322 ms
[2026-01-26 07:46:25] [32minfo[39m: GET /admin/products 200 33497 - 463.597 ms
[2026-01-26 07:46:25] [32minfo[39m: GET /css/admin/admin.css 200 19507 - 5.541 ms
[2026-01-26 07:46:25] [32minfo[39m: GET /img/admin/logo.jpg 200 26279 - 5.362 ms
[2026-01-26 07:46:25] [32minfo[39m: GET /img/admin/admin-avatar.jpg 200 114439 - 8.370 ms
[2026-01-26 07:46:25] [32minfo[39m: GET /css/admin/category.css 200 12433 - 1.801 ms
[2026-01-26 07:46:31] [32minfo[39m: product deleted: Bottle Green Maheshwari saree
[2026-01-26 07:46:31] [32minfo[39m: DELETE /admin/products/6975b60e7b151c2bd140a908 200 57 - 385.818 ms
[2026-01-26 07:46:34] [32minfo[39m: GET /admin/products 200 33496 - 508.159 ms
[2026-01-26 07:46:34] [32minfo[39m: GET /css/admin/admin.css 200 19507 - 5.425 ms
[2026-01-26 07:46:34] [32minfo[39m: GET /img/admin/logo.jpg 200 26279 - 7.248 ms
[2026-01-26 07:46:34] [32minfo[39m: GET /css/admin/category.css 200 12433 - 5.775 ms
[2026-01-26 07:46:34] [32minfo[39m: GET /img/admin/admin-avatar.jpg 200 114439 - 7.617 ms
[2026-01-26 07:52:25] [32minfo[39m: hi inside the multer
[2026-01-26 07:52:25] [32minfo[39m: 698139445174944
[2026-01-26 07:52:25] [32minfo[39m: dma409l7q
[2026-01-26 07:52:25] [32minfo[39m: DRjWUJtgCysBWbMC3neHCVDAGzo
[2026-01-26 07:52:27] [32minfo[39m: connected to mongodb atlas
[2026-01-26 07:53:20] [32minfo[39m: hi inside the multer
[2026-01-26 07:53:20] [32minfo[39m: 698139445174944
[2026-01-26 07:53:20] [32minfo[39m: dma409l7q
[2026-01-26 07:53:20] [32minfo[39m: DRjWUJtgCysBWbMC3neHCVDAGzo
[2026-01-26 07:54:25] [32minfo[39m: hi inside the multer
[2026-01-26 07:54:25] [32minfo[39m: 698139445174944
[2026-01-26 07:54:25] [32minfo[39m: dma409l7q
[2026-01-26 07:54:25] [32minfo[39m: DRjWUJtgCysBWbMC3neHCVDAGzo
[2026-01-26 07:54:27] [32minfo[39m: connected to mongodb atlas
[2026-01-26 08:08:40] [32minfo[39m: hi inside the multer
[2026-01-26 08:08:40] [32minfo[39m: 698139445174944
[2026-01-26 08:08:40] [32minfo[39m: dma409l7q
[2026-01-26 08:08:40] [32minfo[39m: DRjWUJtgCysBWbMC3neHCVDAGzo
[2026-01-26 08:08:47] [32minfo[39m: hi inside the multer
[2026-01-26 08:08:47] [32minfo[39m: 698139445174944
[2026-01-26 08:08:47] [32minfo[39m: dma409l7q
[2026-01-26 08:08:47] [32minfo[39m: DRjWUJtgCysBWbMC3neHCVDAGzo
[2026-01-26 08:08:50] [32minfo[39m: connected to mongodb atlas
[2026-01-26 08:08:52] [32minfo[39m: hi inside the multer
[2026-01-26 08:08:52] [32minfo[39m: 698139445174944
[2026-01-26 08:08:52] [32minfo[39m: dma409l7q
[2026-01-26 08:08:52] [32minfo[39m: DRjWUJtgCysBWbMC3neHCVDAGzo
[2026-01-26 08:08:54] [32minfo[39m: connected to mongodb atlas
[2026-01-26 08:09:07] [32minfo[39m: hi inside the multer
[2026-01-26 08:09:08] [32minfo[39m: 698139445174944
[2026-01-26 08:09:08] [32minfo[39m: dma409l7q
[2026-01-26 08:09:08] [32minfo[39m: DRjWUJtgCysBWbMC3neHCVDAGzo
[2026-01-26 08:09:10] [32minfo[39m: connected to mongodb atlas
[2026-01-26 08:09:23] [32minfo[39m: hi inside the multer
[2026-01-26 08:09:23] [32minfo[39m: 698139445174944
[2026-01-26 08:09:23] [32minfo[39m: dma409l7q
[2026-01-26 08:09:23] [32minfo[39m: DRjWUJtgCysBWbMC3neHCVDAGzo
[2026-01-26 08:09:25] [32minfo[39m: connected to mongodb atlas
[2026-01-26 08:09:39] [32minfo[39m: hi inside the multer
[2026-01-26 08:09:39] [32minfo[39m: 698139445174944
[2026-01-26 08:09:39] [32minfo[39m: dma409l7q
[2026-01-26 08:09:39] [32minfo[39m: DRjWUJtgCysBWbMC3neHCVDAGzo
[2026-01-26 08:09:41] [32minfo[39m: connected to mongodb atlas
[2026-01-26 08:09:48] [32minfo[39m: hi inside the multer
[2026-01-26 08:09:48] [32minfo[39m: 698139445174944
[2026-01-26 08:09:48] [32minfo[39m: dma409l7q
[2026-01-26 08:09:48] [32minfo[39m: DRjWUJtgCysBWbMC3neHCVDAGzo
[2026-01-26 08:09:52] [32minfo[39m: hi inside the multer
[2026-01-26 08:09:52] [32minfo[39m: 698139445174944
[2026-01-26 08:09:52] [32minfo[39m: dma409l7q
[2026-01-26 08:09:52] [32minfo[39m: DRjWUJtgCysBWbMC3neHCVDAGzo
[2026-01-26 08:09:54] [32minfo[39m: connected to mongodb atlas
[2026-01-26 08:10:12] [32minfo[39m: GET /admin/products 302 41 - 117.167 ms
[2026-01-26 08:10:12] [32minfo[39m: GET /admin/login 200 3335 - 11.404 ms
[2026-01-26 08:10:12] [32minfo[39m: GET /css/admin/login.css 200 4353 - 2.650 ms
[2026-01-26 08:10:12] [32minfo[39m: GET /img/admin-weaver.jpg 200 36006 - 5.865 ms
[2026-01-26 08:10:21] [32minfo[39m: Admin logged in successfully.
[2026-01-26 08:10:21] [32minfo[39m: POST /admin/login 302 45 - 220.680 ms
[2026-01-26 08:10:21] [32minfo[39m: GET /admin/dashboard 200 36681 - 133.290 ms
[2026-01-26 08:10:21] [32minfo[39m: GET /css/admin/dashboard.css 200 2698 - 5.769 ms
[2026-01-26 08:10:21] [32minfo[39m: GET /img/admin/logo.jpg 200 26279 - 11.768 ms
[2026-01-26 08:10:21] [32minfo[39m: GET /img/admin/admin-avatar.jpg 200 114439 - 11.765 ms
[2026-01-26 08:10:21] [32minfo[39m: GET /css/admin/admin.css 200 19507 - 19.668 ms
[2026-01-26 08:10:22] [32minfo[39m: Fetching top products
[2026-01-26 08:10:22] [32minfo[39m: Fetching dashboard stats
[2026-01-26 08:10:22] [32minfo[39m: Fetching sales chart data
[2026-01-26 08:10:22] [32minfo[39m: Sales data processed successfully
[2026-01-26 08:10:22] [32minfo[39m: Sales chart data delivered successfully
[2026-01-26 08:10:22] [32minfo[39m: GET /admin/api/sales-data 200 179 - 244.535 ms
[2026-01-26 08:10:22] [32minfo[39m: Top products delivered successfully
[2026-01-26 08:10:22] [32minfo[39m: GET /admin/api/top-products?page=1&limit=4 200 30 - 355.091 ms
[2026-01-26 08:10:23] [32minfo[39m: Dashboard stats calculated
[2026-01-26 08:10:23] [32minfo[39m: Dashboard stats delivered successfully
[2026-01-26 08:10:23] [32minfo[39m: GET /admin/api/stats 200 63 - 547.378 ms
[2026-01-26 08:10:40] [32minfo[39m: GET /admin/products 200 33496 - 544.417 ms
[2026-01-26 08:10:40] [32minfo[39m: GET /css/admin/admin.css 200 19507 - 9.162 ms
[2026-01-26 08:10:40] [32minfo[39m: GET /img/admin/logo.jpg 200 26279 - 9.586 ms
[2026-01-26 08:10:40] [32minfo[39m: GET /css/admin/category.css 200 12433 - 14.914 ms
[2026-01-26 08:10:40] [32minfo[39m: GET /img/admin/admin-avatar.jpg 200 114439 - 13.467 ms
[2026-01-26 08:10:45] [32minfo[39m: product deleted: Bottle Green Maheshwari saree
[2026-01-26 08:10:45] [32minfo[39m: DELETE /admin/products/6975b60e7b151c2bd140a908 200 57 - 379.658 ms
[2026-01-26 08:10:47] [32minfo[39m: GET /admin/products 200 33496 - 452.183 ms
[2026-01-26 08:10:47] [32minfo[39m: GET /css/admin/admin.css 200 19507 - 8.060 ms
[2026-01-26 08:10:47] [32minfo[39m: GET /css/admin/category.css 200 12433 - 8.062 ms
[2026-01-26 08:10:47] [32minfo[39m: GET /img/admin/logo.jpg 200 26279 - 8.098 ms
[2026-01-26 08:10:47] [32minfo[39m: GET /img/admin/admin-avatar.jpg 200 114439 - 8.057 ms
[2026-01-26 08:11:02] [32minfo[39m: GET /admin/products 200 33496 - 411.844 ms
[2026-01-26 08:11:02] [32minfo[39m: GET /css/admin/admin.css 200 19507 - 5.564 ms
[2026-01-26 08:11:02] [32minfo[39m: GET /img/admin/logo.jpg 200 26279 - 7.927 ms
[2026-01-26 08:11:02] [32minfo[39m: GET /img/admin/admin-avatar.jpg 200 114439 - 8.468 ms
[2026-01-26 08:11:02] [32minfo[39m: GET /css/admin/category.css 200 12433 - 4.238 ms
[2026-01-26 08:15:30] [33mwarn[39m: validation error at/admin/products/status/6975b60e7b151c2bd140a908
[2026-01-26 08:15:30] [33mwarn[39m: Method:PUT
[2026-01-26 08:15:30] [33mwarn[39m: Errors: [
  "\"isActive\" is not allowed"
]
[2026-01-26 08:15:30] [33mwarn[39m: Payload: {
  "isActive": true
}
[2026-01-26 08:15:30] [32minfo[39m: PUT /admin/products/status/6975b60e7b151c2bd140a908 400 34 - 149.645 ms
[2026-01-26 08:27:47] [32minfo[39m: GET /admin/products/6975b60e7b151c2bd140a908/details 200 910 - 350.607 ms
[2026-01-26 08:27:49] [33mwarn[39m: validation error at/admin/products/status/6975b60e7b151c2bd140a908
[2026-01-26 08:27:49] [33mwarn[39m: Method:PUT
[2026-01-26 08:27:49] [33mwarn[39m: Errors: [
  "\"isActive\" is not allowed"
]
[2026-01-26 08:27:49] [33mwarn[39m: Payload: {
  "isActive": true
}
[2026-01-26 08:27:49] [32minfo[39m: PUT /admin/products/status/6975b60e7b151c2bd140a908 400 34 - 190.554 ms
[2026-01-26 08:27:53] [32minfo[39m: product deleted: Bottle Green Maheshwari saree
[2026-01-26 08:27:53] [32minfo[39m: DELETE /admin/products/6975b60e7b151c2bd140a908 200 57 - 471.946 ms
[2026-01-26 08:27:55] [32minfo[39m: GET /admin/products 200 33496 - 402.844 ms
[2026-01-26 08:27:55] [32minfo[39m: GET /css/admin/admin.css 200 19507 - 3.662 ms
[2026-01-26 08:27:55] [32minfo[39m: GET /img/admin/logo.jpg 200 26279 - 2.939 ms
[2026-01-26 08:27:55] [32minfo[39m: GET /img/admin/admin-avatar.jpg 200 114439 - 3.749 ms
[2026-01-26 08:27:55] [32minfo[39m: GET /css/admin/category.css 200 12433 - 2.413 ms
[2026-01-26 08:28:00] [32minfo[39m: GET /admin/products 200 33496 - 531.184 ms
[2026-01-26 08:28:00] [32minfo[39m: GET /css/admin/admin.css 200 19507 - 8.046 ms
[2026-01-26 08:28:00] [32minfo[39m: GET /img/admin/logo.jpg 200 26279 - 15.836 ms
[2026-01-26 08:28:00] [32minfo[39m: GET /css/admin/category.css 200 12433 - 7.240 ms
[2026-01-26 08:28:00] [32minfo[39m: GET /img/admin/admin-avatar.jpg 200 114439 - 16.213 ms
[2026-01-26 16:51:18] [32minfo[39m: hi inside the multer
[2026-01-26 16:51:18] [32minfo[39m: 698139445174944
[2026-01-26 16:51:18] [32minfo[39m: dma409l7q
[2026-01-26 16:51:18] [32minfo[39m: DRjWUJtgCysBWbMC3neHCVDAGzo
[2026-01-26 16:51:23] [32minfo[39m: hi inside the multer
[2026-01-26 16:51:23] [32minfo[39m: 698139445174944
[2026-01-26 16:51:23] [32minfo[39m: dma409l7q
[2026-01-26 16:51:23] [32minfo[39m: DRjWUJtgCysBWbMC3neHCVDAGzo
[2026-01-26 16:51:26] [32minfo[39m: connected to mongodb atlas
[2026-01-26 16:51:39] [32minfo[39m: GET /admin 302 41 - 236.184 ms
[2026-01-26 16:51:39] [32minfo[39m: GET /admin/login 200 3335 - 19.509 ms
[2026-01-26 16:51:39] [32minfo[39m: GET /css/admin/login.css 200 4353 - 8.970 ms
[2026-01-26 16:51:39] [32minfo[39m: GET /img/admin-weaver.jpg 200 36006 - 10.942 ms
[2026-01-26 16:51:50] [32minfo[39m: Admin logged in successfully.
[2026-01-26 16:51:50] [32minfo[39m: POST /admin/login 302 45 - 303.351 ms
[2026-01-26 16:51:50] [32minfo[39m: GET /admin/dashboard 200 36681 - 138.014 ms
[2026-01-26 16:51:50] [32minfo[39m: GET /css/admin/admin.css 200 19507 - 25.808 ms
[2026-01-26 16:51:50] [32minfo[39m: GET /css/admin/dashboard.css 200 2698 - 24.651 ms
[2026-01-26 16:51:50] [32minfo[39m: GET /img/admin/logo.jpg 200 26279 - 19.498 ms
[2026-01-26 16:51:50] [32minfo[39m: GET /img/admin/admin-avatar.jpg 200 114439 - 22.633 ms
[2026-01-26 16:51:53] [32minfo[39m: Fetching dashboard stats
[2026-01-26 16:51:53] [32minfo[39m: Fetching top products
[2026-01-26 16:51:53] [32minfo[39m: Fetching sales chart data
[2026-01-26 16:51:54] [32minfo[39m: Sales data processed successfully
[2026-01-26 16:51:54] [32minfo[39m: Sales chart data delivered successfully
[2026-01-26 16:51:54] [32minfo[39m: GET /admin/api/sales-data 200 179 - 442.807 ms
[2026-01-26 16:51:54] [32minfo[39m: Top products delivered successfully
[2026-01-26 16:51:54] [32minfo[39m: GET /admin/api/top-products?page=1&limit=4 200 30 - 614.324 ms
[2026-01-26 16:51:54] [32minfo[39m: Dashboard stats calculated
[2026-01-26 16:51:54] [32minfo[39m: Dashboard stats delivered successfully
[2026-01-26 16:51:54] [32minfo[39m: GET /admin/api/stats 200 63 - 814.068 ms
[2026-01-26 16:51:58] [32minfo[39m: GET /admin/products 200 33496 - 527.693 ms
[2026-01-26 16:51:58] [32minfo[39m: GET /css/admin/admin.css 200 19507 - 2.667 ms
[2026-01-26 16:51:58] [32minfo[39m: GET /img/admin/logo.jpg 200 26279 - 8.911 ms
[2026-01-26 16:51:58] [32minfo[39m: GET /css/admin/category.css 200 12433 - 8.512 ms
[2026-01-26 16:51:58] [32minfo[39m: GET /img/admin/admin-avatar.jpg 200 114439 - 11.029 ms
[2026-01-26 16:55:00] [32minfo[39m: hi inside the multer
[2026-01-26 16:55:00] [32minfo[39m: 698139445174944
[2026-01-26 16:55:00] [32minfo[39m: dma409l7q
[2026-01-26 16:55:00] [32minfo[39m: DRjWUJtgCysBWbMC3neHCVDAGzo
[2026-01-26 16:55:02] [32minfo[39m: connected to mongodb atlas
[2026-01-26 16:55:07] [32minfo[39m: GET /admin/products 302 41 - 193.044 ms
[2026-01-26 16:55:07] [32minfo[39m: GET /admin/login 200 3335 - 11.694 ms
[2026-01-26 16:55:07] [32minfo[39m: GET /css/admin/login.css 200 4353 - 4.961 ms
[2026-01-26 16:55:07] [32minfo[39m: GET /img/admin-weaver.jpg 200 36006 - 5.039 ms
[2026-01-26 16:55:14] [32minfo[39m: Admin logged in successfully.
[2026-01-26 16:55:14] [32minfo[39m: POST /admin/login 302 45 - 302.071 ms
[2026-01-26 16:55:14] [32minfo[39m: GET /admin/dashboard 200 36681 - 145.034 ms
[2026-01-26 16:55:14] [32minfo[39m: GET /css/admin/admin.css 200 19507 - 11.004 ms
[2026-01-26 16:55:14] [32minfo[39m: GET /css/admin/dashboard.css 200 2698 - 18.610 ms
[2026-01-26 16:55:14] [32minfo[39m: GET /img/admin/logo.jpg 200 26279 - 12.707 ms
[2026-01-26 16:55:14] [32minfo[39m: GET /img/admin/admin-avatar.jpg 200 114439 - 18.013 ms
[2026-01-26 16:55:15] [32minfo[39m: Fetching dashboard stats
[2026-01-26 16:55:15] [32minfo[39m: Fetching sales chart data
[2026-01-26 16:55:15] [32minfo[39m: Fetching top products
[2026-01-26 16:55:15] [32minfo[39m: Sales data processed successfully
[2026-01-26 16:55:15] [32minfo[39m: Sales chart data delivered successfully
[2026-01-26 16:55:15] [32minfo[39m: GET /admin/api/sales-data 200 179 - 334.495 ms
[2026-01-26 16:55:16] [32minfo[39m: Top products delivered successfully
[2026-01-26 16:55:16] [32minfo[39m: GET /admin/api/top-products?page=1&limit=4 200 30 - 723.069 ms
[2026-01-26 16:55:16] [32minfo[39m: Dashboard stats calculated
[2026-01-26 16:55:16] [32minfo[39m: Dashboard stats delivered successfully
[2026-01-26 16:55:16] [32minfo[39m: GET /admin/api/stats 200 63 - 1000.933 ms
[2026-01-26 16:55:19] [32minfo[39m: GET /admin/products 200 33496 - 654.303 ms
[2026-01-26 16:55:19] [32minfo[39m: GET /css/admin/admin.css 200 19507 - 7.861 ms
[2026-01-26 16:55:19] [32minfo[39m: GET /img/admin/logo.jpg 200 26279 - 10.256 ms
[2026-01-26 16:55:19] [32minfo[39m: GET /img/admin/admin-avatar.jpg 200 114439 - 11.634 ms
[2026-01-26 16:55:19] [32minfo[39m: GET /css/admin/category.css 200 12433 - 7.288 ms
[2026-01-26 16:55:24] [32minfo[39m: product deleted: Bottle Green Maheshwari saree
[2026-01-26 16:55:24] [32minfo[39m: DELETE /admin/products/6975b60e7b151c2bd140a908 200 57 - 355.841 ms
[2026-01-26 16:55:26] [32minfo[39m: GET /admin/products 200 32136 - 482.234 ms
[2026-01-26 16:55:26] [32minfo[39m: GET /css/admin/admin.css 200 19507 - 10.548 ms
[2026-01-26 16:55:26] [32minfo[39m: GET /img/admin/logo.jpg 200 26279 - 16.621 ms
[2026-01-26 16:55:26] [32minfo[39m: GET /img/admin/admin-avatar.jpg 200 114439 - 20.604 ms
[2026-01-26 16:55:26] [32minfo[39m: GET /css/admin/category.css 200 12433 - 5.673 ms
[2026-01-26 16:55:48] [32minfo[39m: hi inside the multer
[2026-01-26 16:55:48] [32minfo[39m: 698139445174944
[2026-01-26 16:55:48] [32minfo[39m: dma409l7q
[2026-01-26 16:55:48] [32minfo[39m: DRjWUJtgCysBWbMC3neHCVDAGzo
[2026-01-26 16:55:50] [32minfo[39m: connected to mongodb atlas
[2026-01-26 16:56:52] [32minfo[39m: POST /admin/addProducts 302 34 - 237.990 ms
[2026-01-26 16:56:52] [32minfo[39m: GET /admin/login 200 3335 - 33.970 ms
[2026-01-26 16:59:31] [32minfo[39m: POST /admin/addProducts 302 34 - 142.197 ms
[2026-01-26 16:59:31] [32minfo[39m: GET /admin/login 200 3335 - 6.016 ms
[2026-01-26 17:00:17] [32minfo[39m: hi inside the multer
[2026-01-26 17:00:17] [32minfo[39m: 698139445174944
[2026-01-26 17:00:17] [32minfo[39m: dma409l7q
[2026-01-26 17:00:17] [32minfo[39m: DRjWUJtgCysBWbMC3neHCVDAGzo
[2026-01-26 17:00:20] [32minfo[39m: connected to mongodb atlas
[2026-01-26 17:00:21] [32minfo[39m: GET /admin 302 41 - 278.514 ms
[2026-01-26 17:00:21] [32minfo[39m: GET /admin/login 200 3335 - 17.745 ms
[2026-01-26 17:00:21] [32minfo[39m: GET /css/admin/login.css 200 4353 - 4.901 ms
[2026-01-26 17:00:21] [32minfo[39m: GET /img/admin-weaver.jpg 200 36006 - 5.749 ms
[2026-01-26 17:00:29] [32minfo[39m: Admin logged in successfully.
[2026-01-26 17:00:29] [32minfo[39m: POST /admin/login 302 45 - 391.853 ms
[2026-01-26 17:00:29] [32minfo[39m: GET /admin/dashboard 200 36681 - 127.750 ms
[2026-01-26 17:00:29] [32minfo[39m: GET /css/admin/admin.css 200 19507 - 9.705 ms
[2026-01-26 17:00:29] [32minfo[39m: GET /css/admin/dashboard.css 200 2698 - 13.054 ms
[2026-01-26 17:00:29] [32minfo[39m: GET /img/admin/logo.jpg 200 26279 - 8.350 ms
[2026-01-26 17:00:29] [32minfo[39m: GET /img/admin/admin-avatar.jpg 200 114439 - 7.891 ms
[2026-01-26 17:00:30] [32minfo[39m: Fetching sales chart data
[2026-01-26 17:00:30] [32minfo[39m: Fetching dashboard stats
[2026-01-26 17:00:30] [32minfo[39m: Fetching top products
[2026-01-26 17:00:30] [32minfo[39m: Sales data processed successfully
[2026-01-26 17:00:30] [32minfo[39m: Sales chart data delivered successfully
[2026-01-26 17:00:30] [32minfo[39m: GET /admin/api/sales-data 200 179 - 736.249 ms
[2026-01-26 17:00:30] [32minfo[39m: Top products delivered successfully
[2026-01-26 17:00:30] [32minfo[39m: GET /admin/api/top-products?page=1&limit=4 200 30 - 940.243 ms
[2026-01-26 17:00:31] [32minfo[39m: Dashboard stats calculated
[2026-01-26 17:00:31] [32minfo[39m: Dashboard stats delivered successfully
[2026-01-26 17:00:31] [32minfo[39m: GET /admin/api/stats 200 63 - 1180.628 ms
[2026-01-26 17:00:32] [32minfo[39m: GET /admin/products 200 32136 - 365.720 ms
[2026-01-26 17:00:32] [32minfo[39m: GET /css/admin/admin.css 200 19507 - 10.252 ms
[2026-01-26 17:00:32] [32minfo[39m: GET /img/admin/logo.jpg 200 26279 - 15.541 ms
[2026-01-26 17:00:32] [32minfo[39m: GET /img/admin/admin-avatar.jpg 200 114439 - 18.215 ms
[2026-01-26 17:00:32] [32minfo[39m: GET /css/admin/category.css 200 12433 - 5.467 ms
[2026-01-26 17:01:31] [32minfo[39m: GET /css/admin/admin.css 200 19507 - 13.042 ms
[2026-01-26 17:01:31] [32minfo[39m: GET /css/admin/category.css 200 12433 - 13.736 ms
[2026-01-26 17:01:31] [32minfo[39m: GET /.well-known/appspecific/com.chrome.devtools.json 404 7371 - 70.370 ms
[2026-01-26 17:01:50] [31merror[39m: POST /admin/addProducts-E11000 duplicate key error collection: test.products index: sku_1 dup key: { sku: "SKU-BOTTLE-GREEN-MAHESHWARI-SAREE" }
[2026-01-26 17:01:50] [32minfo[39m: POST /admin/addProducts 500 151 - 22088.368 ms
[2026-01-26 17:01:51] [31merror[39m: POST /admin/addProducts-E11000 duplicate key error collection: test.products index: sku_1 dup key: { sku: "SKU-BOTTLE-GREEN-MAHESHWARI-SAREE" }
[2026-01-26 17:01:51] [32minfo[39m: POST /admin/addProducts 500 151 - 32120.663 ms
[2026-01-26 17:02:22] [31merror[39m: POST /admin/addProducts-E11000 duplicate key error collection: test.products index: sku_1 dup key: { sku: "SKU-BOTTLE-GREEN-MAHESHWARI-SAREE" }
[2026-01-26 17:02:22] [32minfo[39m: POST /admin/addProducts 500 151 - 30837.772 ms
[2026-01-26 17:02:43] [32minfo[39m: POST /admin/addProducts 400 83 - 20903.679 ms
[2026-01-26 17:03:14] [31merror[39m: POST /admin/addProducts-E11000 duplicate key error collection: test.products index: sku_1 dup key: { sku: "SKU-BOTTLE-GREEN-MAHESHWARI-SAREE" }
[2026-01-26 17:03:14] [32minfo[39m: POST /admin/addProducts 500 151 - 95509.223 ms
[2026-01-26 17:03:33] [31merror[39m: POST /admin/addProducts-E11000 duplicate key error collection: test.products index: sku_1 dup key: { sku: "SKU-BOTTLE-GREEN-MAHESHWARI-SAREE" }
[2026-01-26 17:03:33] [32minfo[39m: POST /admin/addProducts 500 151 - 102778.763 ms
[2026-01-26 17:03:42] [31merror[39m: POST /admin/addProducts-E11000 duplicate key error collection: test.products index: sku_1 dup key: { sku: "SKU-BOTTLE-GREEN-MAHESHWARI-SAREE" }
[2026-01-26 17:03:42] [32minfo[39m: POST /admin/addProducts 500 151 - 122604.028 ms
[2026-01-26 17:03:45] [31merror[39m: POST /admin/addProducts-E11000 duplicate key error collection: test.products index: sku_1 dup key: { sku: "SKU-BOTTLE-GREEN-MAHESHWARI-SAREE" }
[2026-01-26 17:03:45] [32minfo[39m: POST /admin/addProducts 500 151 - 124588.249 ms
[2026-01-26 17:03:53] [32minfo[39m: POST /admin/addProducts 400 83 - 8303.684 ms
[2026-01-26 17:04:01] [31merror[39m: POST /admin/addProducts-E11000 duplicate key error collection: test.products index: sku_1 dup key: { sku: "SKU-BOTTLE-GREEN-MAHESHWARI-SAREE" }
[2026-01-26 17:04:01] [32minfo[39m: POST /admin/addProducts 500 151 - 140695.538 ms
[2026-01-26 17:04:03] [31merror[39m: POST /admin/addProducts-E11000 duplicate key error collection: test.products index: sku_1 dup key: { sku: "SKU-BOTTLE-GREEN-MAHESHWARI-SAREE" }
[2026-01-26 17:04:03] [32minfo[39m: POST /admin/addProducts 500 151 - 79765.012 ms
[2026-01-26 17:04:05] [31merror[39m: POST /admin/addProducts-E11000 duplicate key error collection: test.products index: sku_1 dup key: { sku: "SKU-BOTTLE-GREEN-MAHESHWARI-SAREE" }
[2026-01-26 17:04:05] [32minfo[39m: POST /admin/addProducts 500 151 - 50711.774 ms
[2026-01-26 17:04:37] [31merror[39m: POST /admin/addProducts-E11000 duplicate key error collection: test.products index: sku_1 dup key: { sku: "SKU-BOTTLE-GREEN-MAHESHWARI-SAREE" }
[2026-01-26 17:04:37] [32minfo[39m: POST /admin/addProducts 500 151 - 54962.493 ms
[2026-01-26 17:04:43] [31merror[39m: POST /admin/addProducts-E11000 duplicate key error collection: test.products index: sku_1 dup key: { sku: "SKU-BOTTLE-GREEN-MAHESHWARI-SAREE" }
[2026-01-26 17:04:43] [32minfo[39m: POST /admin/addProducts 500 151 - 42453.984 ms
[2026-01-26 17:04:52] [31merror[39m: POST /admin/addProducts-E11000 duplicate key error collection: test.products index: sku_1 dup key: { sku: "SKU-BOTTLE-GREEN-MAHESHWARI-SAREE" }
[2026-01-26 17:04:53] [32minfo[39m: POST /admin/addProducts 500 151 - 15222.697 ms
[2026-01-26 17:05:11] [31merror[39m: POST /admin/addProducts-E11000 duplicate key error collection: test.products index: sku_1 dup key: { sku: "SKU-BOTTLE-GREEN-MAHESHWARI-SAREE" }
[2026-01-26 17:05:11] [32minfo[39m: POST /admin/addProducts 500 151 - 18525.645 ms
[2026-01-26 17:05:29] [31merror[39m: POST /admin/addProducts-E11000 duplicate key error collection: test.products index: sku_1 dup key: { sku: "SKU-BOTTLE-GREEN-MAHESHWARI-SAREE" }
[2026-01-26 17:05:29] [32minfo[39m: POST /admin/addProducts 500 151 - 17910.865 ms
[2026-01-26 17:05:44] [31merror[39m: POST /admin/addProducts-E11000 duplicate key error collection: test.products index: sku_1 dup key: { sku: "SKU-BOTTLE-GREEN-MAHESHWARI-SAREE" }
[2026-01-26 17:05:44] [32minfo[39m: POST /admin/addProducts 500 151 - 14732.766 ms
[2026-01-26 17:05:56] [31merror[39m: POST /admin/addProducts-E11000 duplicate key error collection: test.products index: sku_1 dup key: { sku: "SKU-BOTTLE-GREEN-MAHESHWARI-SAREE" }
[2026-01-26 17:05:56] [32minfo[39m: POST /admin/addProducts 500 151 - 123214.656 ms
[2026-01-26 17:06:04] [31merror[39m: POST /admin/addProducts-E11000 duplicate key error collection: test.products index: sku_1 dup key: { sku: "SKU-BOTTLE-GREEN-MAHESHWARI-SAREE" }
[2026-01-26 17:06:04] [32minfo[39m: POST /admin/addProducts 500 151 - 20316.207 ms
[2026-01-26 17:06:21] [31merror[39m: POST /admin/addProducts-E11000 duplicate key error collection: test.products index: sku_1 dup key: { sku: "SKU-BOTTLE-GREEN-MAHESHWARI-SAREE" }
[2026-01-26 17:06:21] [32minfo[39m: POST /admin/addProducts 500 151 - 17316.029 ms
[2026-01-26 17:06:35] [31merror[39m: POST /admin/addProducts-E11000 duplicate key error collection: test.products index: sku_1 dup key: { sku: "SKU-BOTTLE-GREEN-MAHESHWARI-SAREE" }
[2026-01-26 17:06:35] [32minfo[39m: POST /admin/addProducts 500 151 - 13537.896 ms
[2026-01-26 17:06:44] [31merror[39m: POST /admin/addProducts-E11000 duplicate key error collection: test.products index: sku_1 dup key: { sku: "SKU-BOTTLE-GREEN-MAHESHWARI-SAREE" }
[2026-01-26 17:06:44] [32minfo[39m: POST /admin/addProducts 500 151 - 8904.609 ms
[2026-01-26 17:07:02] [31merror[39m: POST /admin/addProducts-E11000 duplicate key error collection: test.products index: sku_1 dup key: { sku: "SKU-BOTTLE-GREEN-MAHESHWARI-SAREE" }
[2026-01-26 17:07:02] [32minfo[39m: POST /admin/addProducts 500 151 - 17971.791 ms
[2026-01-26 17:07:36] [31merror[39m: POST /admin/addProducts-E11000 duplicate key error collection: test.products index: sku_1 dup key: { sku: "SKU-BOTTLE-GREEN-MAHESHWARI-SAREE" }
[2026-01-26 17:07:36] [32minfo[39m: POST /admin/addProducts 500 151 - 212641.690 ms
[2026-01-26 17:07:36] [31merror[39m: POST /admin/addProducts-E11000 duplicate key error collection: test.products index: sku_1 dup key: { sku: "SKU-BOTTLE-GREEN-MAHESHWARI-SAREE" }
[2026-01-26 17:07:36] [32minfo[39m: POST /admin/addProducts 500 151 - 172699.093 ms
[2026-01-26 17:07:43] [31merror[39m: POST /admin/addProducts-E11000 duplicate key error collection: test.products index: sku_1 dup key: { sku: "SKU-BOTTLE-GREEN-MAHESHWARI-SAREE" }
[2026-01-26 17:07:43] [32minfo[39m: POST /admin/addProducts 500 151 - 218345.740 ms
[2026-01-26 17:07:45] [31merror[39m: POST /admin/addProducts-E11000 duplicate key error collection: test.products index: sku_1 dup key: { sku: "SKU-BOTTLE-GREEN-MAHESHWARI-SAREE" }
[2026-01-26 17:07:45] [32minfo[39m: POST /admin/addProducts 500 151 - 251720.225 ms
[2026-01-26 17:07:59] [31merror[39m: POST /admin/addProducts-E11000 duplicate key error collection: test.products index: sku_1 dup key: { sku: "SKU-BOTTLE-GREEN-MAHESHWARI-SAREE" }
[2026-01-26 17:08:00] [32minfo[39m: POST /admin/addProducts 500 151 - 57608.541 ms
[2026-01-26 17:08:00] [31merror[39m: POST /admin/addProducts-E11000 duplicate key error collection: test.products index: sku_1 dup key: { sku: "SKU-BOTTLE-GREEN-MAHESHWARI-SAREE" }
[2026-01-26 17:08:00] [32minfo[39m: POST /admin/addProducts 500 151 - 124186.807 ms
[2026-01-26 17:08:34] [31merror[39m: POST /admin/addProducts-E11000 duplicate key error collection: test.products index: sku_1 dup key: { sku: "SKU-BOTTLE-GREEN-MAHESHWARI-SAREE" }
[2026-01-26 17:08:34] [32minfo[39m: POST /admin/addProducts 500 151 - 34012.629 ms
[2026-01-26 17:09:03] [31merror[39m: POST /admin/addProducts-E11000 duplicate key error collection: test.products index: sku_1 dup key: { sku: "SKU-BOTTLE-GREEN-MAHESHWARI-SAREE" }
[2026-01-26 17:09:03] [32minfo[39m: POST /admin/addProducts 500 151 - 87384.076 ms
[2026-01-26 17:09:03] [31merror[39m: POST /admin/addProducts-E11000 duplicate key error collection: test.products index: sku_1 dup key: { sku: "SKU-BOTTLE-GREEN-MAHESHWARI-SAREE" }
[2026-01-26 17:09:03] [32minfo[39m: POST /admin/addProducts 500 151 - 87429.687 ms
[2026-01-26 17:09:30] [31merror[39m: POST /admin/addProducts-E11000 duplicate key error collection: test.products index: sku_1 dup key: { sku: "SKU-BOTTLE-GREEN-MAHESHWARI-SAREE" }
[2026-01-26 17:09:30] [32minfo[39m: POST /admin/addProducts 500 151 - 26721.237 ms
[2026-01-26 17:09:31] [31merror[39m: POST /admin/addProducts-E11000 duplicate key error collection: test.products index: sku_1 dup key: { sku: "SKU-BOTTLE-GREEN-MAHESHWARI-SAREE" }
[2026-01-26 17:09:31] [32minfo[39m: POST /admin/addProducts 500 151 - 91376.884 ms
[2026-01-26 17:09:41] [31merror[39m: POST /admin/addProducts-E11000 duplicate key error collection: test.products index: sku_1 dup key: { sku: "SKU-BOTTLE-GREEN-MAHESHWARI-SAREE" }
[2026-01-26 17:09:41] [32minfo[39m: POST /admin/addProducts 500 151 - 115737.271 ms
[2026-01-26 17:09:50] [32minfo[39m: product added: Red Maheshwari sarees
[2026-01-26 17:09:50] [32minfo[39m: POST /admin/addProducts 201 532 - 19254.868 ms
[2026-01-26 17:09:53] [31merror[39m: POST /admin/addProducts-E11000 duplicate key error collection: test.products index: sku_1 dup key: { sku: "SKU-BOTTLE-GREEN-MAHESHWARI-SAREE" }
[2026-01-26 17:09:53] [32minfo[39m: POST /admin/addProducts 500 151 - 78058.353 ms
[2026-01-26 17:09:53] [32minfo[39m: GET /admin/products 200 33509 - 567.619 ms
[2026-01-26 17:09:53] [32minfo[39m: POST /admin/addProducts - - - - ms
[2026-01-26 17:09:53] [32minfo[39m: GET /css/admin/admin.css 200 19507 - 4.336 ms
[2026-01-26 17:09:53] [32minfo[39m: GET /img/admin/logo.jpg 200 26279 - 3.368 ms
[2026-01-26 17:09:53] [32minfo[39m: GET /img/admin/admin-avatar.jpg 200 114439 - 5.399 ms
[2026-01-26 17:09:53] [32minfo[39m: GET /css/admin/category.css 200 12433 - 2.066 ms
[2026-01-26 17:09:53] [32minfo[39m: GET /.well-known/appspecific/com.chrome.devtools.json 404 7371 - 5.052 ms
[2026-01-26 17:09:55] [32minfo[39m: POST /admin/addProducts - - - - ms
[2026-01-26 17:10:00] [32minfo[39m: hi inside the multer
[2026-01-26 17:10:00] [32minfo[39m: 698139445174944
[2026-01-26 17:10:00] [32minfo[39m: dma409l7q
[2026-01-26 17:10:00] [32minfo[39m: DRjWUJtgCysBWbMC3neHCVDAGzo
[2026-01-26 17:10:03] [32minfo[39m: connected to mongodb atlas
[2026-01-26 17:10:07] [32minfo[39m: hi inside the multer
[2026-01-26 17:10:07] [32minfo[39m: 698139445174944
[2026-01-26 17:10:07] [32minfo[39m: dma409l7q
[2026-01-26 17:10:07] [32minfo[39m: DRjWUJtgCysBWbMC3neHCVDAGzo
[2026-01-26 17:10:10] [32minfo[39m: connected to mongodb atlas
[2026-01-26 17:12:32] [32minfo[39m: hi inside the multer
[2026-01-26 17:12:32] [32minfo[39m: 698139445174944
[2026-01-26 17:12:32] [32minfo[39m: dma409l7q
[2026-01-26 17:12:32] [32minfo[39m: DRjWUJtgCysBWbMC3neHCVDAGzo
[2026-01-26 17:12:35] [32minfo[39m: hi inside the multer
[2026-01-26 17:12:35] [32minfo[39m: 698139445174944
[2026-01-26 17:12:35] [32minfo[39m: dma409l7q
[2026-01-26 17:12:35] [32minfo[39m: DRjWUJtgCysBWbMC3neHCVDAGzo
[2026-01-26 17:13:05] [32minfo[39m: hi inside the multer
[2026-01-26 17:13:05] [32minfo[39m: 698139445174944
[2026-01-26 17:13:05] [32minfo[39m: dma409l7q
[2026-01-26 17:13:05] [32minfo[39m: DRjWUJtgCysBWbMC3neHCVDAGzo
[2026-01-26 17:13:07] [32minfo[39m: connected to mongodb atlas
[2026-01-26 17:13:34] [32minfo[39m: hi inside the multer
[2026-01-26 17:13:34] [32minfo[39m: 698139445174944
[2026-01-26 17:13:34] [32minfo[39m: dma409l7q
[2026-01-26 17:13:34] [32minfo[39m: DRjWUJtgCysBWbMC3neHCVDAGzo
[2026-01-26 17:13:37] [32minfo[39m: connected to mongodb atlas
[2026-01-26 17:13:53] [32minfo[39m: hi inside the multer
[2026-01-26 17:13:53] [32minfo[39m: 698139445174944
[2026-01-26 17:13:53] [32minfo[39m: dma409l7q
[2026-01-26 17:13:53] [32minfo[39m: DRjWUJtgCysBWbMC3neHCVDAGzo
[2026-01-26 17:14:06] [32minfo[39m: hi inside the multer
[2026-01-26 17:14:06] [32minfo[39m: 698139445174944
[2026-01-26 17:14:06] [32minfo[39m: dma409l7q
[2026-01-26 17:14:06] [32minfo[39m: DRjWUJtgCysBWbMC3neHCVDAGzo
[2026-01-26 17:14:08] [32minfo[39m: connected to mongodb atlas
[2026-01-26 17:17:19] [32minfo[39m: hi inside the multer
[2026-01-26 17:17:19] [32minfo[39m: 698139445174944
[2026-01-26 17:17:19] [32minfo[39m: dma409l7q
[2026-01-26 17:17:19] [32minfo[39m: DRjWUJtgCysBWbMC3neHCVDAGzo
[2026-01-26 17:17:21] [32minfo[39m: connected to mongodb atlas
[2026-01-26 17:17:30] [32minfo[39m: hi inside the multer
[2026-01-26 17:17:30] [32minfo[39m: 698139445174944
[2026-01-26 17:17:30] [32minfo[39m: dma409l7q
[2026-01-26 17:17:30] [32minfo[39m: DRjWUJtgCysBWbMC3neHCVDAGzo
[2026-01-26 17:17:32] [32minfo[39m: connected to mongodb atlas
[2026-01-26 17:19:41] [32minfo[39m: hi inside the multer
[2026-01-26 17:19:41] [32minfo[39m: 698139445174944
[2026-01-26 17:19:41] [32minfo[39m: dma409l7q
[2026-01-26 17:19:41] [32minfo[39m: DRjWUJtgCysBWbMC3neHCVDAGzo
[2026-01-26 17:20:36] [32minfo[39m: hi inside the multer
[2026-01-26 17:20:36] [32minfo[39m: 698139445174944
[2026-01-26 17:20:36] [32minfo[39m: dma409l7q
[2026-01-26 17:20:36] [32minfo[39m: DRjWUJtgCysBWbMC3neHCVDAGzo
[2026-01-26 17:20:48] [32minfo[39m: hi inside the multer
[2026-01-26 17:20:48] [32minfo[39m: 698139445174944
[2026-01-26 17:20:48] [32minfo[39m: dma409l7q
[2026-01-26 17:20:48] [32minfo[39m: DRjWUJtgCysBWbMC3neHCVDAGzo
[2026-01-26 17:20:52] [32minfo[39m: hi inside the multer
[2026-01-26 17:20:52] [32minfo[39m: 698139445174944
[2026-01-26 17:20:52] [32minfo[39m: dma409l7q
[2026-01-26 17:20:52] [32minfo[39m: DRjWUJtgCysBWbMC3neHCVDAGzo
[2026-01-26 17:20:55] [32minfo[39m: connected to mongodb atlas
[2026-01-26 17:21:06] [32minfo[39m: hi inside the multer
[2026-01-26 17:21:06] [32minfo[39m: 698139445174944
[2026-01-26 17:21:06] [32minfo[39m: dma409l7q
[2026-01-26 17:21:06] [32minfo[39m: DRjWUJtgCysBWbMC3neHCVDAGzo
[2026-01-26 17:21:08] [32minfo[39m: hi inside the multer
[2026-01-26 17:21:08] [32minfo[39m: 698139445174944
[2026-01-26 17:21:08] [32minfo[39m: dma409l7q
[2026-01-26 17:21:08] [32minfo[39m: DRjWUJtgCysBWbMC3neHCVDAGzo
[2026-01-26 17:21:10] [32minfo[39m: connected to mongodb atlas
[2026-01-26 17:21:19] [32minfo[39m: hi inside the multer
[2026-01-26 17:21:19] [32minfo[39m: 698139445174944
[2026-01-26 17:21:19] [32minfo[39m: dma409l7q
[2026-01-26 17:21:19] [32minfo[39m: DRjWUJtgCysBWbMC3neHCVDAGzo
[2026-01-26 17:21:26] [32minfo[39m: hi inside the multer
[2026-01-26 17:21:26] [32minfo[39m: 698139445174944
[2026-01-26 17:21:26] [32minfo[39m: dma409l7q
[2026-01-26 17:21:26] [32minfo[39m: DRjWUJtgCysBWbMC3neHCVDAGzo
[2026-01-26 17:21:57] [32minfo[39m: hi inside the multer
[2026-01-26 17:21:57] [32minfo[39m: 698139445174944
[2026-01-26 17:21:57] [32minfo[39m: dma409l7q
[2026-01-26 17:21:57] [32minfo[39m: DRjWUJtgCysBWbMC3neHCVDAGzo
[2026-01-26 17:22:06] [32minfo[39m: hi inside the multer
[2026-01-26 17:22:06] [32minfo[39m: 698139445174944
[2026-01-26 17:22:06] [32minfo[39m: dma409l7q
[2026-01-26 17:22:06] [32minfo[39m: DRjWUJtgCysBWbMC3neHCVDAGzo
[2026-01-26 17:22:08] [32minfo[39m: connected to mongodb atlas
[2026-01-26 17:22:10] [32minfo[39m: hi inside the multer
[2026-01-26 17:22:10] [32minfo[39m: 698139445174944
[2026-01-26 17:22:10] [32minfo[39m: dma409l7q
[2026-01-26 17:22:10] [32minfo[39m: DRjWUJtgCysBWbMC3neHCVDAGzo
[2026-01-26 17:22:12] [32minfo[39m: connected to mongodb atlas
[2026-01-26 17:22:25] [32minfo[39m: hi inside the multer
[2026-01-26 17:22:25] [32minfo[39m: 698139445174944
[2026-01-26 17:22:25] [32minfo[39m: dma409l7q
[2026-01-26 17:22:25] [32minfo[39m: DRjWUJtgCysBWbMC3neHCVDAGzo
[2026-01-26 17:22:28] [32minfo[39m: connected to mongodb atlas
[2026-01-26 17:22:35] [32minfo[39m: hi inside the multer
[2026-01-26 17:22:35] [32minfo[39m: 698139445174944
[2026-01-26 17:22:35] [32minfo[39m: dma409l7q
[2026-01-26 17:22:35] [32minfo[39m: DRjWUJtgCysBWbMC3neHCVDAGzo
[2026-01-26 17:22:56] [32minfo[39m: hi inside the multer
[2026-01-26 17:22:56] [32minfo[39m: 698139445174944
[2026-01-26 17:22:56] [32minfo[39m: dma409l7q
[2026-01-26 17:22:56] [32minfo[39m: DRjWUJtgCysBWbMC3neHCVDAGzo
[2026-01-26 17:22:59] [32minfo[39m: connected to mongodb atlas
[2026-01-26 17:23:21] [32minfo[39m: hi inside the multer
[2026-01-26 17:23:21] [32minfo[39m: 698139445174944
[2026-01-26 17:23:21] [32minfo[39m: dma409l7q
[2026-01-26 17:23:21] [32minfo[39m: DRjWUJtgCysBWbMC3neHCVDAGzo
[2026-01-26 17:23:24] [32minfo[39m: connected to mongodb atlas
[2026-01-26 17:24:19] [32minfo[39m: hi inside the multer
[2026-01-26 17:24:19] [32minfo[39m: 698139445174944
[2026-01-26 17:24:19] [32minfo[39m: dma409l7q
[2026-01-26 17:24:19] [32minfo[39m: DRjWUJtgCysBWbMC3neHCVDAGzo
[2026-01-26 17:24:26] [32minfo[39m: hi inside the multer
[2026-01-26 17:24:26] [32minfo[39m: 698139445174944
[2026-01-26 17:24:26] [32minfo[39m: dma409l7q
[2026-01-26 17:24:26] [32minfo[39m: DRjWUJtgCysBWbMC3neHCVDAGzo
[2026-01-26 17:24:29] [32minfo[39m: connected to mongodb atlas
[2026-01-26 17:24:53] [32minfo[39m: GET /admin/products 302 41 - 165.047 ms
[2026-01-26 17:24:53] [32minfo[39m: GET /admin/login 200 3335 - 28.927 ms
[2026-01-26 17:24:53] [32minfo[39m: GET /.well-known/appspecific/com.chrome.devtools.json 404 7371 - 10.316 ms
[2026-01-26 17:24:53] [32minfo[39m: GET /css/admin/login.css 200 4353 - 16.899 ms
[2026-01-26 17:24:53] [32minfo[39m: GET /img/admin-weaver.jpg 200 36006 - 8.788 ms
[2026-01-26 17:25:03] [32minfo[39m: Admin logged in successfully.
[2026-01-26 17:25:03] [32minfo[39m: POST /admin/login 302 45 - 355.041 ms
[2026-01-26 17:25:03] [32minfo[39m: GET /admin/dashboard 200 36681 - 130.551 ms
[2026-01-26 17:25:03] [32minfo[39m: GET /css/admin/admin.css 200 19507 - 6.940 ms
[2026-01-26 17:25:03] [32minfo[39m: GET /css/admin/dashboard.css 200 2698 - 7.087 ms
[2026-01-26 17:25:03] [32minfo[39m: GET /img/admin/logo.jpg 200 26279 - 4.563 ms
[2026-01-26 17:25:03] [32minfo[39m: GET /img/admin/admin-avatar.jpg 200 114439 - 11.852 ms
[2026-01-26 17:25:04] [32minfo[39m: Fetching dashboard stats
[2026-01-26 17:25:04] [32minfo[39m: Fetching top products
[2026-01-26 17:25:04] [32minfo[39m: Fetching sales chart data
[2026-01-26 17:25:04] [32minfo[39m: Sales data processed successfully
[2026-01-26 17:25:04] [32minfo[39m: Sales chart data delivered successfully
[2026-01-26 17:25:04] [32minfo[39m: Top products delivered successfully
[2026-01-26 17:25:04] [32minfo[39m: GET /admin/api/sales-data 200 179 - 307.269 ms
[2026-01-26 17:25:04] [32minfo[39m: GET /admin/api/top-products?page=1&limit=4 200 30 - 320.255 ms
[2026-01-26 17:25:04] [32minfo[39m: Dashboard stats calculated
[2026-01-26 17:25:04] [32minfo[39m: Dashboard stats delivered successfully
[2026-01-26 17:25:04] [32minfo[39m: GET /admin/api/stats 200 63 - 521.847 ms
[2026-01-26 17:25:10] [32minfo[39m: GET /admin/products 200 33509 - 617.782 ms
[2026-01-26 17:25:10] [32minfo[39m: GET /css/admin/admin.css 200 19507 - 11.848 ms
[2026-01-26 17:25:10] [32minfo[39m: GET /img/admin/logo.jpg 200 26279 - 13.726 ms
[2026-01-26 17:25:10] [32minfo[39m: GET /img/admin/admin-avatar.jpg 200 114439 - 15.994 ms
[2026-01-26 17:25:10] [32minfo[39m: GET /css/admin/category.css 200 12433 - 8.929 ms
[2026-01-26 17:26:10] [32minfo[39m: GET /css/admin/admin.css 200 19507 - 10.114 ms
[2026-01-26 17:26:10] [32minfo[39m: GET /css/admin/category.css 200 12433 - 7.845 ms
[2026-01-26 17:26:10] [32minfo[39m: GET /.well-known/appspecific/com.chrome.devtools.json 404 7371 - 8.532 ms
[2026-01-26 17:26:39] [32minfo[39m: product restored:Bottle Green Maheshwari saree
[2026-01-26 17:26:39] [32minfo[39m: POST /admin/addProducts 200 553 - 34419.612 ms
[2026-01-26 17:26:47] [32minfo[39m: GET /admin/products 200 34872 - 6103.562 ms
[2026-01-26 17:26:47] [32minfo[39m: GET /css/admin/admin.css 200 19507 - 4.114 ms
[2026-01-26 17:26:47] [32minfo[39m: GET /img/admin/logo.jpg 200 26279 - 14.690 ms
[2026-01-26 17:26:47] [32minfo[39m: GET /img/admin/admin-avatar.jpg 200 114439 - 11.463 ms
[2026-01-26 17:26:47] [32minfo[39m: GET /.well-known/appspecific/com.chrome.devtools.json 404 7371 - 11.670 ms
[2026-01-26 17:26:47] [32minfo[39m: GET /css/admin/category.css 200 12433 - 3.761 ms
[2026-01-26 17:26:49] [32minfo[39m: POST /admin/addProducts - - - - ms
[2026-01-26 17:26:55] [32minfo[39m: POST /admin/addProducts - - - - ms
[2026-01-26 17:31:35] [32minfo[39m: hi inside the multer
[2026-01-26 17:31:35] [32minfo[39m: 698139445174944
[2026-01-26 17:31:35] [32minfo[39m: dma409l7q
[2026-01-26 17:31:35] [32minfo[39m: DRjWUJtgCysBWbMC3neHCVDAGzo
[2026-01-26 17:31:39] [32minfo[39m: connected to mongodb atlas
[2026-01-26 17:31:39] [32minfo[39m: GET /admin/products 302 41 - 711.205 ms
[2026-01-26 17:31:39] [32minfo[39m: GET /admin/login 200 3335 - 91.868 ms
[2026-01-26 17:31:39] [32minfo[39m: GET /.well-known/appspecific/com.chrome.devtools.json 404 7371 - 26.211 ms
[2026-01-26 17:31:39] [32minfo[39m: GET /css/admin/login.css 200 4353 - 42.148 ms
[2026-01-26 17:31:39] [32minfo[39m: GET /img/admin-weaver.jpg 200 36006 - 44.192 ms
[2026-01-26 17:31:53] [32minfo[39m: Admin logged in successfully.
[2026-01-26 17:31:53] [32minfo[39m: POST /admin/login 302 45 - 297.304 ms
[2026-01-26 17:31:53] [32minfo[39m: GET /admin/dashboard 200 36681 - 122.839 ms
[2026-01-26 17:31:53] [32minfo[39m: GET /.well-known/appspecific/com.chrome.devtools.json 404 7371 - 21.601 ms
[2026-01-26 17:31:53] [32minfo[39m: GET /css/admin/admin.css 200 19507 - 7.295 ms
[2026-01-26 17:31:53] [32minfo[39m: GET /css/admin/dashboard.css 200 2698 - 8.402 ms
[2026-01-26 17:31:53] [32minfo[39m: GET /img/admin/logo.jpg 200 26279 - 13.803 ms
[2026-01-26 17:31:53] [32minfo[39m: GET /img/admin/admin-avatar.jpg 200 114439 - 12.251 ms
[2026-01-26 17:31:54] [32minfo[39m: Fetching dashboard stats
[2026-01-26 17:31:54] [32minfo[39m: Fetching top products
[2026-01-26 17:31:54] [32minfo[39m: Fetching sales chart data
[2026-01-26 17:31:54] [32minfo[39m: Sales data processed successfully
[2026-01-26 17:31:54] [32minfo[39m: Sales chart data delivered successfully
[2026-01-26 17:31:54] [32minfo[39m: GET /admin/api/sales-data 200 179 - 325.990 ms
[2026-01-26 17:31:54] [32minfo[39m: Top products delivered successfully
[2026-01-26 17:31:54] [32minfo[39m: GET /admin/api/top-products?page=1&limit=4 200 30 - 445.962 ms
[2026-01-26 17:31:55] [32minfo[39m: Dashboard stats calculated
[2026-01-26 17:31:55] [32minfo[39m: Dashboard stats delivered successfully
[2026-01-26 17:31:55] [32minfo[39m: GET /admin/api/stats 200 63 - 758.270 ms
[2026-01-26 17:32:08] [32minfo[39m: GET /admin/products 200 34872 - 702.341 ms
[2026-01-26 17:32:08] [32minfo[39m: GET /css/admin/admin.css 200 19507 - 3.006 ms
[2026-01-26 17:32:08] [32minfo[39m: GET /.well-known/appspecific/com.chrome.devtools.json 404 7371 - 17.868 ms
[2026-01-26 17:32:08] [32minfo[39m: GET /img/admin/logo.jpg 200 26279 - 36.085 ms
[2026-01-26 17:32:08] [32minfo[39m: GET /img/admin/admin-avatar.jpg 200 114439 - 29.438 ms
[2026-01-26 17:32:08] [32minfo[39m: GET /css/admin/category.css 200 12433 - 13.958 ms
[2026-01-26 17:33:22] [32minfo[39m: hi inside the multer
[2026-01-26 17:33:22] [32minfo[39m: 698139445174944
[2026-01-26 17:33:22] [32minfo[39m: dma409l7q
[2026-01-26 17:33:22] [32minfo[39m: DRjWUJtgCysBWbMC3neHCVDAGzo
[2026-01-26 17:33:26] [32minfo[39m: hi inside the multer
[2026-01-26 17:33:26] [32minfo[39m: 698139445174944
[2026-01-26 17:33:26] [32minfo[39m: dma409l7q
[2026-01-26 17:33:26] [32minfo[39m: DRjWUJtgCysBWbMC3neHCVDAGzo
[2026-01-26 17:33:28] [32minfo[39m: connected to mongodb atlas
[2026-01-26 17:33:55] [32minfo[39m: hi inside the multer
[2026-01-26 17:33:55] [32minfo[39m: 698139445174944
[2026-01-26 17:33:55] [32minfo[39m: dma409l7q
[2026-01-26 17:33:55] [32minfo[39m: DRjWUJtgCysBWbMC3neHCVDAGzo
[2026-01-26 17:33:58] [32minfo[39m: connected to mongodb atlas
[2026-01-26 17:36:38] [32minfo[39m: hi inside the multer
[2026-01-26 17:36:38] [32minfo[39m: 698139445174944
[2026-01-26 17:36:38] [32minfo[39m: dma409l7q
[2026-01-26 17:36:38] [32minfo[39m: DRjWUJtgCysBWbMC3neHCVDAGzo
[2026-01-26 17:36:41] [32minfo[39m: connected to mongodb atlas
[2026-01-26 17:37:58] [32minfo[39m: POST /admin/addProducts 302 34 - 212.151 ms
[2026-01-26 17:37:58] [32minfo[39m: GET /admin/login 200 3335 - 48.320 ms
[2026-01-26 17:38:22] [32minfo[39m: GET /admin/products 302 41 - 120.143 ms
[2026-01-26 17:38:22] [32minfo[39m: GET /admin/login 200 3335 - 4.766 ms
[2026-01-26 17:38:22] [32minfo[39m: GET /css/admin/login.css 200 4353 - 21.638 ms
[2026-01-26 17:38:22] [32minfo[39m: GET /img/admin-weaver.jpg 200 36006 - 26.663 ms
[2026-01-26 17:38:29] [32minfo[39m: Admin logged in successfully.
[2026-01-26 17:38:29] [32minfo[39m: POST /admin/login 302 45 - 362.367 ms
[2026-01-26 17:38:30] [32minfo[39m: GET /admin/dashboard 200 36681 - 210.953 ms
[2026-01-26 17:38:30] [32minfo[39m: GET /css/admin/admin.css 200 19507 - 7.069 ms
[2026-01-26 17:38:30] [32minfo[39m: GET /css/admin/dashboard.css 200 2698 - 13.192 ms
[2026-01-26 17:38:30] [32minfo[39m: GET /img/admin/logo.jpg 200 26279 - 16.621 ms
[2026-01-26 17:38:30] [32minfo[39m: GET /img/admin/admin-avatar.jpg 200 114439 - 25.470 ms
[2026-01-26 17:38:31] [32minfo[39m: Fetching dashboard stats
[2026-01-26 17:38:31] [32minfo[39m: Fetching top products
[2026-01-26 17:38:31] [32minfo[39m: Fetching sales chart data
[2026-01-26 17:38:31] [32minfo[39m: Sales data processed successfully
[2026-01-26 17:38:31] [32minfo[39m: Sales chart data delivered successfully
[2026-01-26 17:38:31] [32minfo[39m: GET /admin/api/sales-data 200 179 - 236.845 ms
[2026-01-26 17:38:31] [32minfo[39m: Top products delivered successfully
[2026-01-26 17:38:31] [32minfo[39m: GET /admin/api/top-products?page=1&limit=4 200 30 - 339.572 ms
[2026-01-26 17:38:31] [32minfo[39m: Dashboard stats calculated
[2026-01-26 17:38:31] [32minfo[39m: Dashboard stats delivered successfully
[2026-01-26 17:38:31] [32minfo[39m: GET /admin/api/stats 200 63 - 603.583 ms
[2026-01-26 17:38:36] [32minfo[39m: GET /admin/products 200 34872 - 728.601 ms
[2026-01-26 17:38:36] [32minfo[39m: GET /css/admin/admin.css 200 19507 - 9.348 ms
[2026-01-26 17:38:36] [32minfo[39m: GET /img/admin/logo.jpg 200 26279 - 10.348 ms
[2026-01-26 17:38:36] [32minfo[39m: GET /img/admin/admin-avatar.jpg 200 114439 - 19.273 ms
[2026-01-26 17:38:36] [32minfo[39m: GET /css/admin/category.css 200 12433 - 6.883 ms
[2026-01-26 17:39:32] [32minfo[39m: product added:Yellow Organza Floral Sarees
[2026-01-26 17:39:32] [32minfo[39m: POST /admin/addProducts 201 549 - 16120.583 ms
[2026-01-26 17:39:35] [32minfo[39m: GET /admin/products 200 36235 - 542.590 ms
[2026-01-26 17:39:35] [32minfo[39m: GET /css/admin/admin.css 200 19507 - 2.245 ms
[2026-01-26 17:39:35] [32minfo[39m: GET /img/admin/logo.jpg 200 26279 - 2.318 ms
[2026-01-26 17:39:35] [32minfo[39m: GET /img/admin/admin-avatar.jpg 200 114439 - 3.119 ms
[2026-01-26 17:39:35] [32minfo[39m: GET /css/admin/category.css 200 12433 - 2.512 ms
[2026-01-26 17:45:24] [32minfo[39m: hi inside the multer
[2026-01-26 17:45:24] [32minfo[39m: 698139445174944
[2026-01-26 17:45:24] [32minfo[39m: dma409l7q
[2026-01-26 17:45:24] [32minfo[39m: DRjWUJtgCysBWbMC3neHCVDAGzo
[2026-01-26 17:45:32] [32minfo[39m: hi inside the multer
[2026-01-26 17:45:32] [32minfo[39m: 698139445174944
[2026-01-26 17:45:32] [32minfo[39m: dma409l7q
[2026-01-26 17:45:32] [32minfo[39m: DRjWUJtgCysBWbMC3neHCVDAGzo
[2026-01-26 17:45:34] [32minfo[39m: connected to mongodb atlas
[2026-01-26 17:45:41] [32minfo[39m: hi inside the multer
[2026-01-26 17:45:41] [32minfo[39m: 698139445174944
[2026-01-26 17:45:41] [32minfo[39m: dma409l7q
[2026-01-26 17:45:41] [32minfo[39m: DRjWUJtgCysBWbMC3neHCVDAGzo
[2026-01-26 17:45:43] [32minfo[39m: connected to mongodb atlas
[2026-01-26 19:32:50] [32minfo[39m: GET /admin/products 302 41 - 949.101 ms
[2026-01-26 19:32:50] [32minfo[39m: GET /admin/login 200 3335 - 29.026 ms
[2026-01-26 19:32:50] [32minfo[39m: GET /css/admin/login.css 200 4353 - 5.050 ms
[2026-01-26 19:32:50] [32minfo[39m: GET /img/admin-weaver.jpg 200 36006 - 6.634 ms
[2026-01-26 19:34:29] [32minfo[39m: GET /admin/login 200 3335 - 7.412 ms
[2026-01-26 19:34:29] [32minfo[39m: GET /css/admin/login.css 200 4353 - 2.907 ms
[2026-01-26 19:34:29] [32minfo[39m: GET /img/admin-weaver.jpg 200 36006 - 3.773 ms
[2026-01-26 19:34:37] [32minfo[39m: Admin logged in successfully.
[2026-01-26 19:34:37] [32minfo[39m: POST /admin/login 302 45 - 191.300 ms
[2026-01-26 19:34:37] [32minfo[39m: GET /admin/dashboard 200 36681 - 81.416 ms
[2026-01-26 19:34:37] [32minfo[39m: GET /css/admin/admin.css 200 19507 - 5.243 ms
[2026-01-26 19:34:37] [32minfo[39m: GET /css/admin/dashboard.css 200 2698 - 3.742 ms
[2026-01-26 19:34:37] [32minfo[39m: GET /img/admin/logo.jpg 200 26279 - 8.758 ms
[2026-01-26 19:34:37] [32minfo[39m: GET /img/admin/admin-avatar.jpg 200 114439 - 9.367 ms
[2026-01-26 19:34:38] [32minfo[39m: Fetching dashboard stats
[2026-01-26 19:34:38] [32minfo[39m: Dashboard stats calculated
[2026-01-26 19:34:38] [32minfo[39m: Dashboard stats delivered successfully
[2026-01-26 19:34:38] [32minfo[39m: GET /admin/api/stats 200 63 - 769.867 ms
[2026-01-26 19:34:39] [32minfo[39m: Fetching sales chart data
[2026-01-26 19:34:39] [32minfo[39m: Fetching top products
[2026-01-26 19:34:39] [32minfo[39m: Sales data processed successfully
[2026-01-26 19:34:39] [32minfo[39m: Sales chart data delivered successfully
[2026-01-26 19:34:39] [32minfo[39m: GET /admin/api/sales-data 200 179 - 1064.732 ms
[2026-01-26 19:34:39] [32minfo[39m: Top products delivered successfully
[2026-01-26 19:34:39] [32minfo[39m: GET /admin/api/top-products?page=1&limit=4 200 30 - 1150.144 ms
[2026-01-26 19:34:41] [32minfo[39m: GET /admin/products 200 34872 - 409.097 ms
[2026-01-26 19:34:41] [32minfo[39m: GET /css/admin/admin.css 200 19507 - 5.495 ms
[2026-01-26 19:34:41] [32minfo[39m: GET /img/admin/logo.jpg 200 26279 - 5.047 ms
[2026-01-26 19:34:41] [32minfo[39m: GET /img/admin/admin-avatar.jpg 200 114439 - 6.223 ms
[2026-01-26 19:34:41] [32minfo[39m: GET /css/admin/category.css 200 12433 - 2.175 ms
[2026-01-26 19:35:36] [32minfo[39m: GET /css/admin/category.css 200 12433 - 2.826 ms
[2026-01-26 19:35:36] [32minfo[39m: GET /css/admin/admin.css 200 19507 - 3.594 ms
[2026-01-26 19:35:36] [32minfo[39m: GET /.well-known/appspecific/com.chrome.devtools.json 404 7371 - 12.251 ms
[2026-01-26 19:35:43] [32minfo[39m: product added:Yellow Organza Floral Sarees
[2026-01-26 19:35:43] [32minfo[39m: POST /admin/addProducts 201 825 - 12331.534 ms
[2026-01-26 19:35:45] [32minfo[39m: GET /admin/products 200 36292 - 371.189 ms
[2026-01-26 19:35:45] [32minfo[39m: GET /css/admin/admin.css 200 19507 - 3.462 ms
[2026-01-26 19:35:45] [32minfo[39m: GET /img/admin/logo.jpg 200 26279 - 4.512 ms
[2026-01-26 19:35:45] [32minfo[39m: GET /img/admin/admin-avatar.jpg 200 114439 - 6.015 ms
[2026-01-26 19:35:45] [32minfo[39m: GET /.well-known/appspecific/com.chrome.devtools.json 404 7371 - 6.920 ms
[2026-01-26 19:35:45] [32minfo[39m: GET /https://res.cloudinary.com/dma409l7q/image/upload/v1769436336/chettinad/admin/products/product-97c56ef7-922f-4796-9fed-f7d2f6744e52.jpg 404 7371 - 6.541 ms
[2026-01-26 19:35:45] [32minfo[39m: GET /css/admin/category.css 200 12433 - 9.927 ms
[2026-01-26 19:35:46] [32minfo[39m: POST /admin/addProducts - - - - ms
[2026-01-26 19:35:47] [31merror[39m: POST /admin/addProducts-Cannot read properties of undefined (reading 'productName')
[2026-01-26 19:38:31] [32minfo[39m: hi inside the multer
[2026-01-26 19:38:31] [32minfo[39m: 698139445174944
[2026-01-26 19:38:31] [32minfo[39m: dma409l7q
[2026-01-26 19:38:31] [32minfo[39m: DRjWUJtgCysBWbMC3neHCVDAGzo
[2026-01-26 19:38:34] [32minfo[39m: hi inside the multer
[2026-01-26 19:38:34] [32minfo[39m: 698139445174944
[2026-01-26 19:38:34] [32minfo[39m: dma409l7q
[2026-01-26 19:38:34] [32minfo[39m: DRjWUJtgCysBWbMC3neHCVDAGzo
[2026-01-26 19:38:36] [32minfo[39m: hi inside the multer
[2026-01-26 19:38:36] [32minfo[39m: 698139445174944
[2026-01-26 19:38:36] [32minfo[39m: dma409l7q
[2026-01-26 19:38:36] [32minfo[39m: DRjWUJtgCysBWbMC3neHCVDAGzo
[2026-01-26 19:38:38] [32minfo[39m: connected to mongodb atlas
[2026-01-26 19:38:45] [32minfo[39m: hi inside the multer
[2026-01-26 19:38:45] [32minfo[39m: 698139445174944
[2026-01-26 19:38:45] [32minfo[39m: dma409l7q
[2026-01-26 19:38:45] [32minfo[39m: DRjWUJtgCysBWbMC3neHCVDAGzo
[2026-01-26 19:38:46] [32minfo[39m: connected to mongodb atlas
[2026-01-26 19:38:53] [32minfo[39m: hi inside the multer
[2026-01-26 19:38:53] [32minfo[39m: 698139445174944
[2026-01-26 19:38:53] [32minfo[39m: dma409l7q
[2026-01-26 19:38:53] [32minfo[39m: DRjWUJtgCysBWbMC3neHCVDAGzo
[2026-01-26 19:38:56] [32minfo[39m: hi inside the multer
[2026-01-26 19:38:56] [32minfo[39m: 698139445174944
[2026-01-26 19:38:56] [32minfo[39m: dma409l7q
[2026-01-26 19:38:56] [32minfo[39m: DRjWUJtgCysBWbMC3neHCVDAGzo
[2026-01-26 19:38:57] [32minfo[39m: connected to mongodb atlas
[2026-01-26 19:40:06] [32minfo[39m: hi inside the multer
[2026-01-26 19:40:06] [32minfo[39m: 698139445174944
[2026-01-26 19:40:06] [32minfo[39m: dma409l7q
[2026-01-26 19:40:06] [32minfo[39m: DRjWUJtgCysBWbMC3neHCVDAGzo
[2026-01-26 19:40:08] [32minfo[39m: connected to mongodb atlas
[2026-01-26 19:40:13] [32minfo[39m: GET /admin/products 302 41 - 201.261 ms
[2026-01-26 19:40:13] [32minfo[39m: GET /admin/login 200 3335 - 25.139 ms
[2026-01-26 19:40:13] [32minfo[39m: GET /css/admin/login.css 200 4353 - 7.479 ms
[2026-01-26 19:40:13] [32minfo[39m: GET /img/admin-weaver.jpg 200 36006 - 8.674 ms
[2026-01-26 19:40:21] [32minfo[39m: Admin logged in successfully.
[2026-01-26 19:40:21] [32minfo[39m: POST /admin/login 302 45 - 264.493 ms
[2026-01-26 19:40:21] [32minfo[39m: GET /admin/dashboard 200 36681 - 203.754 ms
[2026-01-26 19:40:21] [32minfo[39m: GET /css/admin/admin.css 200 19507 - 2.322 ms
[2026-01-26 19:40:21] [32minfo[39m: GET /css/admin/dashboard.css 200 2698 - 3.784 ms
[2026-01-26 19:40:21] [32minfo[39m: GET /img/admin/logo.jpg 200 26279 - 4.542 ms
[2026-01-26 19:40:21] [32minfo[39m: GET /img/admin/admin-avatar.jpg 200 114439 - 5.065 ms
[2026-01-26 19:40:21] [32minfo[39m: Fetching sales chart data
[2026-01-26 19:40:21] [32minfo[39m: Fetching dashboard stats
[2026-01-26 19:40:21] [32minfo[39m: Fetching top products
[2026-01-26 19:40:22] [32minfo[39m: Sales data processed successfully
[2026-01-26 19:40:22] [32minfo[39m: Sales chart data delivered successfully
[2026-01-26 19:40:22] [32minfo[39m: GET /admin/api/sales-data 200 179 - 281.634 ms
[2026-01-26 19:40:22] [32minfo[39m: Top products delivered successfully
[2026-01-26 19:40:22] [32minfo[39m: GET /admin/api/top-products?page=1&limit=4 200 30 - 616.403 ms
[2026-01-26 19:40:22] [32minfo[39m: Dashboard stats calculated
[2026-01-26 19:40:22] [32minfo[39m: Dashboard stats delivered successfully
[2026-01-26 19:40:22] [32minfo[39m: GET /admin/api/stats 200 63 - 778.326 ms
[2026-01-26 19:40:25] [32minfo[39m: GET /admin/products 200 36292 - 380.457 ms
[2026-01-26 19:40:25] [32minfo[39m: GET /css/admin/admin.css 200 19507 - 5.875 ms
[2026-01-26 19:40:26] [32minfo[39m: GET /img/admin/logo.jpg 200 26279 - 8.111 ms
[2026-01-26 19:40:26] [32minfo[39m: GET /img/admin/admin-avatar.jpg 200 114439 - 8.182 ms
[2026-01-26 19:40:26] [32minfo[39m: GET /https://res.cloudinary.com/dma409l7q/image/upload/v1769436336/chettinad/admin/products/product-97c56ef7-922f-4796-9fed-f7d2f6744e52.jpg 404 7371 - 10.836 ms
[2026-01-26 19:40:26] [32minfo[39m: GET /css/admin/category.css 200 12433 - 23.032 ms
[2026-01-26 19:40:31] [32minfo[39m: GET /https://res.cloudinary.com/dma409l7q/image/upload/v1769436336/chettinad/admin/products/product-97c56ef7-922f-4796-9fed-f7d2f6744e52.jpg 404 7371 - 6.347 ms
[2026-01-26 19:40:31] [32minfo[39m: GET /css/common.css 200 2780 - 3.766 ms
[2026-01-26 19:40:31] [32minfo[39m: GET /css/header.css 200 5759 - 6.920 ms
[2026-01-26 19:40:31] [32minfo[39m: GET /css/footer.css 200 4817 - 16.344 ms
[2026-01-26 19:40:31] [32minfo[39m: GET /img/insta-post2.jpg 200 64682 - 17.736 ms
[2026-01-26 19:40:31] [32minfo[39m: GET /css/pageNotFound.css 200 2786 - 34.890 ms
[2026-01-26 19:40:31] [32minfo[39m: GET /img/insta-post1.jpg 200 99817 - 32.826 ms
[2026-01-26 19:40:31] [32minfo[39m: GET /img/insta-post4.jpg 200 63176 - 29.105 ms
[2026-01-26 19:40:31] [32minfo[39m: GET /js/common.js 200 2070 - 15.055 ms
[2026-01-26 19:40:31] [32minfo[39m: GET /img/insta-post3.jpg 200 169905 - 39.869 ms
[2026-01-26 19:40:31] [32minfo[39m: GET /css/saree-pattern-bg.jpg 404 7371 - 3.464 ms
[2026-01-26 19:40:35] [32minfo[39m: GET /https://res.cloudinary.com/dma409l7q/image/upload/v1769436336/chettinad/admin/products/product-97c56ef7-922f-4796-9fed-f7d2f6744e52.jpg 404 7371 - 2.113 ms
[2026-01-26 19:40:43] [32minfo[39m: GET /css/admin/admin.css 200 19507 - 2.160 ms
[2026-01-26 19:40:43] [32minfo[39m: GET /css/admin/category.css 200 12433 - 2.707 ms
[2026-01-26 19:40:43] [32minfo[39m: GET /.well-known/appspecific/com.chrome.devtools.json 404 7371 - 3.165 ms
[2026-01-26 19:52:01] [32minfo[39m: hi inside the multer
[2026-01-26 19:52:01] [32minfo[39m: 698139445174944
[2026-01-26 19:52:01] [32minfo[39m: dma409l7q
[2026-01-26 19:52:01] [32minfo[39m: DRjWUJtgCysBWbMC3neHCVDAGzo
[2026-01-26 19:52:02] [31merror[39m: monogoDB connection error: querySrv ECONNREFUSED _mongodb._tcp.chettinad.9d7kbbi.mongodb.net
[2026-01-26 21:41:45] [32minfo[39m: hi inside the multer
[2026-01-26 21:41:45] [32minfo[39m: 698139445174944
[2026-01-26 21:41:45] [32minfo[39m: dma409l7q
[2026-01-26 21:41:45] [32minfo[39m: DRjWUJtgCysBWbMC3neHCVDAGzo
[2026-01-26 21:41:47] [32minfo[39m: connected to mongodb atlas
[2026-01-26 21:41:48] [32minfo[39m: GET /admin/categories 302 41 - 741.215 ms
[2026-01-26 21:41:48] [32minfo[39m: GET /admin/login 200 3335 - 9.461 ms
[2026-01-26 21:41:48] [32minfo[39m: GET /css/admin/login.css 200 4353 - 8.050 ms
[2026-01-26 21:41:48] [32minfo[39m: GET /img/admin-weaver.jpg 200 36006 - 13.989 ms
[2026-01-26 21:41:48] [32minfo[39m: GET /.well-known/appspecific/com.chrome.devtools.json 404 7371 - 5.860 ms
[2026-01-26 21:41:57] [32minfo[39m: Admin logged in successfully.
[2026-01-26 21:41:57] [32minfo[39m: POST /admin/login 302 45 - 284.240 ms
[2026-01-26 21:41:57] [32minfo[39m: GET /admin/dashboard 200 36681 - 140.159 ms
[2026-01-26 21:41:57] [32minfo[39m: GET /.well-known/appspecific/com.chrome.devtools.json 404 7371 - 41.485 ms
[2026-01-26 21:41:57] [32minfo[39m: GET /css/admin/admin.css 200 19507 - 16.272 ms
[2026-01-26 21:41:57] [32minfo[39m: GET /css/admin/dashboard.css 200 2698 - 15.911 ms
[2026-01-26 21:41:57] [32minfo[39m: GET /img/admin/logo.jpg 200 26279 - 19.019 ms
[2026-01-26 21:41:57] [32minfo[39m: GET /img/admin/admin-avatar.jpg 200 114439 - 37.651 ms
[2026-01-26 21:41:58] [32minfo[39m: Fetching dashboard stats
[2026-01-26 21:41:58] [32minfo[39m: Fetching top products
[2026-01-26 21:41:58] [32minfo[39m: Fetching sales chart data
[2026-01-26 21:41:58] [32minfo[39m: Sales data processed successfully
[2026-01-26 21:41:58] [32minfo[39m: Sales chart data delivered successfully
[2026-01-26 21:41:58] [32minfo[39m: GET /admin/api/sales-data 200 179 - 379.624 ms
[2026-01-26 21:41:59] [32minfo[39m: Top products delivered successfully
[2026-01-26 21:41:59] [32minfo[39m: GET /admin/api/top-products?page=1&limit=4 200 30 - 501.908 ms
[2026-01-26 21:41:59] [32minfo[39m: Dashboard stats calculated
[2026-01-26 21:41:59] [32minfo[39m: Dashboard stats delivered successfully
[2026-01-26 21:41:59] [32minfo[39m: GET /admin/api/stats 200 63 - 622.268 ms
[2026-01-26 21:42:04] [32minfo[39m: GET /admin/products 200 36292 - 667.593 ms
[2026-01-26 21:42:04] [32minfo[39m: GET /.well-known/appspecific/com.chrome.devtools.json 404 7371 - 13.724 ms
[2026-01-26 21:42:04] [32minfo[39m: GET /css/admin/admin.css 200 19507 - 31.845 ms
[2026-01-26 21:42:04] [32minfo[39m: GET /img/admin/logo.jpg 200 26279 - 34.543 ms
[2026-01-26 21:42:04] [32minfo[39m: GET /img/admin/admin-avatar.jpg 200 114439 - 35.877 ms
[2026-01-26 21:42:04] [32minfo[39m: GET /https://res.cloudinary.com/dma409l7q/image/upload/v1769436336/chettinad/admin/products/product-97c56ef7-922f-4796-9fed-f7d2f6744e52.jpg 404 7371 - 22.331 ms
[2026-01-26 21:42:04] [32minfo[39m: GET /css/admin/category.css 200 12433 - 45.462 ms
[2026-01-26 21:42:25] [32minfo[39m: GET /css/admin/category.css 200 12433 - 16.020 ms
[2026-01-26 21:42:25] [32minfo[39m: GET /css/admin/admin.css 200 19507 - 19.668 ms
[2026-01-26 21:42:25] [32minfo[39m: GET /.well-known/appspecific/com.chrome.devtools.json 404 7371 - 16.848 ms
[2026-01-27 07:49:32] [32minfo[39m: hi inside the multer
[2026-01-27 07:49:32] [32minfo[39m: 698139445174944
[2026-01-27 07:49:32] [32minfo[39m: dma409l7q
[2026-01-27 07:49:32] [32minfo[39m: DRjWUJtgCysBWbMC3neHCVDAGzo
[2026-01-27 07:49:35] [32minfo[39m: connected to mongodb atlas
[2026-01-27 07:51:59] [32minfo[39m: GET /admin/products 302 41 - 153.945 ms
[2026-01-27 07:51:59] [32minfo[39m: GET /admin/login 200 3335 - 36.401 ms
[2026-01-27 07:51:59] [32minfo[39m: GET /.well-known/appspecific/com.chrome.devtools.json 404 7371 - 73.126 ms
[2026-01-27 07:51:59] [32minfo[39m: GET /css/admin/login.css 200 4353 - 93.292 ms
[2026-01-27 07:51:59] [32minfo[39m: GET /img/admin-weaver.jpg 200 36006 - 14.910 ms
[2026-01-27 07:52:07] [32minfo[39m: Admin logged in successfully.
[2026-01-27 07:52:07] [32minfo[39m: POST /admin/login 302 45 - 288.214 ms
[2026-01-27 07:52:07] [32minfo[39m: GET /admin/dashboard 200 36681 - 326.149 ms
[2026-01-27 07:52:07] [32minfo[39m: GET /.well-known/appspecific/com.chrome.devtools.json 404 7371 - 24.775 ms
[2026-01-27 07:52:07] [32minfo[39m: GET /css/admin/admin.css 200 19507 - 29.765 ms
[2026-01-27 07:52:07] [32minfo[39m: GET /css/admin/dashboard.css 200 2698 - 20.941 ms
[2026-01-27 07:52:07] [32minfo[39m: GET /img/admin/logo.jpg 200 26279 - 33.236 ms
[2026-01-27 07:52:07] [32minfo[39m: GET /img/admin/admin-avatar.jpg 200 114439 - 32.652 ms
[2026-01-27 07:52:08] [32minfo[39m: Fetching dashboard stats
[2026-01-27 07:52:08] [32minfo[39m: Fetching sales chart data
[2026-01-27 07:52:08] [32minfo[39m: Fetching top products
[2026-01-27 07:52:09] [32minfo[39m: Sales data processed successfully
[2026-01-27 07:52:09] [32minfo[39m: Sales chart data delivered successfully
[2026-01-27 07:52:09] [32minfo[39m: GET /admin/api/sales-data 200 179 - 526.431 ms
[2026-01-27 07:52:09] [32minfo[39m: Top products delivered successfully
[2026-01-27 07:52:09] [32minfo[39m: GET /admin/api/top-products?page=1&limit=4 200 30 - 666.799 ms
[2026-01-27 07:52:09] [32minfo[39m: Dashboard stats calculated
[2026-01-27 07:52:09] [32minfo[39m: Dashboard stats delivered successfully
[2026-01-27 07:52:09] [32minfo[39m: GET /admin/api/stats 200 63 - 1009.618 ms
[2026-01-27 07:52:15] [32minfo[39m: GET /admin/products 200 36291 - 1281.070 ms
[2026-01-27 07:52:15] [32minfo[39m: GET /.well-known/appspecific/com.chrome.devtools.json 404 7371 - 30.146 ms
[2026-01-27 07:52:15] [32minfo[39m: GET /img/admin/logo.jpg 200 26279 - 16.087 ms
[2026-01-27 07:52:15] [32minfo[39m: GET /css/admin/category.css 200 12433 - 17.798 ms
[2026-01-27 07:52:15] [32minfo[39m: GET /img/admin/admin-avatar.jpg 200 114439 - 16.896 ms
[2026-01-27 07:52:15] [32minfo[39m: GET /css/admin/admin.css 200 19507 - 22.845 ms
[2026-01-27 08:00:03] [32minfo[39m: product deleted: Red Maheshwari sarees
[2026-01-27 08:00:03] [32minfo[39m: DELETE /admin/products/69775286aaa1b75d4d2f893a 200 57 - 463.531 ms
[2026-01-27 08:00:05] [32minfo[39m: GET /admin/products 200 34915 - 514.579 ms
[2026-01-27 08:00:05] [32minfo[39m: GET /css/admin/admin.css 200 19507 - 3.238 ms
[2026-01-27 08:00:05] [32minfo[39m: GET /img/admin/logo.jpg 200 26279 - 5.398 ms
[2026-01-27 08:00:05] [32minfo[39m: GET /img/admin/admin-avatar.jpg 200 114439 - 20.121 ms
[2026-01-27 08:00:05] [32minfo[39m: GET /css/admin/category.css 200 12433 - 10.857 ms
[2026-01-27 08:01:10] [32minfo[39m: GET /admin/products/697774b6e96d913dfdfd822e/details 200 1183 - 416.974 ms
[2026-01-27 08:02:45] [32minfo[39m: hi inside the multer
[2026-01-27 08:02:45] [32minfo[39m: 698139445174944
[2026-01-27 08:02:45] [32minfo[39m: dma409l7q
[2026-01-27 08:02:45] [32minfo[39m: DRjWUJtgCysBWbMC3neHCVDAGzo
[2026-01-27 08:02:48] [32minfo[39m: connected to mongodb atlas
[2026-01-27 08:03:07] [32minfo[39m: GET /admin/products/697774b6e96d913dfdfd822e/details 302 34 - 259.971 ms
[2026-01-27 08:03:07] [32minfo[39m: GET /admin/login 200 3335 - 22.895 ms
[2026-01-27 08:03:10] [32minfo[39m: GET /admin/products/6975b60e7b151c2bd140a908/details 302 34 - 418.989 ms
[2026-01-27 08:03:10] [32minfo[39m: GET /admin/login 200 3335 - 4.344 ms
[2026-01-27 08:03:21] [32minfo[39m: GET /admin/products 302 41 - 116.609 ms
[2026-01-27 08:03:21] [32minfo[39m: GET /admin/login 200 3335 - 2.986 ms
[2026-01-27 08:03:21] [32minfo[39m: GET /css/admin/login.css 200 4353 - 38.201 ms
[2026-01-27 08:03:21] [32minfo[39m: GET /img/admin-weaver.jpg 200 36006 - 47.625 ms
[2026-01-27 08:03:31] [32minfo[39m: Admin logged in successfully.
[2026-01-27 08:03:31] [32minfo[39m: POST /admin/login 302 45 - 347.248 ms
[2026-01-27 08:03:31] [32minfo[39m: GET /admin/dashboard 200 36681 - 107.334 ms
[2026-01-27 08:03:32] [32minfo[39m: GET /css/admin/admin.css 200 19507 - 16.526 ms
[2026-01-27 08:03:32] [32minfo[39m: GET /css/admin/dashboard.css 200 2698 - 16.920 ms
[2026-01-27 08:03:32] [32minfo[39m: GET /img/admin/admin-avatar.jpg 200 114439 - 13.837 ms
[2026-01-27 08:03:32] [32minfo[39m: GET /img/admin/logo.jpg 200 26279 - 16.165 ms
[2026-01-27 08:03:32] [32minfo[39m: Fetching dashboard stats
[2026-01-27 08:03:32] [32minfo[39m: Fetching top products
[2026-01-27 08:03:32] [32minfo[39m: Fetching sales chart data
[2026-01-27 08:03:32] [32minfo[39m: Sales data processed successfully
[2026-01-27 08:03:32] [32minfo[39m: Sales chart data delivered successfully
[2026-01-27 08:03:32] [32minfo[39m: GET /admin/api/sales-data 200 179 - 202.821 ms
[2026-01-27 08:03:32] [32minfo[39m: Top products delivered successfully
[2026-01-27 08:03:32] [32minfo[39m: GET /admin/api/top-products?page=1&limit=4 200 30 - 303.738 ms
[2026-01-27 08:03:33] [32minfo[39m: Dashboard stats calculated
[2026-01-27 08:03:33] [32minfo[39m: Dashboard stats delivered successfully
[2026-01-27 08:03:33] [32minfo[39m: GET /admin/api/stats 200 63 - 520.593 ms
[2026-01-27 08:03:36] [32minfo[39m: GET /admin/products 200 34915 - 794.361 ms
[2026-01-27 08:03:36] [32minfo[39m: GET /css/admin/admin.css 200 19507 - 22.824 ms
[2026-01-27 08:03:36] [32minfo[39m: GET /img/admin/logo.jpg 200 26279 - 13.305 ms
[2026-01-27 08:03:36] [32minfo[39m: GET /img/admin/admin-avatar.jpg 200 114439 - 15.949 ms
[2026-01-27 08:03:36] [32minfo[39m: GET /css/admin/category.css 200 12433 - 15.863 ms
[2026-01-27 08:03:40] [32minfo[39m: GET /admin/products/6975b60e7b151c2bd140a908/details 200 908 - 498.350 ms
[2026-01-27 08:06:13] [32minfo[39m: GET /css/admin/admin.css 200 19507 - 6.017 ms
[2026-01-27 08:06:13] [32minfo[39m: GET /css/admin/category.css 200 12433 - 12.356 ms
[2026-01-27 08:06:13] [32minfo[39m: GET /.well-known/appspecific/com.chrome.devtools.json 404 7371 - 12.127 ms
[2026-01-27 08:08:11] [32minfo[39m: GET /admin/products/6975b60e7b151c2bd140a908/details 200 908 - 552.926 ms
[2026-01-27 08:17:48] [32minfo[39m: GET /admin/products 200 34977 - 468.198 ms
[2026-01-27 08:17:48] [32minfo[39m: GET /css/admin/admin.css 200 19507 - 1.808 ms
[2026-01-27 08:17:48] [32minfo[39m: GET /img/admin/logo.jpg 200 26279 - 2.511 ms
[2026-01-27 08:17:48] [32minfo[39m: GET /img/admin/admin-avatar.jpg 200 114439 - 5.939 ms
[2026-01-27 08:17:48] [32minfo[39m: GET /css/admin/category.css 200 12433 - 2.036 ms
[2026-01-27 08:18:01] [32minfo[39m: GET /admin/products/6975b60e7b151c2bd140a908/details 200 908 - 543.118 ms
[2026-01-27 08:18:13] [32minfo[39m: GET /css/admin/admin.css 200 19507 - 6.124 ms
[2026-01-27 08:18:13] [32minfo[39m: GET /css/admin/category.css 200 12433 - 16.887 ms
[2026-01-27 08:18:13] [32minfo[39m: GET /.well-known/appspecific/com.chrome.devtools.json 404 7371 - 16.087 ms
[2026-01-27 08:18:30] [32minfo[39m: GET /admin/products/6975b60e7b151c2bd140a908/details 200 908 - 528.438 ms
[2026-01-27 08:19:19] [32minfo[39m: GET /admin/products 200 35001 - 632.719 ms
[2026-01-27 08:19:19] [32minfo[39m: GET /css/admin/admin.css 200 19507 - 4.535 ms
[2026-01-27 08:19:19] [32minfo[39m: GET /.well-known/appspecific/com.chrome.devtools.json 404 7371 - 6.489 ms
[2026-01-27 08:19:19] [32minfo[39m: GET /img/admin/logo.jpg 200 26279 - 17.359 ms
[2026-01-27 08:19:19] [32minfo[39m: GET /img/admin/admin-avatar.jpg 200 114439 - 19.078 ms
[2026-01-27 08:19:19] [32minfo[39m: GET /css/admin/category.css 200 12433 - 5.861 ms
[2026-01-27 08:20:09] [32minfo[39m: GET /admin/products 200 35010 - 564.815 ms
[2026-01-27 08:20:09] [32minfo[39m: GET /.well-known/appspecific/com.chrome.devtools.json 404 7371 - 21.242 ms
[2026-01-27 08:20:09] [32minfo[39m: GET /css/admin/admin.css 200 19507 - 16.508 ms
[2026-01-27 08:20:09] [32minfo[39m: GET /img/admin/logo.jpg 200 26279 - 17.045 ms
[2026-01-27 08:20:09] [32minfo[39m: GET /img/admin/admin-avatar.jpg 200 114439 - 16.897 ms
[2026-01-27 08:20:09] [32minfo[39m: GET /css/admin/category.css 200 12433 - 2.855 ms
[2026-01-27 08:20:12] [32minfo[39m: GET /admin/products/6975b60e7b151c2bd140a908/details 200 908 - 407.995 ms
[2026-01-27 08:26:31] [32minfo[39m: GET /admin/products/697774b6e96d913dfdfd822e/details 200 1183 - 379.262 ms
[2026-01-27 08:27:51] [32minfo[39m: product deleted: Bottle Green Maheshwari saree
[2026-01-27 08:27:51] [32minfo[39m: DELETE /admin/products/6975b60e7b151c2bd140a908 200 57 - 1142.555 ms
[2026-01-27 08:27:54] [32minfo[39m: GET /admin/products 200 33626 - 564.993 ms
[2026-01-27 08:27:54] [32minfo[39m: GET /css/admin/admin.css 200 19507 - 2.273 ms
[2026-01-27 08:27:54] [32minfo[39m: GET /img/admin/logo.jpg 200 26279 - 7.347 ms
[2026-01-27 08:27:54] [32minfo[39m: GET /.well-known/appspecific/com.chrome.devtools.json 404 7371 - 27.009 ms
[2026-01-27 08:27:54] [32minfo[39m: GET /img/admin/admin-avatar.jpg 200 114439 - 10.452 ms
[2026-01-27 08:27:54] [32minfo[39m: GET /css/admin/category.css 200 12433 - 7.926 ms
[2026-01-27 08:29:27] [32minfo[39m: GET /admin/products/697774b6e96d913dfdfd822e/details 200 1183 - 340.389 ms
[2026-01-27 08:30:18] [32minfo[39m: GET /css/admin/admin.css 200 19507 - 9.985 ms
[2026-01-27 08:30:18] [32minfo[39m: GET /css/admin/category.css 200 12433 - 9.098 ms
[2026-01-27 08:30:18] [32minfo[39m: GET /.well-known/appspecific/com.chrome.devtools.json 404 7371 - 7.975 ms
[2026-01-27 08:30:27] [33mwarn[39m: validation error at/admin/products/697774b6e96d913dfdfd822e
[2026-01-27 08:30:27] [33mwarn[39m: Method:PUT
[2026-01-27 08:30:27] [33mwarn[39m: Errors: [
  "\"productName\" is not allowed",
  "\"sku\" is not allowed",
  "\"category\" is not allowed",
  "\"price\" is not allowed",
  "\"stock\" is not allowed",
  "\"color\" is not allowed",
  "\"description\" is not allowed",
  "\"isNewArrival\" is not allowed",
  "\"isActive\" is not allowed",
  "\"removedImages\" is not allowed"
]
[2026-01-27 08:30:27] [33mwarn[39m: Payload: {
  "productName": "Yellow Organza Floral Sarees",
  "sku": "SKU-YELLOW-ORGANZA-FLORAL-SAREES",
  "category": "6975a5e6ef009e0726a7326e",
  "price": "5000",
  "stock": "4",
  "color": "yellow",
  "description": "demo for editing",
  "isNewArrival": "false",
  "isActive": "true",
  "id": "697774b6e96d913dfdfd822e",
  "removedImages": "[]"
}
[2026-01-27 08:30:27] [32minfo[39m: PUT /admin/products/697774b6e96d913dfdfd822e 400 34 - 14124.783 ms
[2026-01-27 08:30:34] [33mwarn[39m: validation error at/admin/products/697774b6e96d913dfdfd822e
[2026-01-27 08:30:34] [33mwarn[39m: Method:PUT
[2026-01-27 08:30:34] [33mwarn[39m: Errors: [
  "\"productName\" is not allowed",
  "\"sku\" is not allowed",
  "\"category\" is not allowed",
  "\"price\" is not allowed",
  "\"stock\" is not allowed",
  "\"color\" is not allowed",
  "\"description\" is not allowed",
  "\"isNewArrival\" is not allowed",
  "\"isActive\" is not allowed",
  "\"removedImages\" is not allowed"
]
[2026-01-27 08:30:34] [33mwarn[39m: Payload: {
  "productName": "Yellow Organza Floral Sarees",
  "sku": "SKU-YELLOW-ORGANZA-FLORAL-SAREES",
  "category": "6975a5e6ef009e0726a7326e",
  "price": "5000",
  "stock": "4",
  "color": "yellow",
  "description": "demo for editing",
  "isNewArrival": "false",
  "isActive": "true",
  "id": "697774b6e96d913dfdfd822e",
  "removedImages": "[]"
}
[2026-01-27 08:30:34] [32minfo[39m: PUT /admin/products/697774b6e96d913dfdfd822e 400 34 - 18505.091 ms
[2026-01-27 08:30:41] [33mwarn[39m: validation error at/admin/products/697774b6e96d913dfdfd822e
[2026-01-27 08:30:41] [33mwarn[39m: Method:PUT
[2026-01-27 08:30:41] [33mwarn[39m: Errors: [
  "\"productName\" is not allowed",
  "\"sku\" is not allowed",
  "\"category\" is not allowed",
  "\"price\" is not allowed",
  "\"stock\" is not allowed",
  "\"color\" is not allowed",
  "\"description\" is not allowed",
  "\"isNewArrival\" is not allowed",
  "\"isActive\" is not allowed",
  "\"removedImages\" is not allowed"
]
[2026-01-27 08:30:41] [33mwarn[39m: Payload: {
  "productName": "Yellow Organza Floral Sarees",
  "sku": "SKU-YELLOW-ORGANZA-FLORAL-SAREES",
  "category": "6975a5e6ef009e0726a7326e",
  "price": "5000",
  "stock": "4",
  "color": "yellow",
  "description": "demo for editing",
  "isNewArrival": "false",
  "isActive": "true",
  "id": "697774b6e96d913dfdfd822e",
  "removedImages": "[]"
}
[2026-01-27 08:30:41] [32minfo[39m: PUT /admin/products/697774b6e96d913dfdfd822e 400 34 - 20062.435 ms
[2026-01-27 08:50:29] [32minfo[39m: PUT /admin/products/697774b6e96d913dfdfd822e 500 21 - 30024.949 ms
[2026-01-27 08:51:39] [32minfo[39m: hi inside the multer
[2026-01-27 08:51:41] [32minfo[39m: hi inside the multer
[2026-01-27 08:51:41] [32minfo[39m: 698139445174944
[2026-01-27 08:51:41] [32minfo[39m: dma409l7q
[2026-01-27 08:51:41] [32minfo[39m: DRjWUJtgCysBWbMC3neHCVDAGzo
[2026-01-27 08:51:42] [31merror[39m: monogoDB connection error: querySrv ECONNREFUSED _mongodb._tcp.chettinad.9d7kbbi.mongodb.net
[2026-01-27 08:53:03] [32minfo[39m: hi inside the multer
[2026-01-27 08:53:03] [32minfo[39m: 698139445174944
[2026-01-27 08:53:03] [32minfo[39m: dma409l7q
[2026-01-27 08:53:03] [32minfo[39m: DRjWUJtgCysBWbMC3neHCVDAGzo
[2026-01-27 08:53:05] [32minfo[39m: connected to mongodb atlas
[2026-01-27 08:53:08] [32minfo[39m: GET /admin 302 41 - 170.111 ms
[2026-01-27 08:53:08] [32minfo[39m: GET /admin/login 200 3335 - 70.363 ms
[2026-01-27 08:53:08] [32minfo[39m: GET /css/admin/login.css 200 4353 - 15.035 ms
[2026-01-27 08:53:08] [32minfo[39m: GET /img/admin-weaver.jpg 200 36006 - 17.643 ms
[2026-01-27 08:53:15] [32minfo[39m: Admin logged in successfully.
[2026-01-27 08:53:15] [32minfo[39m: POST /admin/login 302 45 - 274.771 ms
[2026-01-27 08:53:15] [32minfo[39m: GET /admin/dashboard 200 36681 - 171.447 ms
[2026-01-27 08:53:15] [32minfo[39m: GET /css/admin/admin.css 200 19507 - 17.633 ms
[2026-01-27 08:53:15] [32minfo[39m: GET /css/admin/dashboard.css 200 2698 - 19.729 ms
[2026-01-27 08:53:15] [32minfo[39m: GET /img/admin/logo.jpg 200 26279 - 40.355 ms
[2026-01-27 08:53:15] [32minfo[39m: GET /img/admin/admin-avatar.jpg 200 114439 - 45.541 ms
[2026-01-27 08:53:16] [32minfo[39m: Fetching top products
[2026-01-27 08:53:16] [32minfo[39m: Fetching dashboard stats
[2026-01-27 08:53:16] [32minfo[39m: Fetching sales chart data
[2026-01-27 08:53:17] [32minfo[39m: Sales data processed successfully
[2026-01-27 08:53:17] [32minfo[39m: Sales chart data delivered successfully
[2026-01-27 08:53:17] [32minfo[39m: GET /admin/api/sales-data 200 179 - 373.636 ms
[2026-01-27 08:53:17] [32minfo[39m: Top products delivered successfully
[2026-01-27 08:53:17] [32minfo[39m: GET /admin/api/top-products?page=1&limit=4 200 30 - 442.916 ms
[2026-01-27 08:53:17] [32minfo[39m: Dashboard stats calculated
[2026-01-27 08:53:17] [32minfo[39m: Dashboard stats delivered successfully
[2026-01-27 08:53:17] [32minfo[39m: GET /admin/api/stats 200 63 - 784.486 ms
[2026-01-27 08:53:19] [32minfo[39m: GET /admin/products 200 33626 - 574.323 ms
[2026-01-27 08:53:19] [32minfo[39m: GET /css/admin/admin.css 200 19507 - 10.853 ms
[2026-01-27 08:53:19] [32minfo[39m: GET /img/admin/logo.jpg 200 26279 - 11.429 ms
[2026-01-27 08:53:19] [32minfo[39m: GET /css/admin/category.css 200 12433 - 9.881 ms
[2026-01-27 08:53:19] [32minfo[39m: GET /img/admin/admin-avatar.jpg 200 114439 - 10.669 ms
[2026-01-27 08:53:27] [32minfo[39m: GET /admin/products/697774b6e96d913dfdfd822e/details 200 1183 - 412.137 ms
[2026-01-27 08:54:02] [32minfo[39m: GET /css/admin/admin.css 200 19507 - 9.266 ms
[2026-01-27 08:54:02] [32minfo[39m: GET /css/admin/category.css 200 12433 - 13.179 ms
[2026-01-27 08:54:02] [32minfo[39m: GET /.well-known/appspecific/com.chrome.devtools.json 404 7371 - 24.839 ms
[2026-01-27 08:54:11] [33mwarn[39m: validation error at/admin/products/697774b6e96d913dfdfd822e
[2026-01-27 08:54:11] [33mwarn[39m: Method:PUT
[2026-01-27 08:54:11] [33mwarn[39m: Errors: [
  "Invalid fields provided"
]
[2026-01-27 08:54:11] [33mwarn[39m: Payload: {
  "productName": "Yellow Organza Floral Sarees",
  "sku": "SKU-YELLOW-ORGANZA-FLORAL-SAREES",
  "category": "6975a5e6ef009e0726a7326e",
  "price": "5000",
  "stock": "4",
  "color": "yellow",
  "description": "demo for edit",
  "isNewArrival": "false",
  "isActive": "true",
  "id": "697774b6e96d913dfdfd822e",
  "removedImages": "[]"
}
[2026-01-27 08:54:11] [32minfo[39m: PUT /admin/products/697774b6e96d913dfdfd822e 400 34 - 13251.122 ms
[2026-01-27 08:54:22] [33mwarn[39m: validation error at/admin/products/697774b6e96d913dfdfd822e
[2026-01-27 08:54:22] [33mwarn[39m: Method:PUT
[2026-01-27 08:54:22] [33mwarn[39m: Errors: [
  "Invalid fields provided"
]
[2026-01-27 08:54:22] [33mwarn[39m: Payload: {
  "productName": "Yellow Organza Floral Sarees",
  "sku": "SKU-YELLOW-ORGANZA-FLORAL-SAREES",
  "category": "6975a5e6ef009e0726a7326e",
  "price": "5000",
  "stock": "4",
  "color": "yellow",
  "description": "demo for edit",
  "isNewArrival": "false",
  "isActive": "true",
  "id": "697774b6e96d913dfdfd822e",
  "removedImages": "[]"
}
[2026-01-27 08:54:22] [32minfo[39m: PUT /admin/products/697774b6e96d913dfdfd822e 400 34 - 16090.907 ms
[2026-01-27 08:56:50] [33mwarn[39m: validation error at/admin/products/697774b6e96d913dfdfd822e
[2026-01-27 08:56:50] [33mwarn[39m: Method:PUT
[2026-01-27 08:56:50] [33mwarn[39m: Errors: [
  "Invalid fields provided"
]
[2026-01-27 08:56:50] [33mwarn[39m: Payload: {
  "productName": "Yellow Organza Floral Sarees",
  "sku": "SKU-YELLOW-ORGANZA-FLORAL-SAREES",
  "category": "6975a5e6ef009e0726a7326e",
  "price": "5000",
  "stock": "4",
  "color": "yellow",
  "description": "demo for edit",
  "isNewArrival": "false",
  "isActive": "true",
  "id": "697774b6e96d913dfdfd822e",
  "removedImages": "[]"
}
[2026-01-27 08:56:50] [32minfo[39m: PUT /admin/products/697774b6e96d913dfdfd822e 400 34 - 13769.430 ms
[2026-01-27 08:57:42] [32minfo[39m: hi inside the multer
[2026-01-27 08:57:42] [32minfo[39m: 698139445174944
[2026-01-27 08:57:42] [32minfo[39m: dma409l7q
[2026-01-27 08:57:42] [32minfo[39m: DRjWUJtgCysBWbMC3neHCVDAGzo
[2026-01-27 08:57:45] [32minfo[39m: connected to mongodb atlas
[2026-01-27 09:00:47] [32minfo[39m: hi inside the multer
[2026-01-27 09:00:47] [32minfo[39m: 698139445174944
[2026-01-27 09:00:47] [32minfo[39m: dma409l7q
[2026-01-27 09:00:47] [32minfo[39m: DRjWUJtgCysBWbMC3neHCVDAGzo
[2026-01-27 09:00:49] [32minfo[39m: connected to mongodb atlas
[2026-01-27 09:00:58] [32minfo[39m: GET /admin/products 302 41 - 162.020 ms
[2026-01-27 09:00:58] [32minfo[39m: GET /admin/login 200 3335 - 43.829 ms
[2026-01-27 09:00:58] [32minfo[39m: GET /.well-known/appspecific/com.chrome.devtools.json 404 7371 - 26.517 ms
[2026-01-27 09:00:58] [32minfo[39m: GET /css/admin/login.css 200 4353 - 34.953 ms
[2026-01-27 09:00:59] [32minfo[39m: GET /img/admin-weaver.jpg 200 36006 - 2.651 ms
[2026-01-27 09:01:07] [32minfo[39m: Admin logged in successfully.
[2026-01-27 09:01:07] [32minfo[39m: POST /admin/login 302 45 - 298.708 ms
[2026-01-27 09:01:07] [32minfo[39m: GET /admin/dashboard 200 36681 - 148.158 ms
[2026-01-27 09:01:07] [32minfo[39m: GET /.well-known/appspecific/com.chrome.devtools.json 404 7371 - 9.636 ms
[2026-01-27 09:01:07] [32minfo[39m: GET /css/admin/admin.css 200 19507 - 23.412 ms
[2026-01-27 09:01:07] [32minfo[39m: GET /css/admin/dashboard.css 200 2698 - 36.972 ms
[2026-01-27 09:01:07] [32minfo[39m: GET /img/admin/logo.jpg 200 26279 - 11.738 ms
[2026-01-27 09:01:07] [32minfo[39m: GET /img/admin/admin-avatar.jpg 200 114439 - 38.066 ms
[2026-01-27 09:01:08] [32minfo[39m: Fetching sales chart data
[2026-01-27 09:01:08] [32minfo[39m: Fetching top products
[2026-01-27 09:01:08] [32minfo[39m: Fetching dashboard stats
[2026-01-27 09:01:08] [32minfo[39m: Sales data processed successfully
[2026-01-27 09:01:08] [32minfo[39m: Sales chart data delivered successfully
[2026-01-27 09:01:08] [32minfo[39m: GET /admin/api/sales-data 200 179 - 263.392 ms
[2026-01-27 09:01:08] [32minfo[39m: Top products delivered successfully
[2026-01-27 09:01:08] [32minfo[39m: GET /admin/api/top-products?page=1&limit=4 200 30 - 411.667 ms
[2026-01-27 09:01:09] [32minfo[39m: Dashboard stats calculated
[2026-01-27 09:01:09] [32minfo[39m: Dashboard stats delivered successfully
[2026-01-27 09:01:09] [32minfo[39m: GET /admin/api/stats 200 63 - 780.438 ms
[2026-01-27 09:01:14] [32minfo[39m: GET /admin/products 200 33626 - 870.819 ms
[2026-01-27 09:01:14] [32minfo[39m: GET /.well-known/appspecific/com.chrome.devtools.json 404 7371 - 6.080 ms
[2026-01-27 09:01:14] [32minfo[39m: GET /css/admin/admin.css 200 19507 - 25.384 ms
[2026-01-27 09:01:14] [32minfo[39m: GET /img/admin/logo.jpg 200 26279 - 21.024 ms
[2026-01-27 09:01:14] [32minfo[39m: GET /img/admin/admin-avatar.jpg 200 114439 - 20.962 ms
[2026-01-27 09:01:14] [32minfo[39m: GET /css/admin/category.css 200 12433 - 5.452 ms
[2026-01-27 09:01:18] [32minfo[39m: GET /admin/products/697774b6e96d913dfdfd822e/details 200 1183 - 583.095 ms
[2026-01-27 09:01:54] [32minfo[39m: update request for product Id: 697774b6e96d913dfdfd822e
[2026-01-27 09:01:54] [31merror[39m: PUT /admin/products/697774b6e96d913dfdfd822e-productService.findById is not a function
[2026-01-27 09:01:54] [32minfo[39m: PUT /admin/products/697774b6e96d913dfdfd822e 500 71 - 13172.224 ms
[2026-01-27 09:03:32] [32minfo[39m: hi inside the multer
[2026-01-27 09:03:32] [32minfo[39m: 698139445174944
[2026-01-27 09:03:32] [32minfo[39m: dma409l7q
[2026-01-27 09:03:32] [32minfo[39m: DRjWUJtgCysBWbMC3neHCVDAGzo
[2026-01-27 09:03:34] [32minfo[39m: connected to mongodb atlas
[2026-01-27 09:03:38] [32minfo[39m: hi inside the multer
[2026-01-27 09:03:38] [32minfo[39m: 698139445174944
[2026-01-27 09:03:38] [32minfo[39m: dma409l7q
[2026-01-27 09:03:38] [32minfo[39m: DRjWUJtgCysBWbMC3neHCVDAGzo
[2026-01-27 09:03:41] [32minfo[39m: connected to mongodb atlas
[2026-01-27 10:47:00] [32minfo[39m: hi inside the multer
[2026-01-27 10:47:00] [32minfo[39m: 698139445174944
[2026-01-27 10:47:00] [32minfo[39m: dma409l7q
[2026-01-27 10:47:00] [32minfo[39m: DRjWUJtgCysBWbMC3neHCVDAGzo
[2026-01-27 10:47:02] [32minfo[39m: connected to mongodb atlas
[2026-01-27 10:47:09] [32minfo[39m: hi inside the multer
[2026-01-27 10:47:09] [32minfo[39m: 698139445174944
[2026-01-27 10:47:09] [32minfo[39m: dma409l7q
[2026-01-27 10:47:09] [32minfo[39m: DRjWUJtgCysBWbMC3neHCVDAGzo
[2026-01-27 10:47:15] [32minfo[39m: hi inside the multer
[2026-01-27 10:47:15] [32minfo[39m: 698139445174944
[2026-01-27 10:47:15] [32minfo[39m: dma409l7q
[2026-01-27 10:47:15] [32minfo[39m: DRjWUJtgCysBWbMC3neHCVDAGzo
[2026-01-27 10:47:17] [32minfo[39m: connected to mongodb atlas
[2026-01-27 10:48:13] [32minfo[39m: hi inside the multer
[2026-01-27 10:48:13] [32minfo[39m: 698139445174944
[2026-01-27 10:48:13] [32minfo[39m: dma409l7q
[2026-01-27 10:48:13] [32minfo[39m: DRjWUJtgCysBWbMC3neHCVDAGzo
[2026-01-27 10:48:16] [32minfo[39m: connected to mongodb atlas
[2026-01-27 10:49:18] [32minfo[39m: hi inside the multer
[2026-01-27 10:49:18] [32minfo[39m: 698139445174944
[2026-01-27 10:49:18] [32minfo[39m: dma409l7q
[2026-01-27 10:49:18] [32minfo[39m: DRjWUJtgCysBWbMC3neHCVDAGzo
[2026-01-27 10:49:21] [32minfo[39m: connected to mongodb atlas
[2026-01-27 10:49:32] [32minfo[39m: hi inside the multer
[2026-01-27 10:49:32] [32minfo[39m: 698139445174944
[2026-01-27 10:49:32] [32minfo[39m: dma409l7q
[2026-01-27 10:49:32] [32minfo[39m: DRjWUJtgCysBWbMC3neHCVDAGzo
[2026-01-27 10:49:35] [32minfo[39m: connected to mongodb atlas
[2026-01-27 10:53:18] [32minfo[39m: hi inside the multer
[2026-01-27 10:53:18] [32minfo[39m: 698139445174944
[2026-01-27 10:53:18] [32minfo[39m: dma409l7q
[2026-01-27 10:53:18] [32minfo[39m: DRjWUJtgCysBWbMC3neHCVDAGzo
[2026-01-27 10:53:22] [32minfo[39m: hi inside the multer
[2026-01-27 10:53:22] [32minfo[39m: 698139445174944
[2026-01-27 10:53:22] [32minfo[39m: dma409l7q
[2026-01-27 10:53:22] [32minfo[39m: DRjWUJtgCysBWbMC3neHCVDAGzo
[2026-01-27 10:53:26] [32minfo[39m: hi inside the multer
[2026-01-27 10:53:26] [32minfo[39m: 698139445174944
[2026-01-27 10:53:26] [32minfo[39m: dma409l7q
[2026-01-27 10:53:26] [32minfo[39m: DRjWUJtgCysBWbMC3neHCVDAGzo
[2026-01-27 10:53:28] [32minfo[39m: connected to mongodb atlas
[2026-01-27 10:55:28] [32minfo[39m: hi inside the multer
[2026-01-27 10:55:28] [32minfo[39m: 698139445174944
[2026-01-27 10:55:28] [32minfo[39m: dma409l7q
[2026-01-27 10:55:28] [32minfo[39m: DRjWUJtgCysBWbMC3neHCVDAGzo
[2026-01-27 10:55:56] [32minfo[39m: hi inside the multer
[2026-01-27 10:55:56] [32minfo[39m: 698139445174944
[2026-01-27 10:55:56] [32minfo[39m: dma409l7q
[2026-01-27 10:55:56] [32minfo[39m: DRjWUJtgCysBWbMC3neHCVDAGzo
[2026-01-27 10:55:59] [32minfo[39m: connected to mongodb atlas
[2026-01-27 10:56:25] [32minfo[39m: hi inside the multer
[2026-01-27 10:56:25] [32minfo[39m: 698139445174944
[2026-01-27 10:56:25] [32minfo[39m: dma409l7q
[2026-01-27 10:56:25] [32minfo[39m: DRjWUJtgCysBWbMC3neHCVDAGzo
[2026-01-27 10:56:28] [32minfo[39m: connected to mongodb atlas
[2026-01-27 10:56:56] [32minfo[39m: hi inside the multer
[2026-01-27 10:56:56] [32minfo[39m: 698139445174944
[2026-01-27 10:56:56] [32minfo[39m: dma409l7q
[2026-01-27 10:56:56] [32minfo[39m: DRjWUJtgCysBWbMC3neHCVDAGzo
[2026-01-27 10:56:59] [32minfo[39m: connected to mongodb atlas
[2026-01-27 10:57:18] [32minfo[39m: GET /admin/products 302 41 - 173.082 ms
[2026-01-27 10:57:18] [32minfo[39m: GET /admin/login 200 3335 - 19.848 ms
[2026-01-27 10:57:19] [32minfo[39m: GET /css/admin/login.css 200 4353 - 9.307 ms
[2026-01-27 10:57:19] [32minfo[39m: GET /img/admin-weaver.jpg 200 36006 - 11.343 ms
[2026-01-27 10:57:27] [32minfo[39m: Admin logged in successfully.
[2026-01-27 10:57:27] [32minfo[39m: POST /admin/login 302 45 - 271.487 ms
[2026-01-27 10:57:27] [32minfo[39m: GET /admin/dashboard 200 36681 - 172.399 ms
[2026-01-27 10:57:27] [32minfo[39m: GET /css/admin/admin.css 200 19507 - 3.745 ms
[2026-01-27 10:57:27] [32minfo[39m: GET /css/admin/dashboard.css 200 2698 - 7.807 ms
[2026-01-27 10:57:27] [32minfo[39m: GET /img/admin/logo.jpg 200 26279 - 6.877 ms
[2026-01-27 10:57:27] [32minfo[39m: GET /img/admin/admin-avatar.jpg 200 114439 - 9.521 ms
[2026-01-27 10:57:33] [32minfo[39m: Fetching top products
[2026-01-27 10:57:33] [32minfo[39m: Fetching dashboard stats
[2026-01-27 10:57:33] [32minfo[39m: Fetching sales chart data
[2026-01-27 10:57:33] [32minfo[39m: Sales data processed successfully
[2026-01-27 10:57:33] [32minfo[39m: Sales chart data delivered successfully
[2026-01-27 10:57:33] [32minfo[39m: GET /admin/api/sales-data 200 179 - 441.677 ms
[2026-01-27 10:57:33] [32minfo[39m: Top products delivered successfully
[2026-01-27 10:57:33] [32minfo[39m: GET /admin/api/top-products?page=1&limit=4 200 30 - 604.218 ms
[2026-01-27 10:57:33] [32minfo[39m: Dashboard stats calculated
[2026-01-27 10:57:33] [32minfo[39m: Dashboard stats delivered successfully
[2026-01-27 10:57:33] [32minfo[39m: GET /admin/api/stats 200 63 - 946.889 ms
[2026-01-27 10:57:51] [32minfo[39m: GET /admin/products 200 33626 - 841.664 ms
[2026-01-27 10:57:51] [32minfo[39m: GET /css/admin/admin.css 200 19507 - 10.056 ms
[2026-01-27 10:57:51] [32minfo[39m: GET /img/admin/logo.jpg 200 26279 - 19.271 ms
[2026-01-27 10:57:51] [32minfo[39m: GET /img/admin/admin-avatar.jpg 200 114439 - 19.177 ms
[2026-01-27 10:57:51] [32minfo[39m: GET /css/admin/category.css 200 12433 - 2.934 ms
[2026-01-27 10:57:56] [32minfo[39m: GET /admin/products/697774b6e96d913dfdfd822e/details 200 1183 - 500.467 ms
[2026-01-27 10:58:38] [32minfo[39m: update request for product Id: 697774b6e96d913dfdfd822e
[2026-01-27 10:58:39] [32minfo[39m: Product updated: Yellow Organza Floral Sarees
[2026-01-27 10:58:40] [32minfo[39m: PUT /admin/products/697774b6e96d913dfdfd822e 200 839 - 15634.846 ms
[2026-01-27 10:58:42] [32minfo[39m: GET /admin/products 200 33626 - 643.572 ms
[2026-01-27 10:58:42] [32minfo[39m: GET /css/admin/admin.css 200 19507 - 2.772 ms
[2026-01-27 10:58:42] [32minfo[39m: GET /img/admin/logo.jpg 200 26279 - 3.672 ms
[2026-01-27 10:58:42] [32minfo[39m: GET /img/admin/admin-avatar.jpg 200 114439 - 6.286 ms
[2026-01-27 10:58:42] [32minfo[39m: GET /css/admin/category.css 200 12433 - 4.119 ms
[2026-01-27 10:58:48] [32minfo[39m: GET /admin/products/697774b6e96d913dfdfd822e/details 200 1195 - 623.648 ms
[2026-01-27 10:59:16] [32minfo[39m: GET /admin/products/697774b6e96d913dfdfd822e/details 200 1195 - 401.559 ms
[2026-01-27 10:59:29] [32minfo[39m: update request for product Id: 697774b6e96d913dfdfd822e
[2026-01-27 10:59:29] [32minfo[39m: Product updated: Yellow Organza Floral Sarees
[2026-01-27 10:59:29] [32minfo[39m: PUT /admin/products/697774b6e96d913dfdfd822e 200 839 - 378.960 ms
[2026-01-27 10:59:32] [32minfo[39m: GET /admin/products 200 33628 - 623.524 ms
[2026-01-27 10:59:32] [32minfo[39m: GET /css/admin/admin.css 200 19507 - 7.596 ms
[2026-01-27 10:59:32] [32minfo[39m: GET /img/admin/logo.jpg 200 26279 - 9.984 ms
[2026-01-27 10:59:32] [32minfo[39m: GET /img/admin/admin-avatar.jpg 200 114439 - 12.557 ms
[2026-01-27 10:59:32] [32minfo[39m: GET /css/admin/category.css 200 12433 - 1.924 ms
[2026-01-27 10:59:39] [32minfo[39m: GET /admin/products/697774b6e96d913dfdfd822e/details 200 1201 - 340.434 ms
[2026-01-27 11:13:57] [32minfo[39m: hi inside the multer
[2026-01-27 11:13:57] [32minfo[39m: 698139445174944
[2026-01-27 11:13:57] [32minfo[39m: dma409l7q
[2026-01-27 11:13:57] [32minfo[39m: DRjWUJtgCysBWbMC3neHCVDAGzo
[2026-01-27 11:14:29] [32minfo[39m: hi inside the multer
[2026-01-27 11:14:29] [32minfo[39m: 698139445174944
[2026-01-27 11:14:29] [32minfo[39m: dma409l7q
[2026-01-27 11:14:29] [32minfo[39m: DRjWUJtgCysBWbMC3neHCVDAGzo
[2026-01-27 11:14:35] [32minfo[39m: hi inside the multer
[2026-01-27 11:14:35] [32minfo[39m: 698139445174944
[2026-01-27 11:14:35] [32minfo[39m: dma409l7q
[2026-01-27 11:14:35] [32minfo[39m: DRjWUJtgCysBWbMC3neHCVDAGzo
[2026-01-27 11:14:37] [32minfo[39m: connected to mongodb atlas
[2026-01-27 11:15:18] [32minfo[39m: hi inside the multer
[2026-01-27 11:15:18] [32minfo[39m: 698139445174944
[2026-01-27 11:15:18] [32minfo[39m: dma409l7q
[2026-01-27 11:15:18] [32minfo[39m: DRjWUJtgCysBWbMC3neHCVDAGzo
[2026-01-27 11:15:21] [32minfo[39m: connected to mongodb atlas
[2026-01-27 11:16:38] [32minfo[39m: hi inside the multer
[2026-01-27 11:16:38] [32minfo[39m: 698139445174944
[2026-01-27 11:16:38] [32minfo[39m: dma409l7q
[2026-01-27 11:16:38] [32minfo[39m: DRjWUJtgCysBWbMC3neHCVDAGzo
[2026-01-27 11:16:41] [32minfo[39m: connected to mongodb atlas
[2026-01-27 11:16:51] [32minfo[39m: GET /admin/products 302 41 - 183.535 ms
[2026-01-27 11:16:51] [32minfo[39m: GET /admin/login 200 3335 - 30.575 ms
[2026-01-27 11:16:51] [32minfo[39m: GET /css/admin/login.css 200 4353 - 4.170 ms
[2026-01-27 11:16:51] [32minfo[39m: GET /img/admin-weaver.jpg 200 36006 - 5.036 ms
[2026-01-27 11:17:04] [32minfo[39m: Admin logged in successfully.
[2026-01-27 11:17:04] [32minfo[39m: POST /admin/login 302 45 - 301.050 ms
[2026-01-27 11:17:04] [32minfo[39m: GET /admin/dashboard 200 36681 - 130.530 ms
[2026-01-27 11:17:04] [32minfo[39m: GET /css/admin/admin.css 200 19507 - 4.650 ms
[2026-01-27 11:17:05] [32minfo[39m: GET /css/admin/dashboard.css 200 2698 - 14.547 ms
[2026-01-27 11:17:05] [32minfo[39m: GET /img/admin/logo.jpg 200 26279 - 11.982 ms
[2026-01-27 11:17:05] [32minfo[39m: GET /img/admin/admin-avatar.jpg 200 114439 - 14.606 ms
[2026-01-27 11:17:05] [32minfo[39m: Fetching dashboard stats
[2026-01-27 11:17:05] [32minfo[39m: Fetching top products
[2026-01-27 11:17:05] [32minfo[39m: Fetching sales chart data
[2026-01-27 11:17:06] [32minfo[39m: Sales data processed successfully
[2026-01-27 11:17:06] [32minfo[39m: Sales chart data delivered successfully
[2026-01-27 11:17:06] [32minfo[39m: GET /admin/api/sales-data 200 179 - 477.814 ms
[2026-01-27 11:17:06] [32minfo[39m: Top products delivered successfully
[2026-01-27 11:17:06] [32minfo[39m: GET /admin/api/top-products?page=1&limit=4 200 30 - 660.408 ms
[2026-01-27 11:17:06] [32minfo[39m: Dashboard stats calculated
[2026-01-27 11:17:06] [32minfo[39m: Dashboard stats delivered successfully
[2026-01-27 11:17:06] [32minfo[39m: GET /admin/api/stats 200 63 - 983.657 ms
[2026-01-27 11:17:12] [32minfo[39m: GET /admin/products 200 33628 - 656.710 ms
[2026-01-27 11:17:12] [32minfo[39m: GET /css/admin/admin.css 200 19507 - 6.489 ms
[2026-01-27 11:17:12] [32minfo[39m: GET /img/admin/logo.jpg 200 26279 - 8.185 ms
[2026-01-27 11:17:12] [32minfo[39m: GET /img/admin/admin-avatar.jpg 200 114439 - 5.148 ms
[2026-01-27 11:17:12] [32minfo[39m: GET /css/admin/category.css 200 12433 - 8.095 ms
[2026-01-27 11:17:22] [32minfo[39m: GET /admin/products/697774b6e96d913dfdfd822e/details 200 1201 - 479.386 ms
[2026-01-27 11:18:20] [32minfo[39m: update request for product Id: 697774b6e96d913dfdfd822e
[2026-01-27 11:18:21] [32minfo[39m: Product updated: Yellow Organza Floral Sarees
[2026-01-27 11:18:21] [32minfo[39m: PUT /admin/products/697774b6e96d913dfdfd822e 200 841 - 11327.987 ms
[2026-01-27 11:18:23] [32minfo[39m: GET /admin/products 200 33657 - 426.066 ms
[2026-01-27 11:18:24] [32minfo[39m: GET /css/admin/admin.css 200 19507 - 4.936 ms
[2026-01-27 11:18:24] [32minfo[39m: GET /img/admin/logo.jpg 200 26279 - 5.829 ms
[2026-01-27 11:18:24] [32minfo[39m: GET /img/admin/admin-avatar.jpg 200 114439 - 6.992 ms
[2026-01-27 11:18:24] [32minfo[39m: GET /css/admin/category.css 200 12433 - 2.454 ms
[2026-01-27 11:20:14] [32minfo[39m: GET /admin/products/697774b6e96d913dfdfd822e/details 200 1203 - 326.978 ms
[2026-01-27 11:21:05] [32minfo[39m: hi inside the multer
[2026-01-27 11:21:05] [32minfo[39m: 698139445174944
[2026-01-27 11:21:05] [32minfo[39m: dma409l7q
[2026-01-27 11:21:05] [32minfo[39m: DRjWUJtgCysBWbMC3neHCVDAGzo
[2026-01-27 11:21:08] [32minfo[39m: connected to mongodb atlas
[2026-01-27 11:22:33] [32minfo[39m: GET /admin/products 302 41 - 337.208 ms
[2026-01-27 11:22:34] [32minfo[39m: GET /admin/login 200 3335 - 94.024 ms
[2026-01-27 11:22:34] [32minfo[39m: GET /css/admin/login.css 200 4353 - 11.834 ms
[2026-01-27 11:22:34] [32minfo[39m: GET /img/admin-weaver.jpg 200 36006 - 105.541 ms
[2026-01-27 11:22:42] [32minfo[39m: Admin logged in successfully.
[2026-01-27 11:22:42] [32minfo[39m: POST /admin/login 302 45 - 373.854 ms
[2026-01-27 11:22:42] [32minfo[39m: GET /admin/dashboard 200 36681 - 102.659 ms
[2026-01-27 11:22:42] [32minfo[39m: GET /css/admin/admin.css 200 19507 - 4.248 ms
[2026-01-27 11:22:42] [32minfo[39m: GET /css/admin/dashboard.css 200 2698 - 6.347 ms
[2026-01-27 11:22:42] [32minfo[39m: GET /img/admin/logo.jpg 200 26279 - 8.975 ms
[2026-01-27 11:22:42] [32minfo[39m: GET /img/admin/admin-avatar.jpg 200 114439 - 11.112 ms
[2026-01-27 11:22:43] [32minfo[39m: Fetching dashboard stats
[2026-01-27 11:22:43] [32minfo[39m: Fetching top products
[2026-01-27 11:22:43] [32minfo[39m: Fetching sales chart data
[2026-01-27 11:22:43] [32minfo[39m: Sales data processed successfully
[2026-01-27 11:22:43] [32minfo[39m: Sales chart data delivered successfully
[2026-01-27 11:22:43] [32minfo[39m: GET /admin/api/sales-data 200 179 - 274.842 ms
[2026-01-27 11:22:43] [32minfo[39m: Top products delivered successfully
[2026-01-27 11:22:43] [32minfo[39m: GET /admin/api/top-products?page=1&limit=4 200 30 - 356.832 ms
[2026-01-27 11:22:44] [32minfo[39m: Dashboard stats calculated
[2026-01-27 11:22:44] [32minfo[39m: Dashboard stats delivered successfully
[2026-01-27 11:22:44] [32minfo[39m: GET /admin/api/stats 200 63 - 560.766 ms
[2026-01-27 11:22:50] [32minfo[39m: GET /admin/products 200 33698 - 1039.663 ms
[2026-01-27 11:22:50] [32minfo[39m: GET /css/admin/admin.css 200 19507 - 23.886 ms
[2026-01-27 11:22:50] [32minfo[39m: GET /img/admin/logo.jpg 200 26279 - 17.137 ms
[2026-01-27 11:22:50] [32minfo[39m: GET /css/admin/category.css 200 12433 - 16.694 ms
[2026-01-27 11:22:50] [32minfo[39m: GET /img/admin/admin-avatar.jpg 200 114439 - 16.083 ms
[2026-01-27 11:22:55] [32minfo[39m: GET /admin/products/697774b6e96d913dfdfd822e/details 200 1203 - 446.802 ms
[2026-01-27 11:22:57] [32minfo[39m: GET /css/admin/admin.css 200 19507 - 4.132 ms
[2026-01-27 11:22:57] [32minfo[39m: GET /css/admin/category.css 200 12433 - 8.958 ms
[2026-01-27 11:22:57] [32minfo[39m: GET /.well-known/appspecific/com.chrome.devtools.json 404 7371 - 16.322 ms
[2026-01-27 11:23:07] [32minfo[39m: GET /admin/products/697774b6e96d913dfdfd822e/details 200 1203 - 525.222 ms
[2026-01-27 11:26:32] [32minfo[39m: GET /admin/products/697774b6e96d913dfdfd822e/details 200 1203 - 579.899 ms
[2026-01-27 11:30:00] [32minfo[39m: GET /admin/products 200 33786 - 563.619 ms
[2026-01-27 11:30:00] [32minfo[39m: GET /css/admin/admin.css 200 19507 - 2.201 ms
[2026-01-27 11:30:00] [32minfo[39m: GET /.well-known/appspecific/com.chrome.devtools.json 404 7371 - 6.859 ms
[2026-01-27 11:30:00] [32minfo[39m: GET /img/admin/logo.jpg 200 26279 - 17.356 ms
[2026-01-27 11:30:00] [32minfo[39m: GET /img/admin/admin-avatar.jpg 200 114439 - 21.942 ms
[2026-01-27 11:30:00] [32minfo[39m: GET /css/admin/category.css 200 12433 - 4.871 ms
[2026-01-27 11:30:04] [32minfo[39m: GET /admin/products/697774b6e96d913dfdfd822e/details 200 1203 - 314.865 ms
[2026-01-27 11:30:04] [32minfo[39m: GET /https://res.cloudinary.com/dma409l7q/image/upload/v1769436336/chettinad/admin/products/product-97c56ef7-922f-4796-9fed-f7d2f6744e52.jpg 404 7371 - 28.613 ms
[2026-01-27 11:30:04] [32minfo[39m: GET /https://res.cloudinary.com/dma409l7q/image/upload/v1769436341/chettinad/admin/products/product-daaf065a-9c5a-4071-840c-4af91b514933.jpg 404 7371 - 31.449 ms
[2026-01-27 11:30:51] [32minfo[39m: GET /admin/products/697774b6e96d913dfdfd822e/details 200 1203 - 509.443 ms
[2026-01-27 11:30:51] [32minfo[39m: GET /https://res.cloudinary.com/dma409l7q/image/upload/v1769436336/chettinad/admin/products/product-97c56ef7-922f-4796-9fed-f7d2f6744e52.jpg 404 7371 - 13.629 ms
[2026-01-27 11:30:51] [32minfo[39m: GET /https://res.cloudinary.com/dma409l7q/image/upload/v1769436341/chettinad/admin/products/product-daaf065a-9c5a-4071-840c-4af91b514933.jpg 404 7371 - 26.427 ms
[2026-01-27 11:32:15] [32minfo[39m: GET /admin/products 200 33785 - 495.302 ms
[2026-01-27 11:32:15] [32minfo[39m: GET /css/admin/admin.css 200 19507 - 2.690 ms
[2026-01-27 11:32:15] [32minfo[39m: GET /.well-known/appspecific/com.chrome.devtools.json 404 7371 - 6.565 ms
[2026-01-27 11:32:15] [32minfo[39m: GET /img/admin/logo.jpg 200 26279 - 5.429 ms
[2026-01-27 11:32:15] [32minfo[39m: GET /img/admin/admin-avatar.jpg 200 114439 - 8.223 ms
[2026-01-27 11:32:15] [32minfo[39m: GET /css/admin/category.css 200 12433 - 5.296 ms
[2026-01-27 11:32:19] [32minfo[39m: GET /admin/products/697774b6e96d913dfdfd822e/details 200 1203 - 613.372 ms
[2026-01-27 11:33:08] [33mwarn[39m: validation error at/admin/products/status/697774b6e96d913dfdfd822e
[2026-01-27 11:33:08] [33mwarn[39m: Method:PUT
[2026-01-27 11:33:08] [33mwarn[39m: Errors: [
  "\"isActive\" is not allowed"
]
[2026-01-27 11:33:08] [33mwarn[39m: Payload: {
  "isActive": false
}
[2026-01-27 11:33:08] [32minfo[39m: PUT /admin/products/status/697774b6e96d913dfdfd822e 400 34 - 189.109 ms
[2026-01-27 11:37:10] [32minfo[39m: hi inside the multer
[2026-01-27 11:37:10] [32minfo[39m: 698139445174944
[2026-01-27 11:37:10] [32minfo[39m: dma409l7q
[2026-01-27 11:37:10] [32minfo[39m: DRjWUJtgCysBWbMC3neHCVDAGzo
[2026-01-27 11:37:13] [32minfo[39m: connected to mongodb atlas
[2026-01-27 11:37:22] [32minfo[39m: hi inside the multer
[2026-01-27 11:37:22] [32minfo[39m: 698139445174944
[2026-01-27 11:37:22] [32minfo[39m: dma409l7q
[2026-01-27 11:37:22] [32minfo[39m: DRjWUJtgCysBWbMC3neHCVDAGzo
[2026-01-27 11:37:25] [32minfo[39m: connected to mongodb atlas
[2026-01-27 11:38:16] [32minfo[39m: hi inside the multer
[2026-01-27 11:38:16] [32minfo[39m: 698139445174944
[2026-01-27 11:38:16] [32minfo[39m: dma409l7q
[2026-01-27 11:38:16] [32minfo[39m: DRjWUJtgCysBWbMC3neHCVDAGzo
[2026-01-27 11:38:19] [32minfo[39m: connected to mongodb atlas
[2026-01-27 11:38:34] [32minfo[39m: hi inside the multer
[2026-01-27 11:38:34] [32minfo[39m: 698139445174944
[2026-01-27 11:38:34] [32minfo[39m: dma409l7q
[2026-01-27 11:38:34] [32minfo[39m: DRjWUJtgCysBWbMC3neHCVDAGzo
[2026-01-27 11:38:37] [32minfo[39m: connected to mongodb atlas
[2026-01-27 11:38:40] [32minfo[39m: hi inside the multer
[2026-01-27 11:38:40] [32minfo[39m: 698139445174944
[2026-01-27 11:38:40] [32minfo[39m: dma409l7q
[2026-01-27 11:38:40] [32minfo[39m: DRjWUJtgCysBWbMC3neHCVDAGzo
[2026-01-27 11:38:42] [32minfo[39m: connected to mongodb atlas
[2026-01-27 11:39:26] [32minfo[39m: hi inside the multer
[2026-01-27 11:39:26] [32minfo[39m: 698139445174944
[2026-01-27 11:39:26] [32minfo[39m: dma409l7q
[2026-01-27 11:39:26] [32minfo[39m: DRjWUJtgCysBWbMC3neHCVDAGzo
[2026-01-27 11:39:29] [32minfo[39m: connected to mongodb atlas
[2026-01-27 11:39:37] [32minfo[39m: hi inside the multer
[2026-01-27 11:39:37] [32minfo[39m: 698139445174944
[2026-01-27 11:39:37] [32minfo[39m: dma409l7q
[2026-01-27 11:39:37] [32minfo[39m: DRjWUJtgCysBWbMC3neHCVDAGzo
[2026-01-27 11:39:39] [32minfo[39m: connected to mongodb atlas
[2026-01-27 11:39:43] [32minfo[39m: hi inside the multer
[2026-01-27 11:39:43] [32minfo[39m: 698139445174944
[2026-01-27 11:39:43] [32minfo[39m: dma409l7q
[2026-01-27 11:39:43] [32minfo[39m: DRjWUJtgCysBWbMC3neHCVDAGzo
[2026-01-27 11:39:46] [32minfo[39m: connected to mongodb atlas
[2026-01-27 11:39:54] [32minfo[39m: GET /admin/products 302 41 - 140.942 ms
[2026-01-27 11:39:54] [32minfo[39m: GET /admin/login 200 3335 - 29.258 ms
[2026-01-27 11:39:54] [32minfo[39m: GET /css/admin/login.css 200 4353 - 6.191 ms
[2026-01-27 11:39:54] [32minfo[39m: GET /img/admin-weaver.jpg 200 36006 - 2.854 ms
[2026-01-27 11:40:02] [32minfo[39m: Admin logged in successfully.
[2026-01-27 11:40:02] [32minfo[39m: POST /admin/login 302 45 - 312.452 ms
[2026-01-27 11:40:02] [32minfo[39m: GET /admin/dashboard 200 36681 - 84.903 ms
[2026-01-27 11:40:02] [32minfo[39m: GET /css/admin/admin.css 200 19507 - 3.881 ms
[2026-01-27 11:40:02] [32minfo[39m: GET /css/admin/dashboard.css 200 2698 - 11.010 ms
[2026-01-27 11:40:02] [32minfo[39m: GET /img/admin/logo.jpg 200 26279 - 15.588 ms
[2026-01-27 11:40:02] [32minfo[39m: GET /img/admin/admin-avatar.jpg 200 114439 - 8.730 ms
[2026-01-27 11:40:03] [32minfo[39m: Fetching dashboard stats
[2026-01-27 11:40:03] [32minfo[39m: Fetching sales chart data
[2026-01-27 11:40:03] [32minfo[39m: Fetching top products
[2026-01-27 11:40:03] [32minfo[39m: Sales data processed successfully
[2026-01-27 11:40:03] [32minfo[39m: Sales chart data delivered successfully
[2026-01-27 11:40:03] [32minfo[39m: GET /admin/api/sales-data 200 179 - 276.290 ms
[2026-01-27 11:40:03] [32minfo[39m: Top products delivered successfully
[2026-01-27 11:40:03] [32minfo[39m: GET /admin/api/top-products?page=1&limit=4 200 30 - 461.280 ms
[2026-01-27 11:40:03] [32minfo[39m: Dashboard stats calculated
[2026-01-27 11:40:03] [32minfo[39m: Dashboard stats delivered successfully
[2026-01-27 11:40:03] [32minfo[39m: GET /admin/api/stats 200 63 - 531.610 ms
[2026-01-27 11:40:12] [32minfo[39m: GET /admin/products 200 33785 - 529.164 ms
[2026-01-27 11:40:12] [32minfo[39m: GET /css/admin/admin.css 200 19507 - 6.686 ms
[2026-01-27 11:40:12] [32minfo[39m: GET /img/admin/logo.jpg 200 26279 - 7.522 ms
[2026-01-27 11:40:12] [32minfo[39m: GET /img/admin/admin-avatar.jpg 200 114439 - 10.599 ms
[2026-01-27 11:40:12] [32minfo[39m: GET /css/admin/category.css 200 12433 - 8.985 ms
[2026-01-27 11:40:18] [31merror[39m: PUT /admin/products/status/697774b6e96d913dfdfd822e-schema.validate is not a function
[2026-01-27 11:40:18] [32minfo[39m: PUT /admin/products/status/697774b6e96d913dfdfd822e 500 63 - 186.314 ms
[2026-01-27 12:47:31] [32minfo[39m: GET /admin/categories 200 26481 - 2084.107 ms
[2026-01-27 12:47:31] [32minfo[39m: GET /css/admin/admin.css 200 19507 - 5.271 ms
[2026-01-27 12:47:31] [32minfo[39m: GET /img/admin/logo.jpg 200 26279 - 7.287 ms
[2026-01-27 12:47:31] [32minfo[39m: GET /img/admin/admin-avatar.jpg 200 114439 - 4.359 ms
[2026-01-27 12:47:31] [32minfo[39m: GET /css/admin/category.css 200 12433 - 1.473 ms
[2026-01-27 13:06:11] [32minfo[39m: GET /admin/products 200 33785 - 573.945 ms
[2026-01-27 13:06:11] [32minfo[39m: GET /css/admin/admin.css 200 19507 - 15.375 ms
[2026-01-27 13:06:11] [32minfo[39m: GET /img/admin/logo.jpg 200 26279 - 17.856 ms
[2026-01-27 13:06:11] [32minfo[39m: GET /img/admin/admin-avatar.jpg 200 114439 - 12.788 ms
[2026-01-27 13:06:11] [32minfo[39m: GET /css/admin/category.css 200 12433 - 2.502 ms
[2026-01-27 13:06:17] [32minfo[39m: GET /admin/products/697774b6e96d913dfdfd822e/details 200 1203 - 418.386 ms
[2026-01-27 13:07:27] [32minfo[39m: GET /admin/products 200 33785 - 372.009 ms
[2026-01-27 13:07:27] [32minfo[39m: GET /css/admin/admin.css 200 19507 - 4.034 ms
[2026-01-27 13:07:27] [32minfo[39m: GET /img/admin/logo.jpg 200 26279 - 4.593 ms
[2026-01-27 13:07:27] [32minfo[39m: GET /img/admin/admin-avatar.jpg 200 114439 - 3.767 ms
[2026-01-27 13:07:27] [32minfo[39m: GET /css/admin/category.css 200 12433 - 2.290 ms
[2026-01-27 13:07:31] [32minfo[39m: fetching order with filters
[2026-01-27 13:07:32] [32minfo[39m: GET /admin/orders 200 26628 - 1944.558 ms
[2026-01-27 13:07:32] [32minfo[39m: GET /css/admin/admin.css 200 19507 - 3.451 ms
[2026-01-27 13:07:32] [32minfo[39m: GET /img/admin/logo.jpg 200 26279 - 3.956 ms
[2026-01-27 13:07:32] [32minfo[39m: GET /img/admin/admin-avatar.jpg 200 114439 - 4.052 ms
[2026-01-27 13:07:32] [32minfo[39m: GET /css/admin/order.css 200 16312 - 3.537 ms
[2026-01-27 13:07:37] [32minfo[39m: fetcing users | page:1,search:""
[2026-01-27 13:07:38] [32minfo[39m: GET /admin/users 200 10957 - 1257.627 ms
[2026-01-27 13:07:38] [32minfo[39m: GET /css/admin/admin.css 200 19507 - 6.061 ms
[2026-01-27 13:07:38] [32minfo[39m: GET /css/admin/users.css 200 3409 - 13.280 ms
[2026-01-27 13:07:38] [32minfo[39m: GET /img/admin/admin-avatar.jpg 200 114439 - 6.451 ms
[2026-01-27 13:07:38] [32minfo[39m: GET /img/admin/logo.jpg 200 26279 - 29.487 ms
[2026-01-27 13:07:44] [32minfo[39m: Loading coupon management page
[2026-01-27 13:07:44] [32minfo[39m: coupons fetched successfully
[2026-01-27 13:07:44] [32minfo[39m: GET /admin/coupons 200 23641 - 550.364 ms
[2026-01-27 13:07:44] [32minfo[39m: GET /css/admin/admin.css 200 19507 - 14.162 ms
[2026-01-27 13:07:44] [32minfo[39m: GET /img/admin/logo.jpg 200 26279 - 16.574 ms
[2026-01-27 13:07:44] [32minfo[39m: GET /img/admin/admin-avatar.jpg 200 114439 - 16.868 ms
[2026-01-27 13:07:44] [32minfo[39m: GET /css/admin/offer.css 200 4443 - 10.643 ms
[2026-01-27 13:07:44] [32minfo[39m: GET /css/admin/coupon.css 200 3287 - 10.039 ms
[2026-01-27 13:07:47] [31merror[39m: GET /admin/offers-Cannot read properties of undefined (reading 'validate')
[2026-01-27 13:07:47] [32minfo[39m: GET /admin/offers 500 86 - 254.351 ms
[2026-01-27 13:08:55] [32minfo[39m: hi inside the multer
[2026-01-27 13:08:55] [32minfo[39m: 698139445174944
[2026-01-27 13:08:55] [32minfo[39m: dma409l7q
[2026-01-27 13:08:55] [32minfo[39m: DRjWUJtgCysBWbMC3neHCVDAGzo
[2026-01-27 13:08:58] [32minfo[39m: hi inside the multer
[2026-01-27 13:08:58] [32minfo[39m: 698139445174944
[2026-01-27 13:08:58] [32minfo[39m: dma409l7q
[2026-01-27 13:08:58] [32minfo[39m: DRjWUJtgCysBWbMC3neHCVDAGzo
[2026-01-27 13:09:03] [32minfo[39m: hi inside the multer
[2026-01-27 13:09:03] [32minfo[39m: 698139445174944
[2026-01-27 13:09:03] [32minfo[39m: dma409l7q
[2026-01-27 13:09:03] [32minfo[39m: DRjWUJtgCysBWbMC3neHCVDAGzo
[2026-01-27 13:09:05] [32minfo[39m: connected to mongodb atlas
[2026-01-27 13:09:34] [32minfo[39m: hi inside the multer
[2026-01-27 13:09:34] [32minfo[39m: 698139445174944
[2026-01-27 13:09:34] [32minfo[39m: dma409l7q
[2026-01-27 13:09:34] [32minfo[39m: DRjWUJtgCysBWbMC3neHCVDAGzo
[2026-01-27 13:09:37] [32minfo[39m: hi inside the multer
[2026-01-27 13:09:37] [32minfo[39m: 698139445174944
[2026-01-27 13:09:37] [32minfo[39m: dma409l7q
[2026-01-27 13:09:37] [32minfo[39m: DRjWUJtgCysBWbMC3neHCVDAGzo
[2026-01-27 13:09:41] [32minfo[39m: hi inside the multer
[2026-01-27 13:09:41] [32minfo[39m: 698139445174944
[2026-01-27 13:09:41] [32minfo[39m: dma409l7q
[2026-01-27 13:09:41] [32minfo[39m: DRjWUJtgCysBWbMC3neHCVDAGzo
[2026-01-27 13:09:46] [32minfo[39m: connected to mongodb atlas
[2026-01-27 13:10:11] [32minfo[39m: hi inside the multer
[2026-01-27 13:10:11] [32minfo[39m: 698139445174944
[2026-01-27 13:10:11] [32minfo[39m: dma409l7q
[2026-01-27 13:10:11] [32minfo[39m: DRjWUJtgCysBWbMC3neHCVDAGzo
[2026-01-27 13:10:14] [32minfo[39m: connected to mongodb atlas
[2026-01-27 13:10:19] [32minfo[39m: hi inside the multer
[2026-01-27 13:10:19] [32minfo[39m: 698139445174944
[2026-01-27 13:10:19] [32minfo[39m: dma409l7q
[2026-01-27 13:10:19] [32minfo[39m: DRjWUJtgCysBWbMC3neHCVDAGzo
[2026-01-27 13:11:00] [32minfo[39m: hi inside the multer
[2026-01-27 13:11:00] [32minfo[39m: 698139445174944
[2026-01-27 13:11:00] [32minfo[39m: dma409l7q
[2026-01-27 13:11:00] [32minfo[39m: DRjWUJtgCysBWbMC3neHCVDAGzo
[2026-01-27 13:11:01] [32minfo[39m: hi inside the multer
[2026-01-27 13:11:01] [32minfo[39m: 698139445174944
[2026-01-27 13:11:01] [32minfo[39m: dma409l7q
[2026-01-27 13:11:01] [32minfo[39m: DRjWUJtgCysBWbMC3neHCVDAGzo
[2026-01-27 13:11:03] [32minfo[39m: hi inside the multer
[2026-01-27 13:11:03] [32minfo[39m: 698139445174944
[2026-01-27 13:11:03] [32minfo[39m: dma409l7q
[2026-01-27 13:11:03] [32minfo[39m: DRjWUJtgCysBWbMC3neHCVDAGzo
[2026-01-27 13:11:07] [32minfo[39m: connected to mongodb atlas
[2026-01-27 13:11:27] [32minfo[39m: hi inside the multer
[2026-01-27 13:11:27] [32minfo[39m: 698139445174944
[2026-01-27 13:11:27] [32minfo[39m: dma409l7q
[2026-01-27 13:11:27] [32minfo[39m: DRjWUJtgCysBWbMC3neHCVDAGzo
[2026-01-27 13:11:49] [32minfo[39m: GET /admin/offers 500 21 - 10044.271 ms
[2026-01-27 13:13:04] [31merror[39m: monogoDB connection error: querySrv ETIMEOUT _mongodb._tcp.chettinad.9d7kbbi.mongodb.net
[2026-01-27 23:14:10] [32minfo[39m: hi inside the multer
[2026-01-27 23:14:10] [32minfo[39m: 698139445174944
[2026-01-27 23:14:10] [32minfo[39m: dma409l7q
[2026-01-27 23:14:10] [32minfo[39m: DRjWUJtgCysBWbMC3neHCVDAGzo
[2026-01-27 23:14:12] [32minfo[39m: connected to mongodb atlas
[2026-01-27 23:14:26] [32minfo[39m: GET /admin 302 41 - 140.226 ms
[2026-01-27 23:14:26] [32minfo[39m: GET /admin/login 200 3335 - 31.868 ms
[2026-01-27 23:14:26] [32minfo[39m: GET /css/admin/login.css 200 4353 - 3.548 ms
[2026-01-27 23:14:26] [32minfo[39m: GET /img/admin-weaver.jpg 200 36006 - 3.533 ms
[2026-01-27 23:14:27] [32minfo[39m: GET /favicon.ico 404 7371 - 18.451 ms
[2026-01-27 23:14:40] [32minfo[39m: Admin logged in successfully.
[2026-01-27 23:14:40] [32minfo[39m: POST /admin/login 302 45 - 228.574 ms
[2026-01-27 23:14:40] [32minfo[39m: GET /admin/dashboard 200 36681 - 185.051 ms
[2026-01-27 23:14:40] [32minfo[39m: GET /css/admin/admin.css 200 19507 - 5.546 ms
[2026-01-27 23:14:40] [32minfo[39m: GET /css/admin/dashboard.css 200 2698 - 6.285 ms
[2026-01-27 23:14:40] [32minfo[39m: GET /img/admin/logo.jpg 200 26279 - 7.033 ms
[2026-01-27 23:14:40] [32minfo[39m: GET /img/admin/admin-avatar.jpg 200 114439 - 5.853 ms
[2026-01-27 23:14:41] [32minfo[39m: Fetching sales chart data
[2026-01-27 23:14:41] [32minfo[39m: Fetching top products
[2026-01-27 23:14:41] [32minfo[39m: Fetching dashboard stats
[2026-01-27 23:14:41] [32minfo[39m: Sales data processed successfully
[2026-01-27 23:14:41] [32minfo[39m: Sales chart data delivered successfully
[2026-01-27 23:14:41] [32minfo[39m: GET /admin/api/sales-data 200 179 - 326.514 ms
[2026-01-27 23:14:42] [32minfo[39m: Top products delivered successfully
[2026-01-27 23:14:42] [32minfo[39m: GET /admin/api/top-products?page=1&limit=4 200 30 - 458.881 ms
[2026-01-27 23:14:42] [32minfo[39m: Dashboard stats calculated
[2026-01-27 23:14:42] [32minfo[39m: Dashboard stats delivered successfully
[2026-01-27 23:14:42] [32minfo[39m: GET /admin/api/stats 200 63 - 592.242 ms
[2026-01-27 23:30:51] [32minfo[39m: GET /admin/products 200 33785 - 602.992 ms
[2026-01-27 23:30:51] [32minfo[39m: GET /css/admin/admin.css 200 19507 - 20.467 ms
[2026-01-27 23:30:51] [32minfo[39m: GET /img/admin/logo.jpg 200 26279 - 25.539 ms
[2026-01-27 23:30:51] [32minfo[39m: GET /img/admin/admin-avatar.jpg 200 114439 - 35.045 ms
[2026-01-27 23:30:51] [32minfo[39m: GET /css/admin/category.css 200 12433 - 12.384 ms
[2026-01-27 23:30:56] [32minfo[39m: loading offer management page
[2026-01-27 23:30:56] [31merror[39m: GET /admin/offers-Cannot read properties of undefined (reading 'page')
[2026-01-27 23:30:56] [32minfo[39m: GET /admin/offers 500 82 - 159.229 ms
[2026-01-27 23:34:41] [32minfo[39m: hi inside the multer
[2026-01-27 23:34:41] [32minfo[39m: 698139445174944
[2026-01-27 23:34:41] [32minfo[39m: dma409l7q
[2026-01-27 23:34:41] [32minfo[39m: DRjWUJtgCysBWbMC3neHCVDAGzo
[2026-01-27 23:34:44] [32minfo[39m: connected to mongodb atlas
[2026-01-27 23:34:48] [32minfo[39m: hi inside the multer
[2026-01-27 23:34:48] [32minfo[39m: 698139445174944
[2026-01-27 23:34:48] [32minfo[39m: dma409l7q
[2026-01-27 23:34:48] [32minfo[39m: DRjWUJtgCysBWbMC3neHCVDAGzo
[2026-01-27 23:34:57] [32minfo[39m: hi inside the multer
[2026-01-27 23:34:57] [32minfo[39m: 698139445174944
[2026-01-27 23:34:57] [32minfo[39m: dma409l7q
[2026-01-27 23:34:57] [32minfo[39m: DRjWUJtgCysBWbMC3neHCVDAGzo
[2026-01-27 23:34:59] [32minfo[39m: connected to mongodb atlas
[2026-01-27 23:35:10] [32minfo[39m: hi inside the multer
[2026-01-27 23:35:10] [32minfo[39m: 698139445174944
[2026-01-27 23:35:10] [32minfo[39m: dma409l7q
[2026-01-27 23:35:10] [32minfo[39m: DRjWUJtgCysBWbMC3neHCVDAGzo
[2026-01-27 23:35:12] [32minfo[39m: connected to mongodb atlas
[2026-01-27 23:35:14] [32minfo[39m: hi inside the multer
[2026-01-27 23:35:14] [32minfo[39m: 698139445174944
[2026-01-27 23:35:14] [32minfo[39m: dma409l7q
[2026-01-27 23:35:14] [32minfo[39m: DRjWUJtgCysBWbMC3neHCVDAGzo
[2026-01-27 23:35:17] [32minfo[39m: connected to mongodb atlas
[2026-01-27 23:35:17] [32minfo[39m: GET /admin/offers 302 41 - 790.615 ms
[2026-01-27 23:35:18] [32minfo[39m: GET /admin/login 200 3335 - 24.243 ms
[2026-01-27 23:35:18] [32minfo[39m: GET /css/admin/login.css 200 4353 - 7.136 ms
[2026-01-27 23:35:18] [32minfo[39m: GET /img/admin-weaver.jpg 200 36006 - 10.133 ms
[2026-01-27 23:35:27] [32minfo[39m: Admin logged in successfully.
[2026-01-27 23:35:27] [32minfo[39m: POST /admin/login 302 45 - 264.474 ms
[2026-01-27 23:35:27] [32minfo[39m: GET /admin/dashboard 200 36681 - 210.408 ms
[2026-01-27 23:35:27] [32minfo[39m: GET /css/admin/admin.css 200 19507 - 28.441 ms
[2026-01-27 23:35:27] [32minfo[39m: GET /css/admin/dashboard.css 200 2698 - 27.136 ms
[2026-01-27 23:35:27] [32minfo[39m: GET /img/admin/logo.jpg 200 26279 - 23.057 ms
[2026-01-27 23:35:28] [32minfo[39m: GET /img/admin/admin-avatar.jpg 200 114439 - 32.967 ms
[2026-01-27 23:35:28] [32minfo[39m: Fetching top products
[2026-01-27 23:35:28] [32minfo[39m: Fetching dashboard stats
[2026-01-27 23:35:28] [32minfo[39m: Fetching sales chart data
[2026-01-27 23:35:28] [32minfo[39m: Sales data processed successfully
[2026-01-27 23:35:28] [32minfo[39m: Sales chart data delivered successfully
[2026-01-27 23:35:28] [32minfo[39m: GET /admin/api/sales-data 200 179 - 179.334 ms
[2026-01-27 23:35:29] [32minfo[39m: Top products delivered successfully
[2026-01-27 23:35:29] [32minfo[39m: GET /admin/api/top-products?page=1&limit=4 200 30 - 271.404 ms
[2026-01-27 23:35:29] [32minfo[39m: Dashboard stats calculated
[2026-01-27 23:35:29] [32minfo[39m: Dashboard stats delivered successfully
[2026-01-27 23:35:29] [32minfo[39m: GET /admin/api/stats 200 63 - 617.412 ms
[2026-01-27 23:35:37] [32minfo[39m: loading offer management page
[2026-01-27 23:35:37] [31merror[39m: GET /admin/offers-Cannot read properties of undefined (reading 'page')
[2026-01-27 23:35:37] [32minfo[39m: GET /admin/offers 500 82 - 99.913 ms
[2026-01-27 23:44:31] [32minfo[39m: hi inside the multer
[2026-01-27 23:44:31] [32minfo[39m: 698139445174944
[2026-01-27 23:44:31] [32minfo[39m: dma409l7q
[2026-01-27 23:44:31] [32minfo[39m: DRjWUJtgCysBWbMC3neHCVDAGzo
[2026-01-27 23:44:34] [32minfo[39m: connected to mongodb atlas
[2026-01-27 23:44:57] [32minfo[39m: GET /admin/offers 302 41 - 207.155 ms
[2026-01-27 23:44:57] [32minfo[39m: GET /admin/login 200 3335 - 31.534 ms
[2026-01-27 23:44:57] [32minfo[39m: GET /css/admin/login.css 200 4353 - 6.505 ms
[2026-01-27 23:44:57] [32minfo[39m: GET /img/admin-weaver.jpg 200 36006 - 3.586 ms
[2026-01-27 23:45:05] [32minfo[39m: Admin logged in successfully.
[2026-01-27 23:45:05] [32minfo[39m: POST /admin/login 302 45 - 291.806 ms
[2026-01-27 23:45:05] [32minfo[39m: GET /admin/dashboard 200 36681 - 190.831 ms
[2026-01-27 23:45:06] [32minfo[39m: GET /css/admin/admin.css 200 19507 - 13.728 ms
[2026-01-27 23:45:06] [32minfo[39m: GET /css/admin/dashboard.css 200 2698 - 13.974 ms
[2026-01-27 23:45:06] [32minfo[39m: GET /img/admin/logo.jpg 200 26279 - 9.213 ms
[2026-01-27 23:45:06] [32minfo[39m: GET /img/admin/admin-avatar.jpg 200 114439 - 13.133 ms
[2026-01-27 23:45:06] [32minfo[39m: Fetching top products
[2026-01-27 23:45:06] [32minfo[39m: Fetching dashboard stats
[2026-01-27 23:45:06] [32minfo[39m: Fetching sales chart data
[2026-01-27 23:45:06] [32minfo[39m: Sales data processed successfully
[2026-01-27 23:45:06] [32minfo[39m: Sales chart data delivered successfully
[2026-01-27 23:45:06] [32minfo[39m: GET /admin/api/sales-data 200 179 - 220.020 ms
[2026-01-27 23:45:06] [32minfo[39m: Top products delivered successfully
[2026-01-27 23:45:06] [32minfo[39m: GET /admin/api/top-products?page=1&limit=4 200 30 - 290.422 ms
[2026-01-27 23:45:06] [32minfo[39m: Dashboard stats calculated
[2026-01-27 23:45:06] [32minfo[39m: Dashboard stats delivered successfully
[2026-01-27 23:45:06] [32minfo[39m: GET /admin/api/stats 200 63 - 534.525 ms
[2026-01-27 23:45:07] [31merror[39m: GET /admin/offers-schema.validate is not a function
[2026-01-27 23:45:07] [32minfo[39m: GET /admin/offers 500 63 - 167.082 ms
[2026-01-27 23:47:00] [32minfo[39m: hi inside the multer
[2026-01-27 23:47:00] [32minfo[39m: 698139445174944
[2026-01-27 23:47:00] [32minfo[39m: dma409l7q
[2026-01-27 23:47:00] [32minfo[39m: DRjWUJtgCysBWbMC3neHCVDAGzo
[2026-01-27 23:47:03] [32minfo[39m: connected to mongodb atlas
[2026-01-27 23:47:04] [32minfo[39m: GET /admin/offers 302 41 - 566.828 ms
[2026-01-27 23:47:04] [32minfo[39m: GET /admin/login 200 3335 - 15.494 ms
[2026-01-27 23:47:04] [32minfo[39m: GET /css/admin/login.css 200 4353 - 6.012 ms
[2026-01-27 23:47:04] [32minfo[39m: GET /img/admin-weaver.jpg 200 36006 - 6.350 ms
[2026-01-27 23:47:14] [32minfo[39m: Admin logged in successfully.
[2026-01-27 23:47:14] [32minfo[39m: POST /admin/login 302 45 - 283.209 ms
[2026-01-27 23:47:14] [32minfo[39m: GET /admin/dashboard 200 36681 - 118.922 ms
[2026-01-27 23:47:15] [32minfo[39m: GET /css/admin/admin.css 200 19507 - 6.548 ms
[2026-01-27 23:47:15] [32minfo[39m: GET /css/admin/dashboard.css 200 2698 - 15.168 ms
[2026-01-27 23:47:15] [32minfo[39m: GET /img/admin/logo.jpg 200 26279 - 20.395 ms
[2026-01-27 23:47:15] [32minfo[39m: GET /img/admin/admin-avatar.jpg 200 114439 - 20.809 ms
[2026-01-27 23:47:15] [32minfo[39m: Fetching top products
[2026-01-27 23:47:15] [32minfo[39m: Fetching sales chart data
[2026-01-27 23:47:15] [32minfo[39m: Fetching dashboard stats
[2026-01-27 23:47:15] [32minfo[39m: Sales data processed successfully
[2026-01-27 23:47:15] [32minfo[39m: Sales chart data delivered successfully
[2026-01-27 23:47:15] [32minfo[39m: GET /admin/api/sales-data 200 179 - 173.628 ms
[2026-01-27 23:47:15] [32minfo[39m: Top products delivered successfully
[2026-01-27 23:47:15] [32minfo[39m: GET /admin/api/top-products?page=1&limit=4 200 30 - 239.616 ms
[2026-01-27 23:47:16] [32minfo[39m: Dashboard stats calculated
[2026-01-27 23:47:16] [32minfo[39m: Dashboard stats delivered successfully
[2026-01-27 23:47:16] [32minfo[39m: GET /admin/api/stats 200 63 - 485.209 ms
[2026-01-27 23:47:27] [32minfo[39m: loading offer management page
[2026-01-27 23:47:27] [31merror[39m: GET /admin/offers-Cannot read properties of undefined (reading 'page')
[2026-01-27 23:47:27] [32minfo[39m: GET /admin/offers 500 82 - 216.891 ms
[2026-01-27 23:48:07] [32minfo[39m: hi inside the multer
[2026-01-27 23:48:07] [32minfo[39m: 698139445174944
[2026-01-27 23:48:07] [32minfo[39m: dma409l7q
[2026-01-27 23:48:07] [32minfo[39m: DRjWUJtgCysBWbMC3neHCVDAGzo
[2026-01-27 23:48:09] [32minfo[39m: connected to mongodb atlas
[2026-01-27 23:48:13] [32minfo[39m: hi inside the multer
[2026-01-27 23:48:13] [32minfo[39m: 698139445174944
[2026-01-27 23:48:13] [32minfo[39m: dma409l7q
[2026-01-27 23:48:13] [32minfo[39m: DRjWUJtgCysBWbMC3neHCVDAGzo
[2026-01-27 23:48:15] [32minfo[39m: connected to mongodb atlas
[2026-01-27 23:49:44] [32minfo[39m: GET /admin/offers 302 41 - 170.414 ms
[2026-01-27 23:49:44] [32minfo[39m: GET /admin/login 200 3335 - 14.939 ms
[2026-01-27 23:49:44] [32minfo[39m: GET /css/admin/login.css 200 4353 - 6.537 ms
[2026-01-27 23:49:44] [32minfo[39m: GET /img/admin-weaver.jpg 200 36006 - 9.668 ms
[2026-01-27 23:49:51] [33mwarn[39m: Invalid password.
[2026-01-27 23:49:51] [32minfo[39m: POST /admin/login 302 41 - 282.305 ms
[2026-01-27 23:49:51] [32minfo[39m: GET /admin/login 200 3335 - 18.331 ms
[2026-01-27 23:49:51] [32minfo[39m: GET /css/admin/login.css 200 4353 - 6.002 ms
[2026-01-27 23:49:51] [32minfo[39m: GET /img/admin-weaver.jpg 200 36006 - 10.923 ms
[2026-01-27 23:50:00] [32minfo[39m: Admin logged in successfully.
[2026-01-27 23:50:00] [32minfo[39m: POST /admin/login 302 45 - 384.719 ms
[2026-01-27 23:50:00] [32minfo[39m: GET /admin/dashboard 200 36681 - 151.718 ms
[2026-01-27 23:50:00] [32minfo[39m: GET /css/admin/admin.css 200 19507 - 7.265 ms
[2026-01-27 23:50:00] [32minfo[39m: GET /css/admin/dashboard.css 200 2698 - 14.305 ms
[2026-01-27 23:50:00] [32minfo[39m: GET /img/admin/admin-avatar.jpg 200 114439 - 10.139 ms
[2026-01-27 23:50:00] [32minfo[39m: GET /img/admin/logo.jpg 200 26279 - 17.882 ms
[2026-01-27 23:50:01] [32minfo[39m: Fetching sales chart data
[2026-01-27 23:50:01] [32minfo[39m: Fetching dashboard stats
[2026-01-27 23:50:01] [32minfo[39m: Fetching top products
[2026-01-27 23:50:01] [32minfo[39m: Sales data processed successfully
[2026-01-27 23:50:01] [32minfo[39m: Sales chart data delivered successfully
[2026-01-27 23:50:01] [32minfo[39m: GET /admin/api/sales-data 200 179 - 258.195 ms
[2026-01-27 23:50:01] [32minfo[39m: Top products delivered successfully
[2026-01-27 23:50:01] [32minfo[39m: GET /admin/api/top-products?page=1&limit=4 200 30 - 329.361 ms
[2026-01-27 23:50:01] [32minfo[39m: Dashboard stats calculated
[2026-01-27 23:50:01] [32minfo[39m: Dashboard stats delivered successfully
[2026-01-27 23:50:01] [32minfo[39m: GET /admin/api/stats 200 63 - 479.369 ms
[2026-01-27 23:50:10] [32minfo[39m: GET /admin/products 200 33785 - 698.138 ms
[2026-01-27 23:50:10] [32minfo[39m: GET /css/admin/admin.css 200 19507 - 12.072 ms
[2026-01-27 23:50:10] [32minfo[39m: GET /img/admin/logo.jpg 200 26279 - 18.266 ms
[2026-01-27 23:50:10] [32minfo[39m: GET /img/admin/admin-avatar.jpg 200 114439 - 15.394 ms
[2026-01-27 23:50:10] [32minfo[39m: GET /css/admin/category.css 200 12433 - 9.552 ms
[2026-01-27 23:50:12] [31merror[39m: PUT /admin/products/status/697774b6e96d913dfdfd822e-schema.validate is not a function
[2026-01-27 23:50:12] [32minfo[39m: PUT /admin/products/status/697774b6e96d913dfdfd822e 500 63 - 111.182 ms
[2026-01-27 23:51:07] [32minfo[39m: hi inside the multer
[2026-01-27 23:51:07] [32minfo[39m: 698139445174944
[2026-01-27 23:51:07] [32minfo[39m: dma409l7q
[2026-01-27 23:51:07] [32minfo[39m: DRjWUJtgCysBWbMC3neHCVDAGzo
[2026-01-27 23:51:10] [32minfo[39m: connected to mongodb atlas
[2026-01-27 23:51:10] [32minfo[39m: GET /admin/products 302 41 - 174.279 ms
[2026-01-27 23:51:10] [32minfo[39m: GET /admin/login 200 3335 - 19.057 ms
[2026-01-27 23:51:10] [32minfo[39m: GET /css/admin/login.css 200 4353 - 3.055 ms
[2026-01-27 23:51:10] [32minfo[39m: GET /img/admin-weaver.jpg 200 36006 - 2.247 ms
[2026-01-27 23:53:40] [32minfo[39m: hi inside the multer
[2026-01-27 23:53:40] [32minfo[39m: 698139445174944
[2026-01-27 23:53:40] [32minfo[39m: dma409l7q
[2026-01-27 23:53:40] [32minfo[39m: DRjWUJtgCysBWbMC3neHCVDAGzo
[2026-01-27 23:53:42] [32minfo[39m: connected to mongodb atlas
[2026-01-27 23:55:06] [32minfo[39m: hi inside the multer
[2026-01-27 23:55:06] [32minfo[39m: 698139445174944
[2026-01-27 23:55:06] [32minfo[39m: dma409l7q
[2026-01-27 23:55:06] [32minfo[39m: DRjWUJtgCysBWbMC3neHCVDAGzo
[2026-01-27 23:55:08] [32minfo[39m: connected to mongodb atlas
[2026-01-27 23:55:14] [32minfo[39m: GET /admin/login 200 3335 - 37.248 ms
[2026-01-27 23:55:14] [32minfo[39m: GET /css/admin/login.css 200 4353 - 13.831 ms
[2026-01-27 23:55:14] [32minfo[39m: GET /img/admin-weaver.jpg 200 36006 - 14.428 ms
[2026-01-27 23:55:22] [32minfo[39m: Admin logged in successfully.
[2026-01-27 23:55:22] [32minfo[39m: POST /admin/login 302 45 - 288.035 ms
[2026-01-27 23:55:22] [32minfo[39m: GET /admin/dashboard 200 36681 - 190.806 ms
[2026-01-27 23:55:22] [32minfo[39m: GET /css/admin/admin.css 200 19507 - 12.681 ms
[2026-01-27 23:55:22] [32minfo[39m: GET /css/admin/dashboard.css 200 2698 - 14.267 ms
[2026-01-27 23:55:22] [32minfo[39m: GET /img/admin/logo.jpg 200 26279 - 20.287 ms
[2026-01-27 23:55:22] [32minfo[39m: GET /img/admin/admin-avatar.jpg 200 114439 - 19.770 ms
[2026-01-27 23:55:23] [32minfo[39m: Fetching dashboard stats
[2026-01-27 23:55:23] [32minfo[39m: Fetching top products
[2026-01-27 23:55:23] [32minfo[39m: Fetching sales chart data
[2026-01-27 23:55:23] [32minfo[39m: Sales data processed successfully
[2026-01-27 23:55:23] [32minfo[39m: Sales chart data delivered successfully
[2026-01-27 23:55:23] [32minfo[39m: GET /admin/api/sales-data 200 179 - 355.201 ms
[2026-01-27 23:55:23] [32minfo[39m: Top products delivered successfully
[2026-01-27 23:55:23] [32minfo[39m: GET /admin/api/top-products?page=1&limit=4 200 30 - 440.252 ms
[2026-01-27 23:55:24] [32minfo[39m: Dashboard stats calculated
[2026-01-27 23:55:24] [32minfo[39m: Dashboard stats delivered successfully
[2026-01-27 23:55:24] [32minfo[39m: GET /admin/api/stats 200 63 - 585.481 ms
[2026-01-27 23:55:25] [32minfo[39m: loading offer management page
[2026-01-27 23:55:25] [32minfo[39m: Offers fetched successfully
[2026-01-27 23:55:25] [32minfo[39m: GET /admin/offers 200 32198 - 751.207 ms
[2026-01-27 23:55:26] [32minfo[39m: GET /css/admin/admin.css 200 19507 - 20.416 ms
[2026-01-27 23:55:26] [32minfo[39m: GET /img/admin/logo.jpg 200 26279 - 20.360 ms
[2026-01-27 23:55:26] [32minfo[39m: GET /img/admin/admin-avatar.jpg 200 114439 - 24.574 ms
[2026-01-27 23:55:26] [32minfo[39m: GET /css/admin/offer.css 200 4443 - 24.295 ms
[2026-01-27 23:57:09] [32minfo[39m: hi inside the multer
[2026-01-27 23:57:09] [32minfo[39m: 698139445174944
[2026-01-27 23:57:09] [32minfo[39m: dma409l7q
[2026-01-27 23:57:09] [32minfo[39m: DRjWUJtgCysBWbMC3neHCVDAGzo
[2026-01-27 23:57:12] [32minfo[39m: connected to mongodb atlas
[2026-01-27 23:58:27] [32minfo[39m: GET /admin/offers 302 41 - 134.894 ms
[2026-01-27 23:58:27] [32minfo[39m: GET /admin/login 200 3335 - 27.205 ms
[2026-01-27 23:58:28] [32minfo[39m: GET /css/admin/login.css 200 4353 - 14.076 ms
[2026-01-27 23:58:28] [32minfo[39m: GET /img/admin-weaver.jpg 200 36006 - 32.778 ms
[2026-01-27 23:58:35] [32minfo[39m: Admin logged in successfully.
[2026-01-27 23:58:35] [32minfo[39m: POST /admin/login 302 45 - 295.056 ms
[2026-01-27 23:58:35] [32minfo[39m: GET /admin/dashboard 200 36681 - 95.240 ms
[2026-01-27 23:58:36] [32minfo[39m: GET /css/admin/admin.css 200 19507 - 6.641 ms
[2026-01-27 23:58:36] [32minfo[39m: GET /css/admin/dashboard.css 200 2698 - 10.275 ms
[2026-01-27 23:58:36] [32minfo[39m: GET /img/admin/logo.jpg 200 26279 - 9.823 ms
[2026-01-27 23:58:36] [32minfo[39m: GET /img/admin/admin-avatar.jpg 200 114439 - 6.239 ms
[2026-01-27 23:58:37] [32minfo[39m: Fetching top products
[2026-01-27 23:58:37] [32minfo[39m: Fetching dashboard stats
[2026-01-27 23:58:37] [32minfo[39m: Fetching sales chart data
[2026-01-27 23:58:37] [32minfo[39m: Sales data processed successfully
[2026-01-27 23:58:37] [32minfo[39m: Sales chart data delivered successfully
[2026-01-27 23:58:37] [32minfo[39m: GET /admin/api/sales-data 200 179 - 227.214 ms
[2026-01-27 23:58:37] [32minfo[39m: Top products delivered successfully
[2026-01-27 23:58:37] [32minfo[39m: GET /admin/api/top-products?page=1&limit=4 200 30 - 294.365 ms
[2026-01-27 23:58:37] [32minfo[39m: Dashboard stats calculated
[2026-01-27 23:58:37] [32minfo[39m: Dashboard stats delivered successfully
[2026-01-27 23:58:37] [32minfo[39m: GET /admin/api/stats 200 63 - 443.848 ms
[2026-01-27 23:58:41] [32minfo[39m: GET /admin/products 200 33785 - 594.335 ms
[2026-01-27 23:58:41] [32minfo[39m: GET /css/admin/admin.css 200 19507 - 13.034 ms
[2026-01-27 23:58:41] [32minfo[39m: GET /img/admin/logo.jpg 200 26279 - 14.416 ms
[2026-01-27 23:58:41] [32minfo[39m: GET /img/admin/admin-avatar.jpg 200 114439 - 19.777 ms
[2026-01-27 23:58:41] [32minfo[39m: GET /css/admin/category.css 200 12433 - 7.633 ms
[2026-01-27 23:58:45] [32minfo[39m: GET /admin/products/697774b6e96d913dfdfd822e/details 200 1203 - 378.588 ms
[2026-01-27 23:58:50] [32minfo[39m: loading offer management page
[2026-01-27 23:58:50] [32minfo[39m: Offers fetched successfully
[2026-01-27 23:58:50] [32minfo[39m: GET /admin/offers 200 32198 - 610.492 ms
[2026-01-27 23:58:50] [32minfo[39m: GET /css/admin/admin.css 200 19507 - 5.154 ms
[2026-01-27 23:58:50] [32minfo[39m: GET /img/admin/logo.jpg 200 26279 - 4.539 ms
[2026-01-27 23:58:50] [32minfo[39m: GET /img/admin/admin-avatar.jpg 200 114439 - 4.414 ms
[2026-01-27 23:58:50] [32minfo[39m: GET /css/admin/offer.css 200 4443 - 7.319 ms
[2026-01-27 23:58:58] [32minfo[39m: GET /admin/products 200 33785 - 741.502 ms
[2026-01-27 23:58:58] [32minfo[39m: GET /css/admin/admin.css 200 19507 - 5.968 ms
[2026-01-27 23:58:58] [32minfo[39m: GET /img/admin/logo.jpg 200 26279 - 8.502 ms
[2026-01-27 23:58:58] [32minfo[39m: GET /img/admin/admin-avatar.jpg 200 114439 - 14.622 ms
[2026-01-27 23:58:58] [32minfo[39m: GET /css/admin/category.css 200 12433 - 6.822 ms
[2026-01-28 00:00:04] [32minfo[39m: product added:Black Organza Floral Sarees
[2026-01-28 00:00:04] [32minfo[39m: POST /admin/addProducts 201 822 - 15170.497 ms
[2026-01-28 00:00:05] [32minfo[39m: GET /.well-known/appspecific/com.chrome.devtools.json 404 7371 - 42.860 ms
[2026-01-28 00:00:05] [32minfo[39m: GET /css/admin/admin.css 200 19507 - 68.630 ms
[2026-01-28 00:00:05] [32minfo[39m: GET /css/admin/category.css 200 12433 - 66.141 ms
[2026-01-28 00:00:07] [32minfo[39m: GET /admin/products 200 35202 - 342.600 ms
[2026-01-28 00:00:07] [32minfo[39m: GET /css/admin/admin.css 200 19507 - 8.725 ms
[2026-01-28 00:00:07] [32minfo[39m: GET /.well-known/appspecific/com.chrome.devtools.json 404 7371 - 7.134 ms
[2026-01-28 00:00:07] [32minfo[39m: GET /img/admin/logo.jpg 200 26279 - 23.705 ms
[2026-01-28 00:00:07] [32minfo[39m: GET /img/admin/admin-avatar.jpg 200 114439 - 23.370 ms
[2026-01-28 00:00:07] [32minfo[39m: GET /css/admin/category.css 200 12433 - 2.346 ms
[2026-01-28 00:00:09] [32minfo[39m: POST /admin/addProducts - - - - ms
[2026-01-28 00:00:11] [32minfo[39m: GET /admin/products/6979042c65ffdf6b53736be3/details 200 1186 - 331.507 ms
[2026-01-28 00:00:20] [32minfo[39m: update request for product Id: 6979042c65ffdf6b53736be3
[2026-01-28 00:00:20] [32minfo[39m: Product updated: Black Organza Floral Sarees
[2026-01-28 00:00:20] [32minfo[39m: PUT /admin/products/6979042c65ffdf6b53736be3 200 824 - 588.562 ms
[2026-01-28 00:00:23] [32minfo[39m: GET /admin/products 200 35200 - 689.533 ms
[2026-01-28 00:00:23] [32minfo[39m: GET /css/admin/admin.css 200 19507 - 2.640 ms
[2026-01-28 00:00:23] [32minfo[39m: GET /img/admin/logo.jpg 200 26279 - 4.413 ms
[2026-01-28 00:00:23] [32minfo[39m: GET /img/admin/admin-avatar.jpg 200 114439 - 4.756 ms
[2026-01-28 00:00:23] [32minfo[39m: GET /css/admin/category.css 200 12433 - 2.533 ms
[2026-01-28 00:00:33] [32minfo[39m: loading offer management page
[2026-01-28 00:00:34] [32minfo[39m: Offers fetched successfully
[2026-01-28 00:00:34] [32minfo[39m: GET /admin/offers 200 33313 - 584.527 ms
[2026-01-28 00:00:34] [32minfo[39m: GET /css/admin/admin.css 200 19507 - 16.004 ms
[2026-01-28 00:00:34] [32minfo[39m: GET /img/admin/logo.jpg 200 26279 - 16.078 ms
[2026-01-28 00:00:34] [32minfo[39m: GET /img/admin/admin-avatar.jpg 200 114439 - 20.359 ms
[2026-01-28 00:00:34] [32minfo[39m: GET /css/admin/offer.css 200 4443 - 8.285 ms
[2026-01-28 00:00:55] [32minfo[39m: hi inside the multer
[2026-01-28 00:00:55] [32minfo[39m: 698139445174944
[2026-01-28 00:00:55] [32minfo[39m: dma409l7q
[2026-01-28 00:00:55] [32minfo[39m: DRjWUJtgCysBWbMC3neHCVDAGzo
[2026-01-28 00:00:58] [32minfo[39m: hi inside the multer
[2026-01-28 00:00:58] [32minfo[39m: 698139445174944
[2026-01-28 00:00:58] [32minfo[39m: dma409l7q
[2026-01-28 00:00:58] [32minfo[39m: DRjWUJtgCysBWbMC3neHCVDAGzo
[2026-01-28 00:01:00] [32minfo[39m: connected to mongodb atlas
[2026-01-28 00:01:43] [32minfo[39m: POST /admin/offers/add-offer 302 34 - 208.828 ms
[2026-01-28 00:01:43] [32minfo[39m: GET /admin/login 200 3335 - 24.939 ms
[2026-01-28 00:02:06] [32minfo[39m: GET /admin/offers 302 41 - 88.475 ms
[2026-01-28 00:02:06] [32minfo[39m: GET /admin/login 200 3335 - 4.812 ms
[2026-01-28 00:02:06] [32minfo[39m: GET /css/admin/login.css 200 4353 - 10.601 ms
[2026-01-28 00:02:06] [32minfo[39m: GET /img/admin-weaver.jpg 200 36006 - 15.515 ms
[2026-01-28 00:02:19] [32minfo[39m: Admin logged in successfully.
[2026-01-28 00:02:19] [32minfo[39m: POST /admin/login 302 45 - 336.390 ms
[2026-01-28 00:02:20] [32minfo[39m: GET /admin/dashboard 200 36681 - 194.293 ms
[2026-01-28 00:02:20] [32minfo[39m: GET /css/admin/admin.css 200 19507 - 9.720 ms
[2026-01-28 00:02:20] [32minfo[39m: GET /css/admin/dashboard.css 200 2698 - 12.429 ms
[2026-01-28 00:02:20] [32minfo[39m: GET /img/admin/logo.jpg 200 26279 - 14.720 ms
[2026-01-28 00:02:20] [32minfo[39m: GET /img/admin/admin-avatar.jpg 200 114439 - 18.748 ms
[2026-01-28 00:02:20] [32minfo[39m: Fetching sales chart data
[2026-01-28 00:02:20] [32minfo[39m: Fetching top products
[2026-01-28 00:02:20] [32minfo[39m: Fetching dashboard stats
[2026-01-28 00:02:20] [32minfo[39m: Sales data processed successfully
[2026-01-28 00:02:20] [32minfo[39m: Sales chart data delivered successfully
[2026-01-28 00:02:20] [32minfo[39m: GET /admin/api/sales-data 200 179 - 293.071 ms
[2026-01-28 00:02:21] [32minfo[39m: Top products delivered successfully
[2026-01-28 00:02:21] [32minfo[39m: GET /admin/api/top-products?page=1&limit=4 200 30 - 623.801 ms
[2026-01-28 00:02:21] [32minfo[39m: Dashboard stats calculated
[2026-01-28 00:02:21] [32minfo[39m: Dashboard stats delivered successfully
[2026-01-28 00:02:21] [32minfo[39m: GET /admin/api/stats 200 63 - 1084.263 ms
[2026-01-28 00:02:23] [32minfo[39m: loading offer management page
[2026-01-28 00:02:24] [32minfo[39m: Offers fetched successfully
[2026-01-28 00:02:24] [32minfo[39m: GET /admin/offers 200 33313 - 722.202 ms
[2026-01-28 00:02:24] [32minfo[39m: GET /css/admin/admin.css 200 19507 - 10.458 ms
[2026-01-28 00:02:24] [32minfo[39m: GET /img/admin/logo.jpg 200 26279 - 14.586 ms
[2026-01-28 00:02:24] [32minfo[39m: GET /img/admin/admin-avatar.jpg 200 114439 - 14.656 ms
[2026-01-28 00:02:24] [32minfo[39m: GET /css/admin/offer.css 200 4443 - 21.095 ms
[2026-01-28 00:02:47] [32minfo[39m: creating new Offer
[2026-01-28 00:02:48] [32minfo[39m: offer created successfullly
[2026-01-28 00:02:48] [32minfo[39m: POST /admin/offers/add-offer 201 487 - 1191.229 ms
[2026-01-28 00:02:50] [32minfo[39m: loading offer management page
[2026-01-28 00:02:50] [32minfo[39m: Offers fetched successfully
[2026-01-28 00:02:51] [32minfo[39m: GET /admin/offers 200 35477 - 684.807 ms
[2026-01-28 00:02:51] [32minfo[39m: GET /css/admin/admin.css 200 19507 - 17.452 ms
[2026-01-28 00:02:51] [32minfo[39m: GET /img/admin/logo.jpg 200 26279 - 13.261 ms
[2026-01-28 00:02:51] [32minfo[39m: GET /img/admin/admin-avatar.jpg 200 114439 - 15.439 ms
[2026-01-28 00:02:51] [32minfo[39m: GET /css/admin/offer.css 200 4443 - 17.353 ms
[2026-01-28 00:03:12] [31merror[39m: GET /admin/offers/get-offer/697904cf2ae0f96aedc692c8-Cannot destructure property 'id' of 'req.validatedData' as it is undefined.
[2026-01-28 00:03:12] [32minfo[39m: GET /admin/offers/get-offer/697904cf2ae0f96aedc692c8 500 105 - 298.650 ms
[2026-01-28 00:03:44] [32minfo[39m: loading offer management page
[2026-01-28 00:03:44] [32minfo[39m: Offers fetched successfully
[2026-01-28 00:03:45] [32minfo[39m: GET /admin/offers 200 35486 - 1062.287 ms
[2026-01-28 00:03:45] [32minfo[39m: GET /css/admin/admin.css 200 19507 - 11.511 ms
[2026-01-28 00:03:45] [32minfo[39m: GET /img/admin/logo.jpg 200 26279 - 10.921 ms
[2026-01-28 00:03:45] [32minfo[39m: GET /img/admin/admin-avatar.jpg 200 114439 - 23.753 ms
[2026-01-28 00:03:45] [32minfo[39m: GET /css/admin/offer.css 200 4443 - 9.425 ms
[2026-01-28 00:14:26] [32minfo[39m: loading offer management page
[2026-01-28 00:14:27] [32minfo[39m: Offers fetched successfully
[2026-01-28 00:14:27] [32minfo[39m: GET /admin/offers 200 35477 - 525.504 ms
[2026-01-28 00:14:27] [32minfo[39m: GET /css/admin/admin.css 200 19507 - 6.681 ms
[2026-01-28 00:14:27] [32minfo[39m: GET /img/admin/logo.jpg 200 26279 - 7.589 ms
[2026-01-28 00:14:27] [32minfo[39m: GET /img/admin/admin-avatar.jpg 200 114439 - 8.819 ms
[2026-01-28 00:14:27] [32minfo[39m: GET /css/admin/offer.css 200 4447 - 1.254 ms
[2026-01-28 00:14:45] [31merror[39m: GET /admin/offers/get-offer/697904cf2ae0f96aedc692c8-Cannot destructure property 'id' of 'req.validatedData' as it is undefined.
[2026-01-28 00:14:45] [32minfo[39m: GET /admin/offers/get-offer/697904cf2ae0f96aedc692c8 500 105 - 92.271 ms
[2026-01-28 09:45:45] [31merror[39m: GET /admin/offers/get-offer/697904cf2ae0f96aedc692c8-Cannot destructure property 'id' of 'req.validatedData' as it is undefined.
[2026-01-28 09:45:45] [32minfo[39m: GET /admin/offers/get-offer/697904cf2ae0f96aedc692c8 500 105 - 1337.074 ms
[2026-01-29 10:10:58] [32minfo[39m: hi inside the multer
[2026-01-29 10:10:58] [32minfo[39m: 698139445174944
[2026-01-29 10:10:58] [32minfo[39m: dma409l7q
[2026-01-29 10:10:58] [32minfo[39m: DRjWUJtgCysBWbMC3neHCVDAGzo
[2026-01-29 10:11:02] [32minfo[39m: connected to mongodb atlas
[2026-01-29 10:12:21] [32minfo[39m: GET /admin 302 41 - 156.208 ms
[2026-01-29 10:12:21] [32minfo[39m: GET /admin/login 200 3335 - 44.341 ms
[2026-01-29 10:12:21] [32minfo[39m: GET /css/admin/login.css 200 4353 - 15.357 ms
[2026-01-29 10:12:21] [32minfo[39m: GET /img/admin-weaver.jpg 200 36006 - 22.165 ms
[2026-01-29 10:12:22] [32minfo[39m: GET /favicon.ico 404 7371 - 20.634 ms
[2026-01-29 10:12:29] [32minfo[39m: Admin logged in successfully.
[2026-01-29 10:12:29] [32minfo[39m: POST /admin/login 302 45 - 326.882 ms
[2026-01-29 10:12:29] [32minfo[39m: GET /admin/dashboard 200 36681 - 140.942 ms
[2026-01-29 10:12:29] [32minfo[39m: GET /css/admin/dashboard.css 200 2698 - 18.569 ms
[2026-01-29 10:12:29] [32minfo[39m: GET /css/admin/admin.css 200 19507 - 28.710 ms
[2026-01-29 10:12:29] [32minfo[39m: GET /img/admin/logo.jpg 200 26279 - 28.295 ms
[2026-01-29 10:12:29] [32minfo[39m: GET /img/admin/admin-avatar.jpg 200 114439 - 17.088 ms
[2026-01-29 10:12:30] [32minfo[39m: Fetching top products
[2026-01-29 10:12:30] [32minfo[39m: Fetching dashboard stats
[2026-01-29 10:12:30] [32minfo[39m: Fetching sales chart data
[2026-01-29 10:12:30] [32minfo[39m: Sales data processed successfully
[2026-01-29 10:12:30] [32minfo[39m: Sales chart data delivered successfully
[2026-01-29 10:12:30] [32minfo[39m: GET /admin/api/sales-data 200 179 - 304.318 ms
[2026-01-29 10:12:30] [32minfo[39m: Top products delivered successfully
[2026-01-29 10:12:30] [32minfo[39m: GET /admin/api/top-products?page=1&limit=4 200 30 - 418.810 ms
[2026-01-29 10:12:30] [32minfo[39m: Dashboard stats calculated
[2026-01-29 10:12:30] [32minfo[39m: Dashboard stats delivered successfully
[2026-01-29 10:12:30] [32minfo[39m: GET /admin/api/stats 200 63 - 602.671 ms
[2026-01-29 10:12:36] [32minfo[39m: GET /admin/products 200 35200 - 830.369 ms
[2026-01-29 10:12:36] [32minfo[39m: GET /css/admin/admin.css 200 19507 - 6.963 ms
[2026-01-29 10:12:36] [32minfo[39m: GET /img/admin/logo.jpg 200 26279 - 11.271 ms
[2026-01-29 10:12:36] [32minfo[39m: GET /img/admin/admin-avatar.jpg 200 114439 - 14.739 ms
[2026-01-29 10:12:36] [32minfo[39m: GET /css/admin/category.css 200 12433 - 5.042 ms
[2026-01-29 10:12:44] [32minfo[39m: GET /admin 200 36681 - 131.326 ms
[2026-01-29 10:12:44] [32minfo[39m: GET /css/admin/admin.css 200 19507 - 2.177 ms
[2026-01-29 10:12:44] [32minfo[39m: GET /css/admin/dashboard.css 200 2698 - 7.437 ms
[2026-01-29 10:12:44] [32minfo[39m: GET /img/admin/logo.jpg 200 26279 - 10.889 ms
[2026-01-29 10:12:44] [32minfo[39m: GET /img/admin/admin-avatar.jpg 200 114439 - 9.050 ms
[2026-01-29 10:12:44] [32minfo[39m: Fetching top products
[2026-01-29 10:12:44] [32minfo[39m: Fetching sales chart data
[2026-01-29 10:12:44] [32minfo[39m: Fetching dashboard stats
[2026-01-29 10:12:45] [32minfo[39m: Sales data processed successfully
[2026-01-29 10:12:45] [32minfo[39m: Sales chart data delivered successfully
[2026-01-29 10:12:45] [32minfo[39m: GET /admin/api/sales-data 200 179 - 356.424 ms
[2026-01-29 10:12:45] [32minfo[39m: Top products delivered successfully
[2026-01-29 10:12:45] [32minfo[39m: GET /admin/api/top-products?page=1&limit=4 200 30 - 426.459 ms
[2026-01-29 10:12:45] [32minfo[39m: Dashboard stats calculated
[2026-01-29 10:12:45] [32minfo[39m: Dashboard stats delivered successfully
[2026-01-29 10:12:45] [32minfo[39m: GET /admin/api/stats 200 63 - 748.105 ms
[2026-01-29 10:12:52] [32minfo[39m: GET / 302 39 - 3.026 ms
[2026-01-29 10:12:52] [32minfo[39m: loading homepage
[2026-01-29 10:12:52] [32minfo[39m: GET /user/home 200 9445 - 374.679 ms
[2026-01-29 10:12:53] [32minfo[39m: GET /css/common.css 200 2780 - 9.333 ms
[2026-01-29 10:12:53] [32minfo[39m: GET /css/header.css 200 5759 - 16.231 ms
[2026-01-29 10:12:53] [32minfo[39m: GET /https://res.cloudinary.com/dma409l7q/image/upload/v1769436336/chettinad/admin/products/product-97c56ef7-922f-4796-9fed-f7d2f6744e52.jpg 404 7371 - 18.926 ms
[2026-01-29 10:12:53] [32minfo[39m: GET /css/home.css 200 6666 - 33.803 ms
[2026-01-29 10:12:53] [32minfo[39m: GET /img/banner/banner3.jpg 200 132609 - 30.890 ms
[2026-01-29 10:12:53] [32minfo[39m: GET /css/footer.css 200 4817 - 34.861 ms
[2026-01-29 10:12:53] [32minfo[39m: GET /img/customer.jpg 200 73230 - 35.205 ms
[2026-01-29 10:12:53] [32minfo[39m: GET /js/common.js 200 2070 - 28.347 ms
[2026-01-29 10:12:53] [32minfo[39m: GET /img/insta-post1.jpg 200 99817 - 23.142 ms
[2026-01-29 10:12:53] [32minfo[39m: GET /img/insta-post2.jpg 200 64682 - 25.995 ms
[2026-01-29 10:12:53] [32minfo[39m: GET /img/insta-post4.jpg 200 63176 - 15.302 ms
[2026-01-29 10:12:53] [32minfo[39m: GET /img/insta-post3.jpg 200 169905 - 13.773 ms
[2026-01-29 10:13:38] [32minfo[39m: loading shopping page
[2026-01-29 10:13:38] [32minfo[39m: categories fetched successfully
[2026-01-29 10:13:39] [32minfo[39m: Products fetched successfully
[2026-01-29 10:13:39] [32minfo[39m: GET /user/shopall 200 14391 - 805.992 ms
[2026-01-29 10:13:39] [32minfo[39m: GET /css/common.css 200 2780 - 1.675 ms
[2026-01-29 10:13:39] [32minfo[39m: GET /css/header.css 200 5759 - 5.827 ms
[2026-01-29 10:13:39] [32minfo[39m: GET /https://res.cloudinary.com/dma409l7q/image/upload/v1769538598/chettinad/admin/products/product-99f735c8-b294-4810-b750-7ccbc9477a64.jpg 404 7371 - 14.478 ms
[2026-01-29 10:13:39] [32minfo[39m: GET /https://res.cloudinary.com/dma409l7q/image/upload/v1769436336/chettinad/admin/products/product-97c56ef7-922f-4796-9fed-f7d2f6744e52.jpg 404 7371 - 18.210 ms
[2026-01-29 10:13:39] [32minfo[39m: GET /css/user/shopall.css 200 9510 - 28.719 ms
[2026-01-29 10:13:39] [32minfo[39m: GET /css/footer.css 200 4817 - 31.172 ms
[2026-01-29 10:13:39] [32minfo[39m: GET /img/insta-post2.jpg 200 64682 - 19.902 ms
[2026-01-29 10:13:39] [32minfo[39m: GET /img/insta-post1.jpg 200 99817 - 34.730 ms
[2026-01-29 10:13:39] [32minfo[39m: GET /js/common.js 200 2070 - 16.747 ms
[2026-01-29 10:13:39] [32minfo[39m: GET /img/insta-post4.jpg 200 63176 - 16.437 ms
[2026-01-29 10:13:39] [32minfo[39m: GET /img/insta-post3.jpg 200 169905 - 17.072 ms
[2026-01-29 15:33:09] [32minfo[39m: hi inside the multer
[2026-01-29 15:33:09] [32minfo[39m: 698139445174944
[2026-01-29 15:33:09] [32minfo[39m: dma409l7q
[2026-01-29 15:33:09] [32minfo[39m: DRjWUJtgCysBWbMC3neHCVDAGzo
[2026-01-29 15:33:12] [32minfo[39m: connected to mongodb atlas
[2026-01-29 15:39:25] [32minfo[39m: GET /admin 302 41 - 201.222 ms
[2026-01-29 15:39:25] [32minfo[39m: GET /admin/login 200 3335 - 20.606 ms
[2026-01-29 15:39:25] [32minfo[39m: GET /css/admin/login.css 200 4353 - 7.790 ms
[2026-01-29 15:39:25] [32minfo[39m: GET /img/admin-weaver.jpg 200 36006 - 9.244 ms
[2026-01-29 15:39:26] [32minfo[39m: GET /favicon.ico 404 7371 - 16.127 ms
[2026-01-29 15:39:42] [32minfo[39m: Admin logged in successfully.
[2026-01-29 15:39:42] [32minfo[39m: POST /admin/login 302 45 - 418.643 ms
[2026-01-29 15:39:43] [32minfo[39m: GET /admin/dashboard 200 36681 - 315.088 ms
[2026-01-29 15:39:43] [32minfo[39m: GET /css/admin/dashboard.css 200 2698 - 8.790 ms
[2026-01-29 15:39:43] [32minfo[39m: GET /css/admin/admin.css 200 19507 - 13.985 ms
[2026-01-29 15:39:43] [32minfo[39m: GET /img/admin/logo.jpg 200 26279 - 12.031 ms
[2026-01-29 15:39:43] [32minfo[39m: GET /img/admin/admin-avatar.jpg 200 114439 - 13.368 ms
[2026-01-29 15:39:44] [32minfo[39m: Fetching dashboard stats
[2026-01-29 15:39:44] [32minfo[39m: Fetching top products
[2026-01-29 15:39:44] [32minfo[39m: Fetching sales chart data
[2026-01-29 15:39:44] [32minfo[39m: Sales data processed successfully
[2026-01-29 15:39:44] [32minfo[39m: Sales chart data delivered successfully
[2026-01-29 15:39:44] [32minfo[39m: GET /admin/api/sales-data 200 179 - 438.830 ms
[2026-01-29 15:39:44] [32minfo[39m: Top products delivered successfully
[2026-01-29 15:39:44] [32minfo[39m: GET /admin/api/top-products?page=1&limit=4 200 30 - 533.104 ms
[2026-01-29 15:39:44] [32minfo[39m: Dashboard stats calculated
[2026-01-29 15:39:44] [32minfo[39m: Dashboard stats delivered successfully
[2026-01-29 15:39:44] [32minfo[39m: GET /admin/api/stats 200 63 - 773.596 ms
[2026-01-29 15:43:46] [32minfo[39m: fetching order with filters
[2026-01-29 15:43:47] [32minfo[39m: GET /admin/orders 200 26628 - 953.256 ms
[2026-01-29 15:43:47] [32minfo[39m: GET /css/admin/admin.css 200 19507 - 11.133 ms
[2026-01-29 15:43:47] [32minfo[39m: GET /img/admin/logo.jpg 200 26279 - 17.714 ms
[2026-01-29 15:43:47] [32minfo[39m: GET /img/admin/admin-avatar.jpg 200 114439 - 17.428 ms
[2026-01-29 15:43:47] [32minfo[39m: GET /css/admin/order.css 200 16312 - 13.015 ms
[2026-01-29 15:44:00] [32minfo[39m: GET /admin/dashboard 200 36681 - 208.056 ms
[2026-01-29 15:44:00] [32minfo[39m: GET /css/admin/admin.css 200 19507 - 11.274 ms
[2026-01-29 15:44:00] [32minfo[39m: GET /css/admin/dashboard.css 200 2698 - 14.436 ms
[2026-01-29 15:44:00] [32minfo[39m: GET /img/admin/logo.jpg 200 26279 - 3.908 ms
[2026-01-29 15:44:00] [32minfo[39m: GET /img/admin/admin-avatar.jpg 200 114439 - 10.746 ms
[2026-01-29 15:44:14] [32minfo[39m: GET /admin 200 36681 - 152.084 ms
[2026-01-29 15:44:14] [32minfo[39m: GET /css/admin/admin.css 200 19507 - 16.005 ms
[2026-01-29 15:44:14] [32minfo[39m: GET /css/admin/dashboard.css 200 2698 - 8.932 ms
[2026-01-29 15:44:14] [32minfo[39m: GET /img/admin/logo.jpg 200 26279 - 9.360 ms
[2026-01-29 15:44:14] [32minfo[39m: GET /img/admin/admin-avatar.jpg 200 114439 - 9.694 ms
[2026-01-29 15:44:14] [32minfo[39m: Fetching dashboard stats
[2026-01-29 15:44:14] [32minfo[39m: Fetching top products
[2026-01-29 15:44:14] [32minfo[39m: Fetching sales chart data
[2026-01-29 15:44:14] [32minfo[39m: Sales data processed successfully
[2026-01-29 15:44:14] [32minfo[39m: Sales chart data delivered successfully
[2026-01-29 15:44:14] [32minfo[39m: GET /admin/api/sales-data 200 179 - 297.854 ms
[2026-01-29 15:44:15] [32minfo[39m: Top products delivered successfully
[2026-01-29 15:44:15] [32minfo[39m: GET /admin/api/top-products?page=1&limit=4 200 30 - 619.572 ms
[2026-01-29 15:44:15] [32minfo[39m: Fetching sales chart data
[2026-01-29 15:44:15] [32minfo[39m: Fetching top products
[2026-01-29 15:44:15] [32minfo[39m: Sales data processed successfully
[2026-01-29 15:44:15] [32minfo[39m: Sales chart data delivered successfully
[2026-01-29 15:44:15] [32minfo[39m: Dashboard stats calculated
[2026-01-29 15:44:15] [32minfo[39m: Dashboard stats delivered successfully
[2026-01-29 15:44:15] [32minfo[39m: GET /admin/api/sales-data 200 179 - 778.557 ms
[2026-01-29 15:44:15] [32minfo[39m: GET /admin/api/stats 200 63 - 1103.626 ms
[2026-01-29 15:44:15] [32minfo[39m: Fetching dashboard stats
[2026-01-29 15:44:15] [32minfo[39m: Top products delivered successfully
[2026-01-29 15:44:15] [32minfo[39m: GET /admin/api/top-products?page=1&limit=4 200 30 - 760.556 ms
[2026-01-29 15:44:16] [32minfo[39m: Dashboard stats calculated
[2026-01-29 15:44:16] [32minfo[39m: Dashboard stats delivered successfully
[2026-01-29 15:44:16] [32minfo[39m: GET /admin/api/stats 200 63 - 815.581 ms
[2026-01-29 15:44:17] [32minfo[39m: GET / 302 39 - 3.359 ms
[2026-01-29 15:44:17] [32minfo[39m: loading homepage
[2026-01-29 15:44:17] [32minfo[39m: GET /user/home 200 9445 - 402.836 ms
[2026-01-29 15:44:17] [32minfo[39m: GET /css/common.css 200 2780 - 16.750 ms
[2026-01-29 15:44:17] [32minfo[39m: GET /css/header.css 200 5759 - 13.641 ms
[2026-01-29 15:44:17] [32minfo[39m: GET /css/home.css 200 6666 - 15.514 ms
[2026-01-29 15:44:17] [32minfo[39m: GET /css/footer.css 200 4817 - 20.963 ms
[2026-01-29 15:44:17] [32minfo[39m: GET /https://res.cloudinary.com/dma409l7q/image/upload/v1769436336/chettinad/admin/products/product-97c56ef7-922f-4796-9fed-f7d2f6744e52.jpg 404 7371 - 28.691 ms
[2026-01-29 15:44:17] [32minfo[39m: GET /js/common.js 200 2070 - 14.226 ms
[2026-01-29 15:44:17] [32minfo[39m: GET /img/banner/banner3.jpg 200 132609 - 44.191 ms
[2026-01-29 15:44:17] [32minfo[39m: GET /img/insta-post2.jpg 200 64682 - 24.971 ms
[2026-01-29 15:44:17] [32minfo[39m: GET /img/insta-post1.jpg 200 99817 - 17.864 ms
[2026-01-29 15:44:17] [32minfo[39m: GET /img/customer.jpg 200 73230 - 48.113 ms
[2026-01-29 15:44:17] [32minfo[39m: GET /img/insta-post4.jpg 200 63176 - 23.844 ms
[2026-01-29 15:44:17] [32minfo[39m: GET /img/insta-post3.jpg 200 169905 - 23.383 ms
[2026-01-29 15:44:19] [32minfo[39m: loading homepage
[2026-01-29 15:44:20] [32minfo[39m: GET /user/home 200 9445 - 420.908 ms
[2026-01-29 15:44:20] [32minfo[39m: GET /css/home.css 200 6666 - 7.952 ms
[2026-01-29 15:44:20] [32minfo[39m: GET /css/common.css 200 2780 - 12.257 ms
[2026-01-29 15:44:20] [32minfo[39m: GET /css/header.css 200 5759 - 11.739 ms
[2026-01-29 15:44:20] [32minfo[39m: GET /css/footer.css 200 4817 - 40.318 ms
[2026-01-29 15:44:20] [32minfo[39m: GET /https://res.cloudinary.com/dma409l7q/image/upload/v1769436336/chettinad/admin/products/product-97c56ef7-922f-4796-9fed-f7d2f6744e52.jpg 404 7371 - 35.905 ms
[2026-01-29 15:44:20] [32minfo[39m: GET /js/common.js 200 2070 - 52.470 ms
[2026-01-29 15:44:20] [32minfo[39m: GET /img/customer.jpg 200 73230 - 50.877 ms
[2026-01-29 15:44:20] [32minfo[39m: GET /img/insta-post1.jpg 200 99817 - 57.916 ms
[2026-01-29 15:44:20] [32minfo[39m: GET /img/banner/banner3.jpg 200 132609 - 58.478 ms
[2026-01-29 15:44:20] [32minfo[39m: GET /img/insta-post2.jpg 200 64682 - 71.558 ms
[2026-01-29 15:44:20] [32minfo[39m: GET /img/insta-post4.jpg 200 63176 - 32.302 ms
[2026-01-29 15:44:20] [32minfo[39m: GET /img/insta-post3.jpg 200 169905 - 28.059 ms
[2026-01-29 15:44:23] [32minfo[39m: loading homepage
[2026-01-29 15:44:23] [32minfo[39m: GET /user/home 200 9445 - 213.496 ms
[2026-01-29 15:44:23] [32minfo[39m: GET /css/common.css 200 2780 - 10.690 ms
[2026-01-29 15:44:23] [32minfo[39m: GET /css/header.css 200 5759 - 12.741 ms
[2026-01-29 15:44:23] [32minfo[39m: GET /css/home.css 200 6666 - 13.236 ms
[2026-01-29 15:44:23] [32minfo[39m: GET /css/footer.css 200 4817 - 14.916 ms
[2026-01-29 15:44:23] [32minfo[39m: GET /https://res.cloudinary.com/dma409l7q/image/upload/v1769436336/chettinad/admin/products/product-97c56ef7-922f-4796-9fed-f7d2f6744e52.jpg 404 7371 - 28.215 ms
[2026-01-29 15:44:23] [32minfo[39m: GET /js/common.js 200 2070 - 32.311 ms
[2026-01-29 15:44:23] [32minfo[39m: GET /img/insta-post2.jpg 200 64682 - 40.934 ms
[2026-01-29 15:44:23] [32minfo[39m: GET /img/customer.jpg 200 73230 - 32.537 ms
[2026-01-29 15:44:23] [32minfo[39m: GET /img/insta-post1.jpg 200 99817 - 30.981 ms
[2026-01-29 15:44:23] [32minfo[39m: GET /img/banner/banner3.jpg 200 132609 - 38.278 ms
[2026-01-29 15:44:23] [32minfo[39m: GET /img/insta-post4.jpg 200 63176 - 14.540 ms
[2026-01-29 15:44:23] [32minfo[39m: GET /img/insta-post3.jpg 200 169905 - 15.419 ms
[2026-01-29 15:44:27] [32minfo[39m: loading shopping page
[2026-01-29 15:44:27] [32minfo[39m: categories fetched successfully
[2026-01-29 15:44:28] [32minfo[39m: Products fetched successfully
[2026-01-29 15:44:28] [32minfo[39m: GET /user/shopall 200 14391 - 1361.229 ms
[2026-01-29 15:44:28] [32minfo[39m: GET /css/common.css 200 2780 - 5.380 ms
[2026-01-29 15:44:28] [32minfo[39m: GET /css/header.css 200 5759 - 4.342 ms
[2026-01-29 15:44:28] [32minfo[39m: GET /css/user/shopall.css 200 9510 - 6.299 ms
[2026-01-29 15:44:28] [32minfo[39m: GET /https://res.cloudinary.com/dma409l7q/image/upload/v1769538598/chettinad/admin/products/product-99f735c8-b294-4810-b750-7ccbc9477a64.jpg 404 7371 - 8.266 ms
[2026-01-29 15:44:28] [32minfo[39m: GET /https://res.cloudinary.com/dma409l7q/image/upload/v1769436336/chettinad/admin/products/product-97c56ef7-922f-4796-9fed-f7d2f6744e52.jpg 404 7371 - 11.911 ms
[2026-01-29 15:44:28] [32minfo[39m: GET /css/footer.css 200 4817 - 19.300 ms
[2026-01-29 15:44:28] [32minfo[39m: GET /img/insta-post2.jpg 200 64682 - 21.752 ms
[2026-01-29 15:44:28] [32minfo[39m: GET /img/insta-post1.jpg 200 99817 - 21.995 ms
[2026-01-29 15:44:28] [32minfo[39m: GET /js/common.js 200 2070 - 12.990 ms
[2026-01-29 15:44:28] [32minfo[39m: GET /img/insta-post3.jpg 200 169905 - 22.318 ms
[2026-01-29 15:44:28] [32minfo[39m: GET /img/insta-post4.jpg 200 63176 - 14.932 ms
[2026-01-29 15:47:20] [32minfo[39m: loading shopping page
[2026-01-29 15:47:21] [32minfo[39m: categories fetched successfully
[2026-01-29 15:47:21] [32minfo[39m: Products fetched successfully
[2026-01-29 15:47:21] [32minfo[39m: GET /user/shopall 200 14389 - 900.367 ms
[2026-01-29 15:47:21] [32minfo[39m: GET /css/common.css 200 2780 - 1.335 ms
[2026-01-29 15:47:21] [32minfo[39m: GET /css/header.css 200 5759 - 5.661 ms
[2026-01-29 15:47:21] [32minfo[39m: GET /css/user/shopall.css 200 9510 - 7.344 ms
[2026-01-29 15:47:21] [32minfo[39m: GET /css/footer.css 200 4817 - 24.620 ms
[2026-01-29 15:47:21] [32minfo[39m: GET /img/insta-post2.jpg 200 64682 - 22.002 ms
[2026-01-29 15:47:21] [32minfo[39m: GET /js/common.js 200 2070 - 22.414 ms
[2026-01-29 15:47:21] [32minfo[39m: GET /img/insta-post1.jpg 200 99817 - 25.907 ms
[2026-01-29 15:47:21] [32minfo[39m: GET /img/insta-post3.jpg 200 169905 - 24.845 ms
[2026-01-29 15:47:21] [32minfo[39m: GET /img/insta-post4.jpg 200 63176 - 27.420 ms
[2026-01-29 15:47:40] [32minfo[39m: GET /css/common.css 200 2780 - 20.961 ms
[2026-01-29 15:47:40] [32minfo[39m: GET /css/header.css 200 5759 - 22.426 ms
[2026-01-29 15:47:40] [32minfo[39m: GET /css/user/shopall.css 200 9510 - 21.596 ms
[2026-01-29 15:47:40] [32minfo[39m: GET /.well-known/appspecific/com.chrome.devtools.json 404 7371 - 11.901 ms
[2026-01-29 15:47:40] [32minfo[39m: GET /css/footer.css 200 4817 - 29.823 ms
[2026-01-29 15:55:38] [32minfo[39m: GET /admin/products 200 35200 - 777.707 ms
[2026-01-29 15:55:38] [32minfo[39m: GET /css/admin/admin.css 200 19507 - 4.043 ms
[2026-01-29 15:55:38] [32minfo[39m: GET /img/admin/logo.jpg 200 26279 - 3.678 ms
[2026-01-29 15:55:38] [32minfo[39m: GET /img/admin/admin-avatar.jpg 200 114439 - 18.534 ms
[2026-01-29 15:55:38] [32minfo[39m: GET /css/admin/category.css 200 12433 - 3.946 ms
[2026-01-29 15:55:44] [32minfo[39m: loading offer management page
[2026-01-29 15:55:44] [32minfo[39m: Offers fetched successfully
[2026-01-29 15:55:44] [32minfo[39m: GET /admin/offers 200 35477 - 848.322 ms
[2026-01-29 15:55:44] [32minfo[39m: GET /css/admin/admin.css 200 19507 - 7.695 ms
[2026-01-29 15:55:44] [32minfo[39m: GET /img/admin/logo.jpg 200 26279 - 13.981 ms
[2026-01-29 15:55:44] [32minfo[39m: GET /img/admin/admin-avatar.jpg 200 114439 - 14.443 ms
[2026-01-29 15:55:44] [32minfo[39m: GET /css/admin/offer.css 200 4447 - 20.722 ms
[2026-01-29 15:55:51] [32minfo[39m: Loading coupon management page
[2026-01-29 15:55:51] [32minfo[39m: coupons fetched successfully
[2026-01-29 15:55:51] [32minfo[39m: GET /admin/coupons 200 23641 - 386.492 ms
[2026-01-29 15:55:51] [32minfo[39m: GET /css/admin/admin.css 200 19507 - 24.430 ms
[2026-01-29 15:55:51] [32minfo[39m: GET /img/admin/logo.jpg 200 26279 - 35.687 ms
[2026-01-29 15:55:51] [32minfo[39m: GET /img/admin/admin-avatar.jpg 200 114439 - 47.690 ms
[2026-01-29 15:55:51] [32minfo[39m: GET /css/admin/offer.css 200 4447 - 31.476 ms
[2026-01-29 15:55:51] [32minfo[39m: GET /css/admin/coupon.css 200 3287 - 44.753 ms
[2026-01-29 15:56:29] [33mwarn[39m: validation error at /admin/coupons/add-coupon
[2026-01-29 15:56:29] [33mwarn[39m: Method: POST
[2026-01-29 15:56:29] [33mwarn[39m: Errors: [
  "Expiry date is required",
  "\"isActive\" must be a boolean",
  "Invalid fields provided",
  "Invalid fields provided",
  "Invalid fields provided",
  "Invalid fields provided"
]
[2026-01-29 15:56:29] [33mwarn[39m: Payload: {
  "id": "",
  "code": "VH6Y6NXF",
  "description": "summer sale 10% off",
  "discountType": "fixed",
  "discountValue": "25",
  "minCartValue": "500",
  "validFrom": "2026-01-29T15:55",
  "validTill": "2026-03-07T15:55",
  "usageLimit": "1",
  "isActive": "on"
}
[2026-01-29 15:56:29] [32minfo[39m: POST /admin/coupons/add-coupon 400 34 - 125.511 ms
[2026-01-29 15:56:33] [32minfo[39m: GET /css/admin/admin.css 200 19507 - 35.648 ms
[2026-01-29 15:56:33] [32minfo[39m: GET /css/admin/offer.css 200 4447 - 23.236 ms
[2026-01-29 15:56:33] [32minfo[39m: GET /css/admin/coupon.css 200 3287 - 12.371 ms
[2026-01-29 15:56:33] [32minfo[39m: GET /.well-known/appspecific/com.chrome.devtools.json 404 7371 - 8.077 ms
[2026-01-29 16:26:58] [33mwarn[39m: validation error at /admin/coupons/add-coupon
[2026-01-29 16:26:58] [33mwarn[39m: Method: POST
[2026-01-29 16:26:58] [33mwarn[39m: Errors: [
  "Expiry date is required",
  "\"isActive\" must be a boolean",
  "Invalid fields provided",
  "Invalid fields provided",
  "Invalid fields provided",
  "Invalid fields provided"
]
[2026-01-29 16:26:58] [33mwarn[39m: Payload: {
  "id": "",
  "code": "VH6Y6NXF",
  "description": "summer sale 10% off",
  "discountType": "fixed",
  "discountValue": "25",
  "minCartValue": "500",
  "validFrom": "2026-01-29T15:55",
  "validTill": "2026-03-07T15:55",
  "usageLimit": "1",
  "isActive": "on"
}
[2026-01-29 16:26:58] [32minfo[39m: POST /admin/coupons/add-coupon 400 34 - 1381.601 ms
[2026-01-29 16:29:04] [32minfo[39m: hi inside the multer
[2026-01-29 16:29:04] [32minfo[39m: 698139445174944
[2026-01-29 16:29:04] [32minfo[39m: dma409l7q
[2026-01-29 16:29:04] [32minfo[39m: DRjWUJtgCysBWbMC3neHCVDAGzo
[2026-01-29 16:29:06] [32minfo[39m: connected to mongodb atlas
[2026-01-29 16:29:39] [32minfo[39m: hi inside the multer
[2026-01-29 16:29:39] [32minfo[39m: 698139445174944
[2026-01-29 16:29:39] [32minfo[39m: dma409l7q
[2026-01-29 16:29:39] [32minfo[39m: DRjWUJtgCysBWbMC3neHCVDAGzo
[2026-01-29 16:29:42] [32minfo[39m: connected to mongodb atlas
[2026-01-29 16:38:18] [32minfo[39m: hi inside the multer
[2026-01-29 16:38:18] [32minfo[39m: 698139445174944
[2026-01-29 16:38:18] [32minfo[39m: dma409l7q
[2026-01-29 16:38:18] [32minfo[39m: DRjWUJtgCysBWbMC3neHCVDAGzo
[2026-01-29 16:38:21] [32minfo[39m: connected to mongodb atlas
[2026-01-29 16:39:23] [32minfo[39m: hi inside the multer
[2026-01-29 16:39:23] [32minfo[39m: 698139445174944
[2026-01-29 16:39:23] [32minfo[39m: dma409l7q
[2026-01-29 16:39:23] [32minfo[39m: DRjWUJtgCysBWbMC3neHCVDAGzo
[2026-01-29 16:39:26] [32minfo[39m: connected to mongodb atlas
[2026-01-29 16:40:12] [32minfo[39m: hi inside the multer
[2026-01-29 16:40:12] [32minfo[39m: 698139445174944
[2026-01-29 16:40:12] [32minfo[39m: dma409l7q
[2026-01-29 16:40:12] [32minfo[39m: DRjWUJtgCysBWbMC3neHCVDAGzo
[2026-01-29 16:40:15] [32minfo[39m: connected to mongodb atlas
[2026-01-29 16:40:16] [32minfo[39m: hi inside the multer
[2026-01-29 16:40:16] [32minfo[39m: 698139445174944
[2026-01-29 16:40:16] [32minfo[39m: dma409l7q
[2026-01-29 16:40:16] [32minfo[39m: DRjWUJtgCysBWbMC3neHCVDAGzo
[2026-01-29 16:40:20] [32minfo[39m: hi inside the multer
[2026-01-29 16:40:20] [32minfo[39m: 698139445174944
[2026-01-29 16:40:20] [32minfo[39m: dma409l7q
[2026-01-29 16:40:20] [32minfo[39m: DRjWUJtgCysBWbMC3neHCVDAGzo
[2026-01-29 16:40:22] [32minfo[39m: connected to mongodb atlas
[2026-01-29 16:40:24] [32minfo[39m: GET /admin/coupons 302 41 - 217.969 ms
[2026-01-29 16:40:24] [32minfo[39m: GET /admin/login 200 3335 - 18.968 ms
[2026-01-29 16:40:24] [32minfo[39m: GET /css/admin/login.css 200 4353 - 11.211 ms
[2026-01-29 16:40:24] [32minfo[39m: GET /.well-known/appspecific/com.chrome.devtools.json 404 7371 - 33.387 ms
[2026-01-29 16:40:24] [32minfo[39m: GET /img/admin-weaver.jpg 200 36006 - 62.149 ms
[2026-01-29 16:40:34] [33mwarn[39m: Invalid password.
[2026-01-29 16:40:34] [32minfo[39m: POST /admin/login 302 41 - 356.481 ms
[2026-01-29 16:40:34] [32minfo[39m: GET /admin/login 200 3335 - 10.632 ms
[2026-01-29 16:40:34] [32minfo[39m: GET /.well-known/appspecific/com.chrome.devtools.json 404 7371 - 19.543 ms
[2026-01-29 16:40:34] [32minfo[39m: GET /css/admin/login.css 200 4353 - 14.365 ms
[2026-01-29 16:40:34] [32minfo[39m: GET /img/admin-weaver.jpg 200 36006 - 13.576 ms
[2026-01-29 16:40:42] [32minfo[39m: Admin logged in successfully.
[2026-01-29 16:40:42] [32minfo[39m: POST /admin/login 302 45 - 399.689 ms
[2026-01-29 16:40:43] [32minfo[39m: GET /admin/dashboard 200 36681 - 222.344 ms
[2026-01-29 16:40:43] [32minfo[39m: GET /.well-known/appspecific/com.chrome.devtools.json 404 7371 - 16.095 ms
[2026-01-29 16:40:43] [32minfo[39m: GET /css/admin/admin.css 200 19507 - 28.895 ms
[2026-01-29 16:40:43] [32minfo[39m: GET /css/admin/dashboard.css 200 2698 - 23.787 ms
[2026-01-29 16:40:43] [32minfo[39m: GET /img/admin/logo.jpg 200 26279 - 32.220 ms
[2026-01-29 16:40:43] [32minfo[39m: GET /img/admin/admin-avatar.jpg 200 114439 - 32.447 ms
[2026-01-29 16:40:44] [32minfo[39m: Fetching dashboard stats
[2026-01-29 16:40:44] [32minfo[39m: Fetching top products
[2026-01-29 16:40:44] [32minfo[39m: Fetching sales chart data
[2026-01-29 16:40:44] [32minfo[39m: Sales data processed successfully
[2026-01-29 16:40:44] [32minfo[39m: Sales chart data delivered successfully
[2026-01-29 16:40:44] [32minfo[39m: GET /admin/api/sales-data 200 179 - 235.325 ms
[2026-01-29 16:40:44] [32minfo[39m: Top products delivered successfully
[2026-01-29 16:40:44] [32minfo[39m: GET /admin/api/top-products?page=1&limit=4 200 30 - 330.933 ms
[2026-01-29 16:40:44] [32minfo[39m: Dashboard stats calculated
[2026-01-29 16:40:44] [32minfo[39m: Dashboard stats delivered successfully
[2026-01-29 16:40:44] [32minfo[39m: GET /admin/api/stats 200 63 - 762.493 ms
[2026-01-29 16:41:00] [32minfo[39m: Loading coupon management page
[2026-01-29 16:41:00] [32minfo[39m: coupons fetched successfully
[2026-01-29 16:41:00] [32minfo[39m: GET /admin/coupons 200 23641 - 359.198 ms
[2026-01-29 16:41:00] [32minfo[39m: GET /css/admin/admin.css 200 19507 - 14.603 ms
[2026-01-29 16:41:00] [32minfo[39m: GET /img/admin/logo.jpg 200 26279 - 19.108 ms
[2026-01-29 16:41:00] [32minfo[39m: GET /img/admin/admin-avatar.jpg 200 114439 - 19.596 ms
[2026-01-29 16:41:00] [32minfo[39m: GET /css/admin/coupon.css 200 3287 - 16.744 ms
[2026-01-29 16:41:00] [32minfo[39m: GET /css/admin/offer.css 200 4447 - 9.965 ms
[2026-01-29 16:48:51] [32minfo[39m: creating new coupon
[2026-01-29 16:48:52] [31merror[39m: POST /admin/coupons/add-coupon-Coupon validation failed: validTill: Path `validTill` is required., redeemAmount: Path `redeemAmount` is required., minCartValue: Path `minCartValue` is required., discountValue: Path `discountValue` is required., description: Path `description` is required., code: Path `code` is required.
[2026-01-29 16:48:52] [32minfo[39m: POST /admin/coupons/add-coupon 500 320 - 386.045 ms
[2026-01-29 16:51:54] [32minfo[39m: hi inside the multer
[2026-01-29 16:51:54] [32minfo[39m: 698139445174944
[2026-01-29 16:51:54] [32minfo[39m: dma409l7q
[2026-01-29 16:51:54] [32minfo[39m: DRjWUJtgCysBWbMC3neHCVDAGzo
[2026-01-29 16:51:57] [32minfo[39m: connected to mongodb atlas
[2026-01-29 16:54:16] [32minfo[39m: hi inside the multer
[2026-01-29 16:54:16] [32minfo[39m: 698139445174944
[2026-01-29 16:54:16] [32minfo[39m: dma409l7q
[2026-01-29 16:54:16] [32minfo[39m: DRjWUJtgCysBWbMC3neHCVDAGzo
[2026-01-29 16:54:19] [32minfo[39m: connected to mongodb atlas
[2026-01-29 16:54:21] [32minfo[39m: GET /admin/coupons 302 41 - 227.107 ms
[2026-01-29 16:54:21] [32minfo[39m: GET /admin/login 200 3335 - 14.380 ms
[2026-01-29 16:54:21] [32minfo[39m: GET /css/admin/login.css 200 4353 - 7.357 ms
[2026-01-29 16:54:21] [32minfo[39m: GET /img/admin-weaver.jpg 200 36006 - 10.560 ms
[2026-01-29 16:54:28] [32minfo[39m: Admin logged in successfully.
[2026-01-29 16:54:28] [32minfo[39m: POST /admin/login 302 45 - 379.980 ms
[2026-01-29 16:54:28] [32minfo[39m: GET /admin/dashboard 200 36681 - 219.447 ms
[2026-01-29 16:54:29] [32minfo[39m: GET /css/admin/admin.css 200 19507 - 10.114 ms
[2026-01-29 16:54:29] [32minfo[39m: GET /css/admin/dashboard.css 200 2698 - 14.109 ms
[2026-01-29 16:54:29] [32minfo[39m: GET /img/admin/logo.jpg 200 26279 - 17.986 ms
[2026-01-29 16:54:29] [32minfo[39m: GET /img/admin/admin-avatar.jpg 200 114439 - 24.733 ms
[2026-01-29 16:54:29] [32minfo[39m: Fetching dashboard stats
[2026-01-29 16:54:29] [32minfo[39m: Fetching top products
[2026-01-29 16:54:29] [32minfo[39m: Fetching sales chart data
[2026-01-29 16:54:29] [32minfo[39m: Sales data processed successfully
[2026-01-29 16:54:29] [32minfo[39m: Sales chart data delivered successfully
[2026-01-29 16:54:29] [32minfo[39m: GET /admin/api/sales-data 200 179 - 257.956 ms
[2026-01-29 16:54:30] [32minfo[39m: Top products delivered successfully
[2026-01-29 16:54:30] [32minfo[39m: GET /admin/api/top-products?page=1&limit=4 200 30 - 1037.580 ms
[2026-01-29 16:54:30] [32minfo[39m: Dashboard stats calculated
[2026-01-29 16:54:30] [32minfo[39m: Dashboard stats delivered successfully
[2026-01-29 16:54:30] [32minfo[39m: GET /admin/api/stats 200 63 - 1437.007 ms
[2026-01-29 16:54:33] [32minfo[39m: GET /admin/products 200 35200 - 722.269 ms
[2026-01-29 16:54:33] [32minfo[39m: GET /css/admin/admin.css 200 19507 - 14.429 ms
[2026-01-29 16:54:33] [32minfo[39m: GET /img/admin/logo.jpg 200 26279 - 15.824 ms
[2026-01-29 16:54:33] [32minfo[39m: GET /css/admin/category.css 200 12433 - 14.688 ms
[2026-01-29 16:54:33] [32minfo[39m: GET /img/admin/admin-avatar.jpg 200 114439 - 15.632 ms
[2026-01-29 16:54:35] [32minfo[39m: Loading coupon management page
[2026-01-29 16:54:36] [32minfo[39m: coupons fetched successfully
[2026-01-29 16:54:36] [32minfo[39m: GET /admin/coupons 200 23641 - 297.125 ms
[2026-01-29 16:54:36] [32minfo[39m: GET /css/admin/admin.css 200 19507 - 16.606 ms
[2026-01-29 16:54:36] [32minfo[39m: GET /img/admin/logo.jpg 200 26279 - 16.253 ms
[2026-01-29 16:54:36] [32minfo[39m: GET /css/admin/offer.css 200 4447 - 19.151 ms
[2026-01-29 16:54:36] [32minfo[39m: GET /css/admin/coupon.css 200 3287 - 21.408 ms
[2026-01-29 16:54:36] [32minfo[39m: GET /img/admin/admin-avatar.jpg 200 114439 - 18.760 ms
[2026-01-29 16:54:59] [32minfo[39m: creating new coupon
[2026-01-29 16:55:00] [32minfo[39m: coupon created successfully
[2026-01-29 16:55:00] [32minfo[39m: POST /admin/coupons/add-coupon 201 424 - 531.443 ms
[2026-01-29 16:55:01] [32minfo[39m: Loading coupon management page
[2026-01-29 16:55:01] [32minfo[39m: coupons fetched successfully
[2026-01-29 16:55:01] [32minfo[39m: GET /admin/coupons 200 24521 - 366.871 ms
[2026-01-29 16:55:01] [32minfo[39m: GET /css/admin/admin.css 200 19507 - 14.946 ms
[2026-01-29 16:55:01] [32minfo[39m: GET /img/admin/logo.jpg 200 26279 - 13.696 ms
[2026-01-29 16:55:01] [32minfo[39m: GET /css/admin/offer.css 200 4447 - 16.835 ms
[2026-01-29 16:55:01] [32minfo[39m: GET /css/admin/coupon.css 200 3287 - 17.187 ms
[2026-01-29 16:55:01] [32minfo[39m: GET /img/admin/admin-avatar.jpg 200 114439 - 16.300 ms
[2026-01-29 16:55:09] [31merror[39m: GET /admin/coupons/697b438cf8bf92096818175c-Cannot destructure property 'id' of 'req.validatedData' as it is undefined.
[2026-01-29 16:55:09] [32minfo[39m: GET /admin/coupons/697b438cf8bf92096818175c 500 105 - 205.954 ms
[2026-01-29 16:55:45] [32minfo[39m: hi inside the multer
[2026-01-29 16:55:45] [32minfo[39m: 698139445174944
[2026-01-29 16:55:45] [32minfo[39m: dma409l7q
[2026-01-29 16:55:45] [32minfo[39m: DRjWUJtgCysBWbMC3neHCVDAGzo
[2026-01-29 16:56:04] [32minfo[39m: hi inside the multer
[2026-01-29 16:56:04] [32minfo[39m: 698139445174944
[2026-01-29 16:56:04] [32minfo[39m: dma409l7q
[2026-01-29 16:56:04] [32minfo[39m: DRjWUJtgCysBWbMC3neHCVDAGzo
[2026-01-29 16:56:07] [32minfo[39m: connected to mongodb atlas
[2026-01-29 16:56:14] [32minfo[39m: hi inside the multer
[2026-01-29 16:56:14] [32minfo[39m: 698139445174944
[2026-01-29 16:56:14] [32minfo[39m: dma409l7q
[2026-01-29 16:56:14] [32minfo[39m: DRjWUJtgCysBWbMC3neHCVDAGzo
[2026-01-29 16:56:17] [32minfo[39m: connected to mongodb atlas
[2026-01-29 16:56:20] [32minfo[39m: GET /admin/coupons 302 41 - 260.859 ms
[2026-01-29 16:56:20] [32minfo[39m: GET /admin/login 200 3335 - 16.980 ms
[2026-01-29 16:56:20] [32minfo[39m: GET /css/admin/login.css 200 4353 - 8.276 ms
[2026-01-29 16:56:20] [32minfo[39m: GET /img/admin-weaver.jpg 200 36006 - 13.132 ms
[2026-01-29 16:56:27] [32minfo[39m: Admin logged in successfully.
[2026-01-29 16:56:27] [32minfo[39m: POST /admin/login 302 45 - 377.738 ms
[2026-01-29 16:56:27] [32minfo[39m: GET /admin/dashboard 200 36681 - 232.067 ms
[2026-01-29 16:56:28] [32minfo[39m: GET /css/admin/admin.css 200 19507 - 22.868 ms
[2026-01-29 16:56:28] [32minfo[39m: GET /css/admin/dashboard.css 200 2698 - 21.935 ms
[2026-01-29 16:56:28] [32minfo[39m: GET /img/admin/logo.jpg 200 26279 - 22.645 ms
[2026-01-29 16:56:28] [32minfo[39m: GET /img/admin/admin-avatar.jpg 200 114439 - 22.433 ms
[2026-01-29 16:56:29] [32minfo[39m: Fetching top products
[2026-01-29 16:56:29] [32minfo[39m: Fetching dashboard stats
[2026-01-29 16:56:29] [32minfo[39m: Fetching sales chart data
[2026-01-29 16:56:30] [32minfo[39m: Sales data processed successfully
[2026-01-29 16:56:30] [32minfo[39m: Sales chart data delivered successfully
[2026-01-29 16:56:30] [32minfo[39m: GET /admin/api/sales-data 200 179 - 555.910 ms
[2026-01-29 16:56:30] [32minfo[39m: Top products delivered successfully
[2026-01-29 16:56:30] [32minfo[39m: GET /admin/api/top-products?page=1&limit=4 200 30 - 956.430 ms
[2026-01-29 16:56:30] [32minfo[39m: Dashboard stats calculated
[2026-01-29 16:56:30] [32minfo[39m: Dashboard stats delivered successfully
[2026-01-29 16:56:30] [32minfo[39m: GET /admin/api/stats 200 63 - 1368.237 ms
[2026-01-29 16:56:32] [32minfo[39m: Loading coupon management page
[2026-01-29 16:56:33] [32minfo[39m: coupons fetched successfully
[2026-01-29 16:56:33] [32minfo[39m: GET /admin/coupons 200 24521 - 988.303 ms
[2026-01-29 16:56:33] [32minfo[39m: GET /css/admin/admin.css 200 19507 - 15.381 ms
[2026-01-29 16:56:33] [32minfo[39m: GET /img/admin/logo.jpg 200 26279 - 19.215 ms
[2026-01-29 16:56:33] [32minfo[39m: GET /css/admin/offer.css 200 4447 - 24.002 ms
[2026-01-29 16:56:33] [32minfo[39m: GET /img/admin/admin-avatar.jpg 200 114439 - 23.851 ms
[2026-01-29 16:56:33] [32minfo[39m: GET /css/admin/coupon.css 200 3287 - 23.653 ms
[2026-01-29 16:56:35] [31merror[39m: GET /admin/coupons/697b438cf8bf92096818175c-Cannot destructure property 'id' of 'req.validatedData' as it is undefined.
[2026-01-29 16:56:35] [32minfo[39m: GET /admin/coupons/697b438cf8bf92096818175c 500 105 - 278.246 ms
[2026-01-30 08:20:31] [32minfo[39m: hi inside the multer
[2026-01-30 08:20:31] [32minfo[39m: 698139445174944
[2026-01-30 08:20:31] [32minfo[39m: dma409l7q
[2026-01-30 08:20:31] [32minfo[39m: DRjWUJtgCysBWbMC3neHCVDAGzo
[2026-01-30 08:20:33] [32minfo[39m: connected to mongodb atlas
[2026-01-30 08:22:04] [32minfo[39m: hi inside the multer
[2026-01-30 08:22:04] [32minfo[39m: 698139445174944
[2026-01-30 08:22:04] [32minfo[39m: dma409l7q
[2026-01-30 08:22:04] [32minfo[39m: DRjWUJtgCysBWbMC3neHCVDAGzo
[2026-01-30 08:22:06] [32minfo[39m: connected to mongodb atlas
[2026-01-30 08:22:10] [32minfo[39m: hi inside the multer
[2026-01-30 08:22:10] [32minfo[39m: 698139445174944
[2026-01-30 08:22:10] [32minfo[39m: dma409l7q
[2026-01-30 08:22:10] [32minfo[39m: DRjWUJtgCysBWbMC3neHCVDAGzo
[2026-01-30 08:22:11] [32minfo[39m: connected to mongodb atlas
[2026-01-30 08:22:26] [32minfo[39m: GET /admin 302 41 - 101.494 ms
[2026-01-30 08:22:26] [32minfo[39m: GET /admin/login 200 3335 - 16.245 ms
[2026-01-30 08:22:26] [32minfo[39m: GET /css/admin/login.css 200 4353 - 7.356 ms
[2026-01-30 08:22:26] [32minfo[39m: GET /img/admin-weaver.jpg 200 36006 - 10.388 ms
[2026-01-30 08:22:28] [32minfo[39m: GET /favicon.ico 404 7371 - 16.152 ms
[2026-01-30 08:22:36] [32minfo[39m: Admin logged in successfully.
[2026-01-30 08:22:36] [32minfo[39m: POST /admin/login 302 45 - 192.990 ms
[2026-01-30 08:22:36] [32minfo[39m: GET /admin/dashboard 200 36681 - 77.308 ms
[2026-01-30 08:22:36] [32minfo[39m: GET /img/admin/logo.jpg 200 26279 - 13.382 ms
[2026-01-30 08:22:36] [32minfo[39m: GET /css/admin/dashboard.css 200 2698 - 30.623 ms
[2026-01-30 08:22:36] [32minfo[39m: GET /css/admin/admin.css 200 19507 - 36.665 ms
[2026-01-30 08:22:36] [32minfo[39m: GET /img/admin/admin-avatar.jpg 200 114439 - 27.670 ms
[2026-01-30 08:22:36] [32minfo[39m: Fetching dashboard stats
[2026-01-30 08:22:36] [32minfo[39m: Fetching sales chart data
[2026-01-30 08:22:36] [32minfo[39m: Fetching top products
[2026-01-30 08:22:36] [32minfo[39m: Sales data processed successfully
[2026-01-30 08:22:36] [32minfo[39m: Sales chart data delivered successfully
[2026-01-30 08:22:36] [32minfo[39m: GET /admin/api/sales-data 200 179 - 176.986 ms
[2026-01-30 08:22:36] [32minfo[39m: Top products delivered successfully
[2026-01-30 08:22:36] [32minfo[39m: GET /admin/api/top-products?page=1&limit=4 200 30 - 249.832 ms
[2026-01-30 08:22:36] [32minfo[39m: Dashboard stats calculated
[2026-01-30 08:22:36] [32minfo[39m: Dashboard stats delivered successfully
[2026-01-30 08:22:36] [32minfo[39m: GET /admin/api/stats 200 63 - 333.703 ms
[2026-01-30 08:22:41] [32minfo[39m: GET /admin/products 200 35200 - 425.906 ms
[2026-01-30 08:22:41] [32minfo[39m: GET /css/admin/admin.css 200 19507 - 11.049 ms
[2026-01-30 08:22:41] [32minfo[39m: GET /img/admin/logo.jpg 200 26279 - 11.692 ms
[2026-01-30 08:22:41] [32minfo[39m: GET /img/admin/admin-avatar.jpg 200 114439 - 14.058 ms
[2026-01-30 08:22:41] [32minfo[39m: GET /css/admin/category.css 200 12433 - 35.508 ms
[2026-01-30 08:22:53] [32minfo[39m: Loading coupon management page
[2026-01-30 08:22:53] [32minfo[39m: coupons fetched successfully
[2026-01-30 08:22:53] [32minfo[39m: GET /admin/coupons 200 24521 - 351.846 ms
[2026-01-30 08:22:53] [32minfo[39m: GET /css/admin/admin.css 200 19507 - 7.947 ms
[2026-01-30 08:22:53] [32minfo[39m: GET /img/admin/logo.jpg 200 26279 - 7.868 ms
[2026-01-30 08:22:53] [32minfo[39m: GET /img/admin/admin-avatar.jpg 200 114439 - 7.965 ms
[2026-01-30 08:22:53] [32minfo[39m: GET /css/admin/offer.css 200 4447 - 10.186 ms
[2026-01-30 08:22:53] [32minfo[39m: GET /css/admin/coupon.css 200 3287 - 10.215 ms
[2026-01-30 08:22:56] [32minfo[39m: loading offer management page
[2026-01-30 08:22:57] [32minfo[39m: Offers fetched successfully
[2026-01-30 08:22:57] [32minfo[39m: GET /admin/offers 200 35477 - 482.092 ms
[2026-01-30 08:22:57] [32minfo[39m: GET /css/admin/admin.css 200 19507 - 7.058 ms
[2026-01-30 08:22:57] [32minfo[39m: GET /img/admin/logo.jpg 200 26279 - 14.043 ms
[2026-01-30 08:22:57] [32minfo[39m: GET /css/admin/offer.css 200 4447 - 13.311 ms
[2026-01-30 08:22:57] [32minfo[39m: GET /img/admin/admin-avatar.jpg 200 114439 - 14.935 ms
[2026-01-30 08:22:59] [32minfo[39m: GET /admin/settings 404 7371 - 9.720 ms
[2026-01-30 08:23:00] [32minfo[39m: GET /css/header.css 200 5759 - 13.488 ms
[2026-01-30 08:23:00] [32minfo[39m: GET /css/footer.css 200 4817 - 14.041 ms
[2026-01-30 08:23:00] [32minfo[39m: GET /css/common.css 200 2780 - 16.554 ms
[2026-01-30 08:23:00] [32minfo[39m: GET /css/pageNotFound.css 200 2786 - 16.466 ms
[2026-01-30 08:23:00] [32minfo[39m: GET /img/insta-post2.jpg 200 64682 - 56.951 ms
[2026-01-30 08:23:00] [32minfo[39m: GET /img/insta-post1.jpg 200 99817 - 58.866 ms
[2026-01-30 08:23:00] [32minfo[39m: GET /css/saree-pattern-bg.jpg 404 7371 - 40.563 ms
[2026-01-30 08:23:00] [32minfo[39m: GET /js/common.js 200 2070 - 47.450 ms
[2026-01-30 08:23:00] [32minfo[39m: GET /img/insta-post4.jpg 200 63176 - 49.608 ms
[2026-01-30 08:23:00] [32minfo[39m: GET /img/insta-post3.jpg 200 169905 - 54.412 ms
[2026-01-30 08:23:05] [32minfo[39m: GET /admin/settings 404 7371 - 5.659 ms
[2026-01-30 08:23:05] [32minfo[39m: GET /css/common.css 200 2780 - 9.043 ms
[2026-01-30 08:23:05] [32minfo[39m: GET /css/pageNotFound.css 200 2786 - 9.135 ms
[2026-01-30 08:23:05] [32minfo[39m: GET /css/header.css 200 5759 - 12.077 ms
[2026-01-30 08:23:05] [32minfo[39m: GET /css/footer.css 200 4817 - 13.123 ms
[2026-01-30 08:23:05] [32minfo[39m: GET /img/insta-post2.jpg 200 64682 - 14.325 ms
[2026-01-30 08:23:05] [32minfo[39m: GET /css/saree-pattern-bg.jpg 404 7371 - 11.487 ms
[2026-01-30 08:23:05] [32minfo[39m: GET /img/insta-post1.jpg 200 99817 - 22.483 ms
[2026-01-30 08:23:05] [32minfo[39m: GET /img/insta-post4.jpg 200 63176 - 16.271 ms
[2026-01-30 08:23:05] [32minfo[39m: GET /js/common.js 200 2070 - 16.976 ms
[2026-01-30 08:23:05] [32minfo[39m: GET /img/insta-post3.jpg 200 169905 - 15.877 ms
[2026-01-30 08:23:14] [32minfo[39m: admin session cleared successfully
[2026-01-30 08:23:14] [32minfo[39m: GET /admin/logout 302 41 - 1.659 ms
[2026-01-30 08:23:14] [32minfo[39m: GET /admin/login 200 3335 - 2.766 ms
[2026-01-30 08:23:14] [32minfo[39m: GET /css/admin/login.css 200 4353 - 3.378 ms
[2026-01-30 08:23:14] [32minfo[39m: GET /img/admin-weaver.jpg 200 36006 - 5.957 ms
[2026-01-30 08:23:25] [32minfo[39m: Admin logged in successfully.
[2026-01-30 08:23:25] [32minfo[39m: POST /admin/login 302 45 - 194.616 ms
[2026-01-30 08:23:25] [32minfo[39m: GET /admin/dashboard 200 36681 - 87.348 ms
[2026-01-30 08:23:25] [32minfo[39m: GET /css/admin/admin.css 200 19507 - 9.923 ms
[2026-01-30 08:23:25] [32minfo[39m: GET /css/admin/dashboard.css 200 2698 - 9.938 ms
[2026-01-30 08:23:25] [32minfo[39m: GET /img/admin/logo.jpg 200 26279 - 7.357 ms
[2026-01-30 08:23:25] [32minfo[39m: GET /img/admin/admin-avatar.jpg 200 114439 - 8.269 ms
[2026-01-30 08:23:25] [32minfo[39m: Fetching top products
[2026-01-30 08:23:25] [32minfo[39m: Fetching sales chart data
[2026-01-30 08:23:25] [32minfo[39m: Fetching dashboard stats
[2026-01-30 08:23:25] [32minfo[39m: Sales data processed successfully
[2026-01-30 08:23:25] [32minfo[39m: Sales chart data delivered successfully
[2026-01-30 08:23:25] [32minfo[39m: GET /admin/api/sales-data 200 179 - 188.853 ms
[2026-01-30 08:23:25] [32minfo[39m: Top products delivered successfully
[2026-01-30 08:23:25] [32minfo[39m: GET /admin/api/top-products?page=1&limit=4 200 30 - 249.361 ms
[2026-01-30 08:23:25] [32minfo[39m: Dashboard stats calculated
[2026-01-30 08:23:25] [32minfo[39m: Dashboard stats delivered successfully
[2026-01-30 08:23:25] [32minfo[39m: GET /admin/api/stats 200 63 - 431.735 ms
[2026-01-30 08:23:49] [32minfo[39m: GET /admin 200 36681 - 106.579 ms
[2026-01-30 08:23:49] [32minfo[39m: GET /css/admin/admin.css 200 19507 - 2.744 ms
[2026-01-30 08:23:49] [32minfo[39m: GET /css/admin/dashboard.css 200 2698 - 6.435 ms
[2026-01-30 08:23:49] [32minfo[39m: GET /img/admin/logo.jpg 200 26279 - 9.448 ms
[2026-01-30 08:23:49] [32minfo[39m: GET /img/admin/admin-avatar.jpg 200 114439 - 9.566 ms
[2026-01-30 08:23:49] [32minfo[39m: Fetching top products
[2026-01-30 08:23:49] [32minfo[39m: Fetching sales chart data
[2026-01-30 08:23:49] [32minfo[39m: Fetching dashboard stats
[2026-01-30 08:23:49] [32minfo[39m: Sales data processed successfully
[2026-01-30 08:23:49] [32minfo[39m: Sales chart data delivered successfully
[2026-01-30 08:23:49] [32minfo[39m: GET /admin/api/sales-data 200 179 - 161.531 ms
[2026-01-30 08:23:49] [32minfo[39m: Top products delivered successfully
[2026-01-30 08:23:49] [32minfo[39m: GET /admin/api/top-products?page=1&limit=4 200 30 - 225.079 ms
[2026-01-30 08:23:49] [32minfo[39m: Dashboard stats calculated
[2026-01-30 08:23:49] [32minfo[39m: Dashboard stats delivered successfully
[2026-01-30 08:23:49] [32minfo[39m: GET /admin/api/stats 200 63 - 397.148 ms
[2026-01-30 08:23:53] [32minfo[39m: GET / 302 39 - 1.294 ms
[2026-01-30 08:23:53] [32minfo[39m: loading homepage
[2026-01-30 08:23:53] [32minfo[39m: GET /user/home 200 9445 - 202.514 ms
[2026-01-30 08:23:53] [32minfo[39m: GET /css/common.css 200 2780 - 5.564 ms
[2026-01-30 08:23:53] [32minfo[39m: GET /https://res.cloudinary.com/dma409l7q/image/upload/v1769436336/chettinad/admin/products/product-97c56ef7-922f-4796-9fed-f7d2f6744e52.jpg 404 7371 - 8.517 ms
[2026-01-30 08:23:53] [32minfo[39m: GET /css/header.css 200 5759 - 15.479 ms
[2026-01-30 08:23:53] [32minfo[39m: GET /css/footer.css 200 4817 - 13.596 ms
[2026-01-30 08:23:53] [32minfo[39m: GET /css/home.css 200 6666 - 15.683 ms
[2026-01-30 08:23:53] [32minfo[39m: GET /img/banner/banner3.jpg 200 132609 - 19.498 ms
[2026-01-30 08:23:53] [32minfo[39m: GET /img/customer.jpg 200 73230 - 22.691 ms
[2026-01-30 08:23:53] [32minfo[39m: GET /js/common.js 200 2070 - 6.891 ms
[2026-01-30 08:23:53] [32minfo[39m: GET /img/insta-post2.jpg 200 64682 - 9.093 ms
[2026-01-30 08:23:53] [32minfo[39m: GET /img/insta-post1.jpg 200 99817 - 7.018 ms
[2026-01-30 08:23:53] [32minfo[39m: GET /img/insta-post3.jpg 200 169905 - 9.626 ms
[2026-01-30 08:23:53] [32minfo[39m: GET /img/insta-post4.jpg 200 63176 - 7.431 ms
[2026-01-30 08:23:56] [32minfo[39m: loading shopping page
[2026-01-30 08:23:56] [32minfo[39m: categories fetched successfully
[2026-01-30 08:23:56] [32minfo[39m: Products fetched successfully
[2026-01-30 08:23:56] [32minfo[39m: GET /user/shopall 200 14389 - 493.096 ms
[2026-01-30 08:23:56] [32minfo[39m: GET /css/common.css 200 2780 - 15.430 ms
[2026-01-30 08:23:56] [32minfo[39m: GET /css/header.css 200 5759 - 14.560 ms
[2026-01-30 08:23:56] [32minfo[39m: GET /css/footer.css 200 4817 - 15.750 ms
[2026-01-30 08:23:56] [32minfo[39m: GET /css/user/shopall.css 200 9510 - 17.321 ms
[2026-01-30 08:23:56] [32minfo[39m: GET /img/insta-post2.jpg 200 64682 - 15.993 ms
[2026-01-30 08:23:56] [32minfo[39m: GET /img/insta-post1.jpg 200 99817 - 17.816 ms
[2026-01-30 08:23:56] [32minfo[39m: GET /js/common.js 200 2070 - 12.635 ms
[2026-01-30 08:23:56] [32minfo[39m: GET /img/insta-post4.jpg 200 63176 - 7.019 ms
[2026-01-30 08:23:56] [32minfo[39m: GET /img/insta-post3.jpg 200 169905 - 13.061 ms
[2026-01-30 08:24:10] [32minfo[39m: GET /css/common.css 200 2780 - 3.796 ms
[2026-01-30 08:24:10] [32minfo[39m: GET /css/header.css 200 5759 - 3.788 ms
[2026-01-30 08:24:10] [32minfo[39m: GET /css/footer.css 200 4817 - 3.423 ms
[2026-01-30 08:24:10] [32minfo[39m: GET /css/user/shopall.css 200 9510 - 4.132 ms
[2026-01-30 08:24:10] [32minfo[39m: GET /.well-known/appspecific/com.chrome.devtools.json 404 7371 - 5.284 ms
[2026-01-30 08:25:25] [32minfo[39m: Loading login page
[2026-01-30 08:25:25] [32minfo[39m: GET /user/login 200 4026 - 8.177 ms
[2026-01-30 08:25:25] [32minfo[39m: GET /css/login.css 200 5958 - 3.543 ms
[2026-01-30 08:25:25] [32minfo[39m: GET /css/login-bg.jpg 404 7371 - 4.994 ms
[2026-01-30 08:25:39] [32minfo[39m: Processing login
[2026-01-30 08:25:39] [33mwarn[39m: Login failed
[2026-01-30 08:25:39] [32minfo[39m: POST /user/login 200 4161 - 152.388 ms
[2026-01-30 08:25:39] [32minfo[39m: GET /css/login.css 200 5958 - 1.230 ms
[2026-01-30 08:25:39] [32minfo[39m: GET /css/login-bg.jpg 404 7371 - 3.574 ms
[2026-01-30 08:25:44] [32minfo[39m: Loading signup page
[2026-01-30 08:25:44] [32minfo[39m: GET /user/signup 200 11454 - 9.702 ms
[2026-01-30 08:25:44] [32minfo[39m: GET /css/signup.css 200 6812 - 4.296 ms
[2026-01-30 08:25:44] [32minfo[39m: GET /css/signup-bg.jpg 404 7371 - 4.500 ms
[2026-01-30 08:26:28] [32minfo[39m: Processing signUp
[2026-01-30 08:26:30] [33mwarn[39m: Signup failed
[2026-01-30 08:26:30] [32minfo[39m: POST /user/signup 200 11544 - 1317.440 ms
[2026-01-30 08:26:30] [32minfo[39m: GET /css/signup.css 200 6812 - 1.193 ms
[2026-01-30 08:26:30] [32minfo[39m: GET /css/signup-bg.jpg 404 7371 - 11.325 ms
[2026-01-30 08:47:51] [32minfo[39m: hi inside the multer
[2026-01-30 08:47:51] [32minfo[39m: 698139445174944
[2026-01-30 08:47:51] [32minfo[39m: dma409l7q
[2026-01-30 08:47:51] [32minfo[39m: DRjWUJtgCysBWbMC3neHCVDAGzo
[2026-01-30 08:47:52] [32minfo[39m: connected to mongodb atlas
[2026-01-30 08:47:58] [32minfo[39m: hi inside the multer
[2026-01-30 08:47:58] [32minfo[39m: 698139445174944
[2026-01-30 08:47:58] [32minfo[39m: dma409l7q
[2026-01-30 08:47:58] [32minfo[39m: DRjWUJtgCysBWbMC3neHCVDAGzo
[2026-01-30 08:48:00] [32minfo[39m: hi inside the multer
[2026-01-30 08:48:00] [32minfo[39m: 698139445174944
[2026-01-30 08:48:00] [32minfo[39m: dma409l7q
[2026-01-30 08:48:00] [32minfo[39m: DRjWUJtgCysBWbMC3neHCVDAGzo
[2026-01-30 08:48:04] [32minfo[39m: hi inside the multer
[2026-01-30 08:48:04] [32minfo[39m: 698139445174944
[2026-01-30 08:48:04] [32minfo[39m: dma409l7q
[2026-01-30 08:48:04] [32minfo[39m: DRjWUJtgCysBWbMC3neHCVDAGzo
[2026-01-30 08:48:05] [32minfo[39m: connected to mongodb atlas
[2026-01-30 08:48:13] [32minfo[39m: hi inside the multer
[2026-01-30 08:48:13] [32minfo[39m: 698139445174944
[2026-01-30 08:48:13] [32minfo[39m: dma409l7q
[2026-01-30 08:48:13] [32minfo[39m: DRjWUJtgCysBWbMC3neHCVDAGzo
[2026-01-30 08:48:15] [32minfo[39m: hi inside the multer
[2026-01-30 08:48:15] [32minfo[39m: 698139445174944
[2026-01-30 08:48:15] [32minfo[39m: dma409l7q
[2026-01-30 08:48:15] [32minfo[39m: DRjWUJtgCysBWbMC3neHCVDAGzo
[2026-01-30 08:48:17] [32minfo[39m: hi inside the multer
[2026-01-30 08:48:17] [32minfo[39m: 698139445174944
[2026-01-30 08:48:17] [32minfo[39m: dma409l7q
[2026-01-30 08:48:17] [32minfo[39m: DRjWUJtgCysBWbMC3neHCVDAGzo
[2026-01-30 08:48:18] [32minfo[39m: connected to mongodb atlas
[2026-01-30 08:48:19] [32minfo[39m: hi inside the multer
[2026-01-30 08:48:19] [32minfo[39m: 698139445174944
[2026-01-30 08:48:19] [32minfo[39m: dma409l7q
[2026-01-30 08:48:19] [32minfo[39m: DRjWUJtgCysBWbMC3neHCVDAGzo
[2026-01-30 08:48:24] [32minfo[39m: hi inside the multer
[2026-01-30 08:48:24] [32minfo[39m: 698139445174944
[2026-01-30 08:48:24] [32minfo[39m: dma409l7q
[2026-01-30 08:48:24] [32minfo[39m: DRjWUJtgCysBWbMC3neHCVDAGzo
[2026-01-30 08:48:25] [32minfo[39m: connected to mongodb atlas
[2026-01-30 08:49:49] [32minfo[39m: hi inside the multer
[2026-01-30 08:49:49] [32minfo[39m: 698139445174944
[2026-01-30 08:49:49] [32minfo[39m: dma409l7q
[2026-01-30 08:49:49] [32minfo[39m: DRjWUJtgCysBWbMC3neHCVDAGzo
[2026-01-30 08:49:51] [32minfo[39m: connected to mongodb atlas
[2026-01-30 08:49:59] [32minfo[39m: hi inside the multer
[2026-01-30 08:49:59] [32minfo[39m: 698139445174944
[2026-01-30 08:49:59] [32minfo[39m: dma409l7q
[2026-01-30 08:49:59] [32minfo[39m: DRjWUJtgCysBWbMC3neHCVDAGzo
[2026-01-30 08:50:01] [32minfo[39m: connected to mongodb atlas
[2026-01-30 08:50:03] [32minfo[39m: hi inside the multer
[2026-01-30 08:50:03] [32minfo[39m: 698139445174944
[2026-01-30 08:50:03] [32minfo[39m: dma409l7q
[2026-01-30 08:50:03] [32minfo[39m: DRjWUJtgCysBWbMC3neHCVDAGzo
[2026-01-30 08:50:04] [32minfo[39m: connected to mongodb atlas
[2026-01-30 08:50:07] [32minfo[39m: hi inside the multer
[2026-01-30 08:50:07] [32minfo[39m: 698139445174944
[2026-01-30 08:50:07] [32minfo[39m: dma409l7q
[2026-01-30 08:50:07] [32minfo[39m: DRjWUJtgCysBWbMC3neHCVDAGzo
[2026-01-30 08:50:09] [32minfo[39m: connected to mongodb atlas
[2026-01-30 08:50:24] [32minfo[39m: Processing signUp
[2026-01-30 08:50:29] [32minfo[39m: POST /user/signup 200 8237 - 4949.929 ms
[2026-01-30 08:50:29] [32minfo[39m: GET /css/generateotp.css 200 4273 - 7.596 ms
[2026-01-30 08:50:29] [32minfo[39m: GET /css/otp-bg.jpg 404 7371 - 9.847 ms
[2026-01-30 08:51:51] [32minfo[39m: hi inside the multer
[2026-01-30 08:51:51] [32minfo[39m: 698139445174944
[2026-01-30 08:51:51] [32minfo[39m: dma409l7q
[2026-01-30 08:51:51] [32minfo[39m: DRjWUJtgCysBWbMC3neHCVDAGzo
[2026-01-30 08:51:53] [32minfo[39m: connected to mongodb atlas
[2026-01-30 08:55:33] [32minfo[39m: hi inside the multer
[2026-01-30 08:55:33] [32minfo[39m: 698139445174944
[2026-01-30 08:55:33] [32minfo[39m: dma409l7q
[2026-01-30 08:55:33] [32minfo[39m: DRjWUJtgCysBWbMC3neHCVDAGzo
[2026-01-30 08:55:35] [32minfo[39m: connected to mongodb atlas
[2026-01-30 08:55:38] [32minfo[39m: hi inside the multer
[2026-01-30 08:55:38] [32minfo[39m: 698139445174944
[2026-01-30 08:55:38] [32minfo[39m: dma409l7q
[2026-01-30 08:55:38] [32minfo[39m: DRjWUJtgCysBWbMC3neHCVDAGzo
[2026-01-30 08:55:41] [32minfo[39m: hi inside the multer
[2026-01-30 08:55:41] [32minfo[39m: 698139445174944
[2026-01-30 08:55:41] [32minfo[39m: dma409l7q
[2026-01-30 08:55:41] [32minfo[39m: DRjWUJtgCysBWbMC3neHCVDAGzo
[2026-01-30 08:55:43] [32minfo[39m: connected to mongodb atlas
[2026-01-30 08:55:54] [32minfo[39m: hi inside the multer
[2026-01-30 08:55:54] [32minfo[39m: 698139445174944
[2026-01-30 08:55:54] [32minfo[39m: dma409l7q
[2026-01-30 08:55:54] [32minfo[39m: DRjWUJtgCysBWbMC3neHCVDAGzo
[2026-01-30 08:55:56] [32minfo[39m: connected to mongodb atlas
[2026-01-30 08:56:32] [32minfo[39m: hi inside the multer
[2026-01-30 08:56:32] [32minfo[39m: 698139445174944
[2026-01-30 08:56:32] [32minfo[39m: dma409l7q
[2026-01-30 08:56:32] [32minfo[39m: DRjWUJtgCysBWbMC3neHCVDAGzo
[2026-01-30 08:56:33] [32minfo[39m: connected to mongodb atlas
[2026-01-30 08:56:35] [32minfo[39m: hi inside the multer
[2026-01-30 08:56:35] [32minfo[39m: 698139445174944
[2026-01-30 08:56:35] [32minfo[39m: dma409l7q
[2026-01-30 08:56:35] [32minfo[39m: DRjWUJtgCysBWbMC3neHCVDAGzo
[2026-01-30 08:56:37] [32minfo[39m: hi inside the multer
[2026-01-30 08:56:37] [32minfo[39m: 698139445174944
[2026-01-30 08:56:37] [32minfo[39m: dma409l7q
[2026-01-30 08:56:37] [32minfo[39m: DRjWUJtgCysBWbMC3neHCVDAGzo
[2026-01-30 08:56:39] [32minfo[39m: hi inside the multer
[2026-01-30 08:56:39] [32minfo[39m: 698139445174944
[2026-01-30 08:56:39] [32minfo[39m: dma409l7q
[2026-01-30 08:56:39] [32minfo[39m: DRjWUJtgCysBWbMC3neHCVDAGzo
[2026-01-30 08:56:42] [32minfo[39m: hi inside the multer
[2026-01-30 08:56:42] [32minfo[39m: 698139445174944
[2026-01-30 08:56:42] [32minfo[39m: dma409l7q
[2026-01-30 08:56:42] [32minfo[39m: DRjWUJtgCysBWbMC3neHCVDAGzo
[2026-01-30 08:56:44] [32minfo[39m: hi inside the multer
[2026-01-30 08:56:44] [32minfo[39m: 698139445174944
[2026-01-30 08:56:44] [32minfo[39m: dma409l7q
[2026-01-30 08:56:44] [32minfo[39m: DRjWUJtgCysBWbMC3neHCVDAGzo
[2026-01-30 08:56:46] [32minfo[39m: hi inside the multer
[2026-01-30 08:56:46] [32minfo[39m: 698139445174944
[2026-01-30 08:56:46] [32minfo[39m: dma409l7q
[2026-01-30 08:56:46] [32minfo[39m: DRjWUJtgCysBWbMC3neHCVDAGzo
[2026-01-30 08:56:47] [32minfo[39m: connected to mongodb atlas
[2026-01-30 08:56:56] [32minfo[39m: Processing signUp
[2026-01-30 08:57:01] [32minfo[39m: POST /user/signup 200 8237 - 4762.996 ms
[2026-01-30 08:57:01] [32minfo[39m: GET /css/generateotp.css 200 4273 - 3.702 ms
[2026-01-30 08:57:01] [32minfo[39m: GET /css/otp-bg.jpg 404 7371 - 10.243 ms
[2026-01-30 08:57:16] [32minfo[39m: Verifying signup OTP
[2026-01-30 08:57:16] [33mwarn[39m: OTP verification failed
[2026-01-30 08:57:16] [32minfo[39m: POST /user/verify-otp 400 52 - 3.907 ms
[2026-01-30 08:57:46] [32minfo[39m: loading homepage
[2026-01-30 08:57:47] [32minfo[39m: GET /user/home 200 9445 - 701.721 ms
[2026-01-30 08:57:47] [32minfo[39m: GET /css/common.css 200 2780 - 15.941 ms
[2026-01-30 08:57:47] [32minfo[39m: GET /css/header.css 200 5759 - 15.929 ms
[2026-01-30 08:57:47] [32minfo[39m: GET /css/home.css 200 6666 - 13.731 ms
[2026-01-30 08:57:47] [32minfo[39m: GET /css/footer.css 200 4817 - 11.320 ms
[2026-01-30 08:57:47] [32minfo[39m: GET /https://res.cloudinary.com/dma409l7q/image/upload/v1769436336/chettinad/admin/products/product-97c56ef7-922f-4796-9fed-f7d2f6744e52.jpg 404 7371 - 14.283 ms
[2026-01-30 08:57:47] [32minfo[39m: GET /js/common.js 200 2070 - 28.829 ms
[2026-01-30 08:57:47] [32minfo[39m: GET /img/customer.jpg 200 73230 - 27.882 ms
[2026-01-30 08:57:47] [32minfo[39m: GET /img/banner/banner3.jpg 200 132609 - 27.883 ms
[2026-01-30 08:57:47] [32minfo[39m: GET /img/insta-post2.jpg 200 64682 - 14.557 ms
[2026-01-30 08:57:47] [32minfo[39m: GET /img/insta-post1.jpg 200 99817 - 16.245 ms
[2026-01-30 08:57:47] [32minfo[39m: GET /img/insta-post3.jpg 200 169905 - 15.150 ms
[2026-01-30 08:57:47] [32minfo[39m: GET /img/insta-post4.jpg 200 63176 - 6.043 ms
[2026-01-30 08:57:50] [32minfo[39m: Loading signup page
[2026-01-30 08:57:50] [32minfo[39m: GET /user/signup 200 11454 - 3.952 ms
[2026-01-30 08:57:51] [32minfo[39m: GET /css/signup.css 200 6812 - 3.122 ms
[2026-01-30 08:57:51] [32minfo[39m: GET /css/signup-bg.jpg 404 7371 - 7.082 ms
[2026-01-30 08:58:33] [32minfo[39m: Processing signUp
[2026-01-30 08:58:38] [32minfo[39m: POST /user/signup 200 8237 - 4981.827 ms
[2026-01-30 08:58:38] [32minfo[39m: GET /css/generateotp.css 200 4273 - 2.489 ms
[2026-01-30 08:58:38] [32minfo[39m: GET /css/otp-bg.jpg 404 7371 - 7.290 ms
[2026-01-30 08:58:55] [32minfo[39m: Verifying signup OTP
[2026-01-30 08:58:55] [33mwarn[39m: OTP verification failed
[2026-01-30 08:58:55] [32minfo[39m: POST /user/verify-otp 400 52 - 2.594 ms
[2026-01-30 09:04:13] [32minfo[39m: hi inside the multer
[2026-01-30 09:04:13] [32minfo[39m: 698139445174944
[2026-01-30 09:04:13] [32minfo[39m: dma409l7q
[2026-01-30 09:04:13] [32minfo[39m: DRjWUJtgCysBWbMC3neHCVDAGzo
[2026-01-30 09:04:15] [32minfo[39m: hi inside the multer
[2026-01-30 09:04:15] [32minfo[39m: 698139445174944
[2026-01-30 09:04:15] [32minfo[39m: dma409l7q
[2026-01-30 09:04:15] [32minfo[39m: DRjWUJtgCysBWbMC3neHCVDAGzo
[2026-01-30 09:04:17] [32minfo[39m: hi inside the multer
[2026-01-30 09:04:17] [32minfo[39m: 698139445174944
[2026-01-30 09:04:17] [32minfo[39m: dma409l7q
[2026-01-30 09:04:17] [32minfo[39m: DRjWUJtgCysBWbMC3neHCVDAGzo
[2026-01-30 09:04:19] [32minfo[39m: connected to mongodb atlas
[2026-01-30 09:04:34] [32minfo[39m: Processing signUp
[2026-01-30 09:04:39] [32minfo[39m: POST /user/signup 200 8237 - 4761.904 ms
[2026-01-30 09:04:39] [32minfo[39m: GET /css/generateotp.css 200 4273 - 8.417 ms
[2026-01-30 09:04:39] [32minfo[39m: GET /css/otp-bg.jpg 404 7371 - 21.336 ms
[2026-01-30 09:05:23] [32minfo[39m: Verifying signup OTP
[2026-01-30 09:05:23] [33mwarn[39m: OTP verification failed
[2026-01-30 09:05:23] [32minfo[39m: POST /user/verify-otp 400 52 - 2.521 ms
[2026-01-30 09:09:07] [32minfo[39m: hi inside the multer
[2026-01-30 09:09:07] [32minfo[39m: 698139445174944
[2026-01-30 09:09:07] [32minfo[39m: dma409l7q
[2026-01-30 09:09:07] [32minfo[39m: DRjWUJtgCysBWbMC3neHCVDAGzo
[2026-01-30 09:09:09] [32minfo[39m: connected to mongodb atlas
[2026-01-30 09:09:19] [32minfo[39m: Processing signUp
[2026-01-30 09:09:23] [32minfo[39m: POST /user/signup 200 8237 - 4548.982 ms
[2026-01-30 09:09:23] [32minfo[39m: GET /css/generateotp.css 200 4273 - 4.469 ms
[2026-01-30 09:09:23] [32minfo[39m: GET /css/otp-bg.jpg 404 7371 - 4.572 ms
[2026-01-30 09:09:35] [32minfo[39m: Verifying signup OTP
[2026-01-30 09:09:35] [33mwarn[39m: OTP verification failed
[2026-01-30 09:09:35] [32minfo[39m: POST /user/verify-otp 400 67 - 3.421 ms
[2026-01-30 09:11:10] [32minfo[39m: hi inside the multer
[2026-01-30 09:11:10] [32minfo[39m: 698139445174944
[2026-01-30 09:11:10] [32minfo[39m: dma409l7q
[2026-01-30 09:11:10] [32minfo[39m: DRjWUJtgCysBWbMC3neHCVDAGzo
[2026-01-30 09:11:12] [32minfo[39m: hi inside the multer
[2026-01-30 09:11:12] [32minfo[39m: 698139445174944
[2026-01-30 09:11:12] [32minfo[39m: dma409l7q
[2026-01-30 09:11:12] [32minfo[39m: DRjWUJtgCysBWbMC3neHCVDAGzo
[2026-01-30 09:11:13] [32minfo[39m: connected to mongodb atlas
[2026-01-30 09:11:27] [32minfo[39m: hi inside the multer
[2026-01-30 09:11:27] [32minfo[39m: 698139445174944
[2026-01-30 09:11:27] [32minfo[39m: dma409l7q
[2026-01-30 09:11:27] [32minfo[39m: DRjWUJtgCysBWbMC3neHCVDAGzo
[2026-01-30 09:11:29] [32minfo[39m: connected to mongodb atlas
[2026-01-30 09:11:30] [32minfo[39m: hi inside the multer
[2026-01-30 09:11:30] [32minfo[39m: 698139445174944
[2026-01-30 09:11:30] [32minfo[39m: dma409l7q
[2026-01-30 09:11:30] [32minfo[39m: DRjWUJtgCysBWbMC3neHCVDAGzo
[2026-01-30 09:11:32] [32minfo[39m: connected to mongodb atlas
[2026-01-30 09:11:43] [32minfo[39m: hi inside the multer
[2026-01-30 09:11:43] [32minfo[39m: 698139445174944
[2026-01-30 09:11:43] [32minfo[39m: dma409l7q
[2026-01-30 09:11:43] [32minfo[39m: DRjWUJtgCysBWbMC3neHCVDAGzo
[2026-01-30 09:11:44] [32minfo[39m: connected to mongodb atlas
[2026-01-30 09:12:26] [32minfo[39m: hi inside the multer
[2026-01-30 09:12:26] [32minfo[39m: 698139445174944
[2026-01-30 09:12:26] [32minfo[39m: dma409l7q
[2026-01-30 09:12:26] [32minfo[39m: DRjWUJtgCysBWbMC3neHCVDAGzo
[2026-01-30 09:12:29] [32minfo[39m: hi inside the multer
[2026-01-30 09:12:29] [32minfo[39m: 698139445174944
[2026-01-30 09:12:29] [32minfo[39m: dma409l7q
[2026-01-30 09:12:29] [32minfo[39m: DRjWUJtgCysBWbMC3neHCVDAGzo
[2026-01-30 09:12:31] [32minfo[39m: hi inside the multer
[2026-01-30 09:12:31] [32minfo[39m: 698139445174944
[2026-01-30 09:12:31] [32minfo[39m: dma409l7q
[2026-01-30 09:12:31] [32minfo[39m: DRjWUJtgCysBWbMC3neHCVDAGzo
[2026-01-30 09:12:33] [32minfo[39m: connected to mongodb atlas
[2026-01-30 09:41:29] [32minfo[39m: hi inside the multer
[2026-01-30 09:41:29] [32minfo[39m: 698139445174944
[2026-01-30 09:41:29] [32minfo[39m: dma409l7q
[2026-01-30 09:41:29] [32minfo[39m: DRjWUJtgCysBWbMC3neHCVDAGzo
[2026-01-30 09:41:48] [32minfo[39m: hi inside the multer
[2026-01-30 09:41:48] [32minfo[39m: 698139445174944
[2026-01-30 09:41:48] [32minfo[39m: dma409l7q
[2026-01-30 09:41:48] [32minfo[39m: DRjWUJtgCysBWbMC3neHCVDAGzo
[2026-01-30 09:41:54] [32minfo[39m: hi inside the multer
[2026-01-30 09:41:54] [32minfo[39m: 698139445174944
[2026-01-30 09:41:54] [32minfo[39m: dma409l7q
[2026-01-30 09:41:54] [32minfo[39m: DRjWUJtgCysBWbMC3neHCVDAGzo
[2026-01-30 09:42:21] [32minfo[39m: hi inside the multer
[2026-01-30 09:42:21] [32minfo[39m: 698139445174944
[2026-01-30 09:42:21] [32minfo[39m: dma409l7q
[2026-01-30 09:42:21] [32minfo[39m: DRjWUJtgCysBWbMC3neHCVDAGzo
[2026-01-30 09:42:24] [32minfo[39m: hi inside the multer
[2026-01-30 09:42:24] [32minfo[39m: 698139445174944
[2026-01-30 09:42:24] [32minfo[39m: dma409l7q
[2026-01-30 09:42:24] [32minfo[39m: DRjWUJtgCysBWbMC3neHCVDAGzo
[2026-01-30 09:42:32] [32minfo[39m: connected to mongodb atlas
[2026-01-30 09:42:50] [32minfo[39m: hi inside the multer
[2026-01-30 09:42:50] [32minfo[39m: 698139445174944
[2026-01-30 09:42:50] [32minfo[39m: dma409l7q
[2026-01-30 09:42:50] [32minfo[39m: DRjWUJtgCysBWbMC3neHCVDAGzo
[2026-01-30 09:42:55] [32minfo[39m: hi inside the multer
[2026-01-30 09:42:55] [32minfo[39m: 698139445174944
[2026-01-30 09:42:55] [32minfo[39m: dma409l7q
[2026-01-30 09:42:55] [32minfo[39m: DRjWUJtgCysBWbMC3neHCVDAGzo
[2026-01-30 09:43:00] [32minfo[39m: hi inside the multer
[2026-01-30 09:43:00] [32minfo[39m: 698139445174944
[2026-01-30 09:43:00] [32minfo[39m: dma409l7q
[2026-01-30 09:43:00] [32minfo[39m: DRjWUJtgCysBWbMC3neHCVDAGzo
[2026-01-30 09:43:02] [32minfo[39m: connected to mongodb atlas
[2026-01-30 09:44:25] [32minfo[39m: hi inside the multer
[2026-01-30 09:44:25] [32minfo[39m: 698139445174944
[2026-01-30 09:44:25] [32minfo[39m: dma409l7q
[2026-01-30 09:44:25] [32minfo[39m: DRjWUJtgCysBWbMC3neHCVDAGzo
[2026-01-30 09:44:26] [31merror[39m: monogoDB connection error: querySrv ECONNREFUSED _mongodb._tcp.chettinad.9d7kbbi.mongodb.net
[2026-01-30 09:45:01] [32minfo[39m: hi inside the multer
[2026-01-30 09:45:01] [32minfo[39m: 698139445174944
[2026-01-30 09:45:01] [32minfo[39m: dma409l7q
[2026-01-30 09:45:01] [32minfo[39m: DRjWUJtgCysBWbMC3neHCVDAGzo
[2026-01-30 09:46:25] [32minfo[39m: hi inside the multer
[2026-01-30 09:46:25] [32minfo[39m: 698139445174944
[2026-01-30 09:46:25] [32minfo[39m: dma409l7q
[2026-01-30 09:46:25] [32minfo[39m: DRjWUJtgCysBWbMC3neHCVDAGzo
[2026-01-30 09:46:27] [32minfo[39m: connected to mongodb atlas
[2026-01-30 09:46:45] [32minfo[39m: GET / 302 39 - 8.980 ms
[2026-01-30 09:46:45] [32minfo[39m: loading homepage
[2026-01-30 09:46:46] [32minfo[39m: GET /user/home 200 9445 - 191.985 ms
[2026-01-30 09:46:46] [32minfo[39m: GET /css/common.css 200 2780 - 3.817 ms
[2026-01-30 09:46:46] [32minfo[39m: GET /css/header.css 200 5759 - 4.259 ms
[2026-01-30 09:46:46] [32minfo[39m: GET /css/home.css 200 6666 - 29.509 ms
[2026-01-30 09:46:46] [32minfo[39m: GET /css/footer.css 200 4817 - 27.711 ms
[2026-01-30 09:46:48] [32minfo[39m: loading homepage
[2026-01-30 09:46:48] [32minfo[39m: GET /user/home 200 9445 - 178.432 ms
[2026-01-30 09:46:48] [32minfo[39m: GET /css/common.css 200 2780 - 4.930 ms
[2026-01-30 09:46:48] [32minfo[39m: GET /css/header.css 200 5759 - 4.614 ms
[2026-01-30 09:46:48] [32minfo[39m: GET /css/home.css 200 6666 - 9.875 ms
[2026-01-30 09:46:48] [32minfo[39m: GET /css/footer.css 200 4817 - 10.013 ms
[2026-01-30 09:46:48] [32minfo[39m: GET /https://res.cloudinary.com/dma409l7q/image/upload/v1769436336/chettinad/admin/products/product-97c56ef7-922f-4796-9fed-f7d2f6744e52.jpg 404 7371 - 10.140 ms
[2026-01-30 09:46:48] [32minfo[39m: GET /js/common.js 200 2070 - 17.343 ms
[2026-01-30 09:46:48] [32minfo[39m: GET /img/customer.jpg 200 73230 - 17.191 ms
[2026-01-30 09:46:48] [32minfo[39m: GET /img/banner/banner3.jpg 200 132609 - 18.786 ms
[2026-01-30 09:46:48] [32minfo[39m: GET /img/insta-post4.jpg 200 63176 - 6.752 ms
[2026-01-30 09:46:48] [32minfo[39m: GET /img/insta-post1.jpg 200 99817 - 7.074 ms
[2026-01-30 09:46:48] [32minfo[39m: GET /img/insta-post2.jpg 200 64682 - 10.780 ms
[2026-01-30 09:46:48] [32minfo[39m: GET /img/insta-post3.jpg 200 169905 - 10.351 ms
[2026-01-30 09:46:50] [32minfo[39m: Loading signup page
[2026-01-30 09:46:50] [32minfo[39m: GET /user/signup 200 11454 - 10.402 ms
[2026-01-30 09:46:50] [32minfo[39m: GET /css/signup.css 200 6812 - 2.246 ms
[2026-01-30 09:47:24] [32minfo[39m: Processing signUp
[2026-01-30 09:47:29] [32minfo[39m: POST /user/signup 200 8237 - 4822.629 ms
[2026-01-30 09:47:29] [32minfo[39m: GET /css/generateotp.css 200 4273 - 2.684 ms
[2026-01-30 09:47:41] [32minfo[39m: Verifying signup OTP
[2026-01-30 09:47:41] [33mwarn[39m: OTP verification failed
[2026-01-30 09:47:41] [32minfo[39m: POST /user/verify-otp 400 67 - 8.057 ms
[2026-01-30 09:48:32] [32minfo[39m: hi inside the multer
[2026-01-30 09:48:32] [32minfo[39m: 698139445174944
[2026-01-30 09:48:32] [32minfo[39m: dma409l7q
[2026-01-30 09:48:32] [32minfo[39m: DRjWUJtgCysBWbMC3neHCVDAGzo
[2026-01-30 09:48:34] [32minfo[39m: connected to mongodb atlas
[2026-01-30 09:48:44] [32minfo[39m: Processing signUp
[2026-01-30 09:48:50] [32minfo[39m: POST /user/signup 200 8237 - 5367.674 ms
[2026-01-30 09:48:50] [32minfo[39m: GET /css/generateotp.css 200 4273 - 6.589 ms
[2026-01-30 09:48:59] [32minfo[39m: Verifying signup OTP
[2026-01-30 09:48:59] [33mwarn[39m: OTP verification failed
[2026-01-30 09:48:59] [32minfo[39m: POST /user/verify-otp 400 67 - 8.107 ms
[2026-01-30 09:49:15] [32minfo[39m: hi inside the multer
[2026-01-30 09:49:15] [32minfo[39m: 698139445174944
[2026-01-30 09:49:15] [32minfo[39m: dma409l7q
[2026-01-30 09:49:15] [32minfo[39m: DRjWUJtgCysBWbMC3neHCVDAGzo
[2026-01-30 09:49:17] [32minfo[39m: connected to mongodb atlas
[2026-01-30 21:05:07] [32minfo[39m: GET /admin - - - - ms
[2026-01-31 15:06:42] [32minfo[39m: hi inside the multer
[2026-01-31 15:06:42] [32minfo[39m: 698139445174944
[2026-01-31 15:06:42] [32minfo[39m: dma409l7q
[2026-01-31 15:06:42] [32minfo[39m: DRjWUJtgCysBWbMC3neHCVDAGzo
[2026-01-31 15:06:47] [32minfo[39m: GET / 302 39 - 34.972 ms
[2026-01-31 15:06:47] [32minfo[39m: loading homepage
[2026-01-31 15:06:57] [31merror[39m: GET /user/home-Operation `categories.find()` buffering timed out after 10000ms
[2026-01-31 15:06:57] [32minfo[39m: GET /user/home 500 93 - 10064.771 ms
[2026-01-31 15:06:57] [32minfo[39m: GET /favicon.ico 404 7371 - 41.199 ms
[2026-01-31 15:07:17] [31merror[39m: monogoDB connection error: Could not connect to any servers in your MongoDB Atlas cluster. One common reason is that you're trying to access the database from an IP that isn't whitelisted. Make sure your current IP address is on your Atlas cluster's IP whitelist: https://www.mongodb.com/docs/atlas/security-whitelist/
[2026-01-31 15:07:37] [32minfo[39m: hi inside the multer
[2026-01-31 15:07:37] [32minfo[39m: 698139445174944
[2026-01-31 15:07:37] [32minfo[39m: dma409l7q
[2026-01-31 15:07:37] [32minfo[39m: DRjWUJtgCysBWbMC3neHCVDAGzo
[2026-01-31 15:07:46] [32minfo[39m: GET / 302 39 - 21.932 ms
[2026-01-31 15:07:46] [32minfo[39m: loading homepage
[2026-01-31 15:07:56] [31merror[39m: GET /user/home-Operation `categories.find()` buffering timed out after 10000ms
[2026-01-31 15:07:56] [32minfo[39m: GET /user/home 500 93 - 10037.085 ms
[2026-01-31 15:07:56] [32minfo[39m: GET / 302 39 - 13.189 ms
[2026-01-31 15:07:56] [32minfo[39m: loading homepage
[2026-01-31 15:08:06] [31merror[39m: GET /user/home-Operation `categories.find()` buffering timed out after 10000ms
[2026-01-31 15:08:06] [32minfo[39m: GET /user/home 500 93 - 10036.891 ms
[2026-01-31 15:08:09] [31merror[39m: monogoDB connection error: connect ETIMEDOUT 159.41.183.34:27017
[2026-01-31 22:07:04] [32minfo[39m: hi inside the multer
[2026-01-31 22:07:04] [32minfo[39m: 698139445174944
[2026-01-31 22:07:04] [32minfo[39m: dma409l7q
[2026-01-31 22:07:04] [32minfo[39m: DRjWUJtgCysBWbMC3neHCVDAGzo
[2026-01-31 22:07:06] [32minfo[39m: connected to mongodb atlas
[2026-01-31 22:07:13] [32minfo[39m: GET / 302 39 - 15.879 ms
[2026-01-31 22:07:13] [32minfo[39m: loading homepage
[2026-01-31 22:07:13] [32minfo[39m: GET /user/home 200 9445 - 239.647 ms
[2026-01-31 22:07:13] [32minfo[39m: GET /css/common.css 200 2780 - 19.667 ms
[2026-01-31 22:07:13] [32minfo[39m: GET /css/header.css 200 5759 - 19.119 ms
[2026-01-31 22:07:13] [32minfo[39m: GET /css/home.css 200 6666 - 12.776 ms
[2026-01-31 22:07:13] [32minfo[39m: GET /css/footer.css 200 4817 - 24.483 ms
[2026-01-31 22:07:13] [32minfo[39m: GET /https://res.cloudinary.com/dma409l7q/image/upload/v1769436336/chettinad/admin/products/product-97c56ef7-922f-4796-9fed-f7d2f6744e52.jpg 404 7371 - 17.034 ms
[2026-01-31 22:07:13] [32minfo[39m: GET /js/common.js 200 2070 - 22.115 ms
[2026-01-31 22:07:13] [32minfo[39m: GET /img/customer.jpg 200 73230 - 36.204 ms
[2026-01-31 22:07:13] [32minfo[39m: GET /img/insta-post2.jpg 200 64682 - 18.762 ms
[2026-01-31 22:07:13] [32minfo[39m: GET /img/banner/banner3.jpg 200 132609 - 29.956 ms
[2026-01-31 22:07:13] [32minfo[39m: GET /img/insta-post1.jpg 200 99817 - 18.822 ms
[2026-01-31 22:07:13] [32minfo[39m: GET /img/insta-post4.jpg 200 63176 - 9.665 ms
[2026-01-31 22:07:13] [32minfo[39m: GET /img/insta-post3.jpg 200 169905 - 12.631 ms
[2026-01-31 22:07:16] [32minfo[39m: loading shopping page
[2026-01-31 22:07:17] [32minfo[39m: categories fetched successfully
[2026-01-31 22:07:18] [32minfo[39m: Products fetched successfully
[2026-01-31 22:07:19] [32minfo[39m: GET /user/shopall 200 14389 - 2718.540 ms
[2026-01-31 22:07:19] [32minfo[39m: GET /css/common.css 200 2780 - 24.971 ms
[2026-01-31 22:07:19] [32minfo[39m: GET /css/header.css 200 5759 - 25.433 ms
[2026-01-31 22:07:19] [32minfo[39m: GET /css/footer.css 200 4817 - 25.976 ms
[2026-01-31 22:07:19] [32minfo[39m: GET /img/insta-post2.jpg 200 64682 - 23.759 ms
[2026-01-31 22:07:19] [32minfo[39m: GET /css/user/shopall.css 200 9510 - 34.809 ms
[2026-01-31 22:07:19] [32minfo[39m: GET /img/insta-post1.jpg 200 99817 - 66.803 ms
[2026-01-31 22:07:19] [32minfo[39m: GET /js/common.js 200 2070 - 56.396 ms
[2026-01-31 22:07:19] [32minfo[39m: GET /img/insta-post4.jpg 200 63176 - 13.309 ms
[2026-01-31 22:07:19] [32minfo[39m: GET /img/insta-post3.jpg 200 169905 - 59.544 ms
[2026-01-31 22:08:09] [32minfo[39m: Loading product details page
[2026-01-31 22:08:09] [32minfo[39m: product details fetched successfully
[2026-01-31 22:08:09] [32minfo[39m: GET /user/product/6979042c65ffdf6b53736be3 200 10398 - 355.405 ms
[2026-01-31 22:08:09] [32minfo[39m: GET /css/common.css 200 2780 - 6.685 ms
[2026-01-31 22:08:09] [32minfo[39m: GET /https://res.cloudinary.com/dma409l7q/image/upload/v1769538598/chettinad/admin/products/product-99f735c8-b294-4810-b750-7ccbc9477a64.jpg 404 7371 - 11.408 ms
[2026-01-31 22:08:09] [32minfo[39m: GET /https://res.cloudinary.com/dma409l7q/image/upload/v1769538604/chettinad/admin/products/product-3d86de45-185b-40a1-954b-823f1516ece4.jpg 404 7371 - 40.314 ms
[2026-01-31 22:08:09] [32minfo[39m: GET /css/header.css 200 5759 - 54.477 ms
[2026-01-31 22:08:09] [32minfo[39m: GET /css/footer.css 200 4817 - 59.022 ms
[2026-01-31 22:08:09] [32minfo[39m: GET /css/productdetails.css 200 8643 - 62.602 ms
[2026-01-31 22:08:09] [32minfo[39m: GET /img/insta-post2.jpg 200 64682 - 27.485 ms
[2026-01-31 22:08:09] [32minfo[39m: GET /js/common.js 200 2070 - 29.830 ms
[2026-01-31 22:08:09] [32minfo[39m: GET /img/insta-post1.jpg 200 99817 - 34.048 ms
[2026-01-31 22:08:09] [32minfo[39m: GET /js/user/productdetails.js 200 5357 - 48.032 ms
[2026-01-31 22:08:09] [32minfo[39m: GET /img/insta-post4.jpg 200 63176 - 33.564 ms
[2026-01-31 22:08:09] [32minfo[39m: GET /img/insta-post3.jpg 200 169905 - 40.991 ms
[2026-01-31 22:08:21] [32minfo[39m: loading shopping page
[2026-01-31 22:08:21] [32minfo[39m: categories fetched successfully
[2026-01-31 22:08:21] [32minfo[39m: Products fetched successfully
[2026-01-31 22:08:21] [32minfo[39m: GET /user/shopall 200 14389 - 431.655 ms
[2026-01-31 22:08:21] [32minfo[39m: GET /css/common.css 200 2780 - 20.538 ms
[2026-01-31 22:08:21] [32minfo[39m: GET /css/header.css 200 5759 - 21.280 ms
[2026-01-31 22:08:21] [32minfo[39m: GET /css/user/shopall.css 200 9510 - 25.481 ms
[2026-01-31 22:08:21] [32minfo[39m: GET /css/footer.css 200 4817 - 13.396 ms
[2026-01-31 22:08:21] [32minfo[39m: GET /img/insta-post2.jpg 200 64682 - 23.569 ms
[2026-01-31 22:08:21] [32minfo[39m: GET /img/insta-post1.jpg 200 99817 - 23.776 ms
[2026-01-31 22:08:21] [32minfo[39m: GET /js/common.js 200 2070 - 63.226 ms
[2026-01-31 22:08:21] [32minfo[39m: GET /img/insta-post4.jpg 200 63176 - 60.380 ms
[2026-01-31 22:08:21] [32minfo[39m: GET /img/insta-post3.jpg 200 169905 - 63.371 ms
[2026-01-31 22:08:34] [32minfo[39m: GET /css/common.css 200 2780 - 6.755 ms
[2026-01-31 22:08:34] [32minfo[39m: GET /css/header.css 200 5759 - 7.522 ms
[2026-01-31 22:08:34] [32minfo[39m: GET /css/user/shopall.css 200 9510 - 6.731 ms
[2026-01-31 22:08:34] [32minfo[39m: GET /css/footer.css 200 4817 - 6.789 ms
[2026-01-31 22:08:34] [32minfo[39m: GET /.well-known/appspecific/com.chrome.devtools.json 404 7371 - 6.002 ms
[2026-01-31 22:16:50] [32minfo[39m: loading shopping page
[2026-01-31 22:16:50] [32minfo[39m: categories fetched successfully
[2026-01-31 22:16:51] [32minfo[39m: Products fetched successfully
[2026-01-31 22:16:51] [32minfo[39m: GET /user/shopall 200 14389 - 755.957 ms
[2026-01-31 22:16:51] [32minfo[39m: GET /.well-known/appspecific/com.chrome.devtools.json 404 7371 - 11.424 ms
[2026-01-31 22:16:51] [32minfo[39m: GET /css/common.css 200 2780 - 50.591 ms
[2026-01-31 22:16:51] [32minfo[39m: GET /css/header.css 200 5759 - 50.499 ms
[2026-01-31 22:16:51] [32minfo[39m: GET /css/user/shopall.css 200 9510 - 56.959 ms
[2026-01-31 22:16:51] [32minfo[39m: GET /css/footer.css 200 4817 - 30.299 ms
[2026-01-31 22:16:51] [32minfo[39m: GET /img/insta-post2.jpg 200 64682 - 30.884 ms
[2026-01-31 22:16:51] [32minfo[39m: GET /img/insta-post4.jpg 200 63176 - 19.763 ms
[2026-01-31 22:16:51] [32minfo[39m: GET /js/common.js 200 2070 - 20.279 ms
[2026-01-31 22:16:51] [32minfo[39m: GET /img/insta-post3.jpg 200 169905 - 26.389 ms
[2026-01-31 22:16:51] [32minfo[39m: GET /img/insta-post1.jpg 200 99817 - 21.354 ms
[2026-01-31 22:22:52] [32minfo[39m: loading shopping page
[2026-01-31 22:22:53] [32minfo[39m: categories fetched successfully
[2026-01-31 22:22:55] [32minfo[39m: Products fetched successfully
[2026-01-31 22:22:55] [32minfo[39m: GET /user/shopall 200 14389 - 2908.153 ms
[2026-01-31 22:22:55] [32minfo[39m: GET /.well-known/appspecific/com.chrome.devtools.json 404 7371 - 30.617 ms
[2026-01-31 22:22:55] [32minfo[39m: GET /css/header.css 200 5759 - 22.268 ms
[2026-01-31 22:22:55] [32minfo[39m: GET /css/common.css 200 2780 - 35.463 ms
[2026-01-31 22:22:55] [32minfo[39m: GET /css/user/shopall.css 200 9510 - 31.036 ms
[2026-01-31 22:22:55] [32minfo[39m: GET /css/footer.css 200 4817 - 20.501 ms
[2026-01-31 22:22:55] [32minfo[39m: GET /img/insta-post2.jpg 200 64682 - 33.196 ms
[2026-01-31 22:22:55] [32minfo[39m: GET /js/common.js 200 2070 - 29.814 ms
[2026-01-31 22:22:55] [32minfo[39m: GET /img/insta-post4.jpg 200 63176 - 30.330 ms
[2026-01-31 22:22:55] [32minfo[39m: GET /img/insta-post1.jpg 200 99817 - 36.895 ms
[2026-01-31 22:22:55] [32minfo[39m: GET /img/insta-post3.jpg 200 169905 - 30.881 ms
[2026-01-31 22:23:39] [32minfo[39m: Loading login page
[2026-01-31 22:23:39] [32minfo[39m: GET /user/login 200 4026 - 19.323 ms
[2026-01-31 22:23:39] [32minfo[39m: GET /css/login.css 200 5958 - 4.359 ms
[2026-01-31 22:23:40] [32minfo[39m: GET /css/login-bg.jpg 404 7371 - 5.533 ms
[2026-01-31 22:23:55] [32minfo[39m: GET / 302 39 - 4.798 ms
[2026-01-31 22:23:55] [32minfo[39m: loading homepage
[2026-01-31 22:23:55] [32minfo[39m: GET /user/home 200 9445 - 157.024 ms
[2026-01-31 22:23:55] [32minfo[39m: GET /css/common.css 200 2780 - 10.124 ms
[2026-01-31 22:23:55] [32minfo[39m: GET /css/header.css 200 5759 - 7.694 ms
[2026-01-31 22:23:55] [32minfo[39m: GET /css/home.css 200 6666 - 13.380 ms
[2026-01-31 22:23:55] [32minfo[39m: GET /css/footer.css 200 4817 - 7.296 ms
[2026-01-31 22:23:55] [32minfo[39m: GET /img/banner/banner3.jpg 200 132609 - 12.364 ms
[2026-01-31 22:23:55] [32minfo[39m: GET /js/common.js 200 2070 - 2.072 ms
[2026-01-31 22:23:55] [32minfo[39m: GET /https://res.cloudinary.com/dma409l7q/image/upload/v1769436336/chettinad/admin/products/product-97c56ef7-922f-4796-9fed-f7d2f6744e52.jpg 404 7371 - 5.189 ms
[2026-01-31 22:23:55] [32minfo[39m: GET /img/customer.jpg 200 73230 - 2.848 ms
[2026-01-31 22:23:56] [32minfo[39m: GET /img/insta-post1.jpg 200 99817 - 2.664 ms
[2026-01-31 22:23:56] [32minfo[39m: GET /img/insta-post2.jpg 200 64682 - 2.737 ms
[2026-01-31 22:23:56] [32minfo[39m: GET /img/insta-post3.jpg 200 169905 - 2.932 ms
[2026-01-31 22:23:56] [32minfo[39m: GET /img/insta-post4.jpg 200 63176 - 8.337 ms
[2026-01-31 22:23:56] [32minfo[39m: GET /img/customer.jpg 200 73230 - 4.385 ms
[2026-02-01 00:54:29] [32minfo[39m: GET / 302 39 - 7.904 ms
[2026-02-01 00:54:29] [32minfo[39m: loading homepage
[2026-02-01 00:54:29] [32minfo[39m: GET /user/home 200 9445 - 821.174 ms
[2026-02-01 00:54:29] [32minfo[39m: GET /https://res.cloudinary.com/dma409l7q/image/upload/v1769436336/chettinad/admin/products/product-97c56ef7-922f-4796-9fed-f7d2f6744e52.jpg 404 7371 - 4.844 ms
[2026-02-01 00:54:29] [32minfo[39m: GET /css/common.css 200 2780 - 11.372 ms
[2026-02-01 00:54:29] [32minfo[39m: GET /css/header.css 200 5759 - 10.234 ms
[2026-02-01 00:54:29] [32minfo[39m: GET /css/home.css 200 6666 - 12.684 ms
[2026-02-01 00:54:29] [32minfo[39m: GET /css/footer.css 200 4817 - 23.608 ms
[2026-02-01 00:54:29] [32minfo[39m: GET /img/banner/banner3.jpg 200 132609 - 11.050 ms
[2026-02-01 00:54:29] [32minfo[39m: GET /js/common.js 200 2070 - 14.440 ms
[2026-02-01 00:54:29] [32minfo[39m: GET /img/customer.jpg 200 73230 - 15.726 ms
[2026-02-01 00:54:29] [32minfo[39m: GET /img/insta-post1.jpg 200 99817 - 15.794 ms
[2026-02-01 00:54:29] [32minfo[39m: GET /img/insta-post2.jpg 200 64682 - 14.850 ms
[2026-02-01 00:54:29] [32minfo[39m: GET /img/insta-post4.jpg 200 63176 - 9.660 ms
[2026-02-01 00:54:29] [32minfo[39m: GET /img/insta-post3.jpg 200 169905 - 14.134 ms
[2026-02-01 00:54:34] [32minfo[39m: Loading login page
[2026-02-01 00:54:34] [32minfo[39m: GET /user/login 200 4026 - 5.633 ms
[2026-02-01 00:54:34] [32minfo[39m: GET /css/login.css 200 5958 - 1.349 ms
[2026-02-01 00:54:34] [32minfo[39m: GET /css/login-bg.jpg 404 7371 - 7.154 ms
[2026-02-01 00:54:43] [32minfo[39m: Processing login
[2026-02-01 00:54:43] [33mwarn[39m: Login failed
[2026-02-01 00:54:43] [32minfo[39m: POST /user/login 200 4161 - 139.382 ms
[2026-02-01 00:54:43] [32minfo[39m: GET /css/login.css 200 5958 - 1.317 ms
[2026-02-01 00:54:43] [32minfo[39m: GET /css/login-bg.jpg 404 7371 - 7.776 ms
[2026-02-01 00:54:48] [32minfo[39m: GET / 302 39 - 0.989 ms
[2026-02-01 00:54:48] [32minfo[39m: loading homepage
[2026-02-01 00:54:48] [32minfo[39m: GET /user/home 200 9445 - 364.753 ms
[2026-02-01 00:54:48] [32minfo[39m: GET /css/common.css 200 2780 - 3.833 ms
[2026-02-01 00:54:48] [32minfo[39m: GET /css/header.css 200 5759 - 5.099 ms
[2026-02-01 00:54:48] [32minfo[39m: GET /css/home.css 200 6666 - 5.146 ms
[2026-02-01 00:54:48] [32minfo[39m: GET /css/footer.css 200 4817 - 1.722 ms
[2026-02-01 00:54:48] [32minfo[39m: GET /img/banner/banner3.jpg 200 132609 - 2.152 ms
[2026-02-01 00:54:48] [32minfo[39m: GET /https://res.cloudinary.com/dma409l7q/image/upload/v1769436336/chettinad/admin/products/product-97c56ef7-922f-4796-9fed-f7d2f6744e52.jpg 404 7371 - 8.369 ms
[2026-02-01 00:54:48] [32minfo[39m: GET /img/customer.jpg 200 73230 - 10.840 ms
[2026-02-01 00:54:48] [32minfo[39m: GET /js/common.js 200 2070 - 12.078 ms
[2026-02-01 00:54:48] [32minfo[39m: GET /img/insta-post2.jpg 200 64682 - 2.975 ms
[2026-02-01 00:54:48] [32minfo[39m: GET /img/insta-post1.jpg 200 99817 - 2.904 ms
[2026-02-01 00:54:48] [32minfo[39m: GET /img/insta-post3.jpg 200 169905 - 4.531 ms
[2026-02-01 00:54:49] [32minfo[39m: GET /img/insta-post4.jpg 200 63176 - 2.495 ms
[2026-02-01 00:54:49] [32minfo[39m: GET /img/customer.jpg 200 73230 - 1.056 ms
[2026-02-01 00:54:50] [32minfo[39m: GET /admin 302 41 - 280.675 ms
[2026-02-01 00:54:50] [32minfo[39m: GET /admin/login 200 3335 - 5.519 ms
[2026-02-01 00:54:50] [32minfo[39m: GET /css/admin/login.css 200 4353 - 2.593 ms
[2026-02-01 00:54:50] [32minfo[39m: GET /img/admin-weaver.jpg 200 36006 - 6.717 ms
[2026-02-01 00:55:01] [32minfo[39m: Admin logged in successfully.
[2026-02-01 00:55:01] [32minfo[39m: POST /admin/login 302 45 - 295.819 ms
[2026-02-01 00:55:01] [32minfo[39m: GET /admin/dashboard 200 36681 - 115.069 ms
[2026-02-01 00:55:01] [32minfo[39m: GET /css/admin/admin.css 200 19507 - 18.648 ms
[2026-02-01 00:55:01] [32minfo[39m: GET /css/admin/dashboard.css 200 2698 - 19.864 ms
[2026-02-01 00:55:01] [32minfo[39m: GET /img/admin/logo.jpg 200 26279 - 31.114 ms
[2026-02-01 00:55:01] [32minfo[39m: GET /img/admin/admin-avatar.jpg 200 114439 - 32.155 ms
[2026-02-01 00:55:02] [32minfo[39m: Fetching dashboard stats
[2026-02-01 00:55:03] [32minfo[39m: Dashboard stats calculated
[2026-02-01 00:55:03] [32minfo[39m: Dashboard stats delivered successfully
[2026-02-01 00:55:03] [32minfo[39m: GET /admin/api/stats 200 63 - 434.651 ms
[2026-02-01 00:55:03] [32minfo[39m: Fetching sales chart data
[2026-02-01 00:55:03] [32minfo[39m: Fetching top products
[2026-02-01 00:55:03] [32minfo[39m: Sales data processed successfully
[2026-02-01 00:55:03] [32minfo[39m: Sales chart data delivered successfully
[2026-02-01 00:55:03] [32minfo[39m: GET /admin/api/sales-data 200 179 - 877.422 ms
[2026-02-01 00:55:03] [32minfo[39m: Top products delivered successfully
[2026-02-01 00:55:03] [32minfo[39m: GET /admin/api/top-products?page=1&limit=4 200 30 - 976.923 ms
[2026-02-01 00:55:08] [32minfo[39m: fetcing users | page:1,search:""
[2026-02-01 00:55:09] [32minfo[39m: GET /admin/users 200 10957 - 279.583 ms
[2026-02-01 00:55:09] [32minfo[39m: GET /css/admin/admin.css 200 19507 - 6.325 ms
[2026-02-01 00:55:09] [32minfo[39m: GET /css/admin/users.css 200 3409 - 8.730 ms
[2026-02-01 00:55:09] [32minfo[39m: GET /img/admin/logo.jpg 200 26279 - 9.213 ms
[2026-02-01 00:55:09] [32minfo[39m: GET /img/admin/admin-avatar.jpg 200 114439 - 9.554 ms
[2026-02-01 00:55:16] [32minfo[39m: Loading signup page
[2026-02-01 00:55:16] [32minfo[39m: GET /user/signup 200 11454 - 6.728 ms
[2026-02-01 00:55:16] [32minfo[39m: GET /css/signup.css 200 6812 - 4.694 ms
[2026-02-01 00:55:16] [32minfo[39m: GET /css/signup-bg.jpg 404 7371 - 6.878 ms
[2026-02-01 00:55:54] [32minfo[39m: Processing signUp
[2026-02-01 00:56:00] [32minfo[39m: POST /user/signup 200 8237 - 6089.340 ms
[2026-02-01 00:56:00] [32minfo[39m: GET /css/generateotp.css 200 4273 - 2.930 ms
[2026-02-01 00:56:00] [32minfo[39m: GET /css/otp-bg.jpg 404 7371 - 8.063 ms
[2026-02-01 00:56:24] [32minfo[39m: Verifying signup OTP
[2026-02-01 00:56:24] [33mwarn[39m: OTP verification failed
[2026-02-01 00:56:24] [32minfo[39m: POST /user/verify-otp 400 67 - 2.133 ms
[2026-02-01 00:56:40] [32minfo[39m: Verifying signup OTP
[2026-02-01 00:56:40] [33mwarn[39m: OTP verification failed
[2026-02-01 00:56:40] [32minfo[39m: POST /user/verify-otp 400 67 - 2.124 ms
[2026-02-01 01:04:38] [32minfo[39m: hi inside the multer
[2026-02-01 01:04:38] [32minfo[39m: 698139445174944
[2026-02-01 01:04:38] [32minfo[39m: dma409l7q
[2026-02-01 01:04:38] [32minfo[39m: DRjWUJtgCysBWbMC3neHCVDAGzo
[2026-02-01 01:04:40] [32minfo[39m: connected to mongodb atlas
[2026-02-01 01:04:50] [32minfo[39m: hi inside the multer
[2026-02-01 01:04:50] [32minfo[39m: 698139445174944
[2026-02-01 01:04:50] [32minfo[39m: dma409l7q
[2026-02-01 01:04:50] [32minfo[39m: DRjWUJtgCysBWbMC3neHCVDAGzo
[2026-02-01 01:04:52] [32minfo[39m: connected to mongodb atlas
[2026-02-01 01:04:55] [32minfo[39m: hi inside the multer
[2026-02-01 01:04:55] [32minfo[39m: 698139445174944
[2026-02-01 01:04:55] [32minfo[39m: dma409l7q
[2026-02-01 01:04:55] [32minfo[39m: DRjWUJtgCysBWbMC3neHCVDAGzo
[2026-02-01 01:04:58] [32minfo[39m: connected to mongodb atlas
[2026-02-01 01:05:07] [32minfo[39m: Processing signUp
[2026-02-01 01:05:13] [32minfo[39m: POST /user/signup 200 8237 - 6264.618 ms
[2026-02-01 01:05:13] [32minfo[39m: GET /css/generateotp.css 200 4273 - 3.387 ms
[2026-02-01 01:05:13] [32minfo[39m: GET /css/otp-bg.jpg 404 7371 - 10.925 ms
[2026-02-01 01:05:36] [32minfo[39m: Verifying signup OTP
[2026-02-01 01:05:36] [31merror[39m: POST /user/verify-otp-Cannot destructure property 'name' of 'session.userData' as it is undefined.
[2026-02-01 01:05:36] [32minfo[39m: POST /user/verify-otp 500 106 - 26.305 ms
[2026-02-01 01:06:50] [32minfo[39m: hi inside the multer
[2026-02-01 01:06:50] [32minfo[39m: 698139445174944
[2026-02-01 01:06:50] [32minfo[39m: dma409l7q
[2026-02-01 01:06:50] [32minfo[39m: DRjWUJtgCysBWbMC3neHCVDAGzo
[2026-02-01 01:06:55] [32minfo[39m: hi inside the multer
[2026-02-01 01:06:55] [32minfo[39m: 698139445174944
[2026-02-01 01:06:55] [32minfo[39m: dma409l7q
[2026-02-01 01:06:55] [32minfo[39m: DRjWUJtgCysBWbMC3neHCVDAGzo
[2026-02-01 01:06:56] [32minfo[39m: hi inside the multer
[2026-02-01 01:06:56] [32minfo[39m: 698139445174944
[2026-02-01 01:06:56] [32minfo[39m: dma409l7q
[2026-02-01 01:06:56] [32minfo[39m: DRjWUJtgCysBWbMC3neHCVDAGzo
[2026-02-01 01:06:58] [32minfo[39m: connected to mongodb atlas
[2026-02-01 01:07:01] [32minfo[39m: Processing signUp
[2026-02-01 01:07:07] [32minfo[39m: POST /user/signup 200 8237 - 6082.667 ms
[2026-02-01 01:07:07] [32minfo[39m: GET /css/generateotp.css 200 4273 - 8.386 ms
[2026-02-01 01:07:07] [32minfo[39m: GET /css/otp-bg.jpg 404 7371 - 8.353 ms
[2026-02-01 01:08:24] [32minfo[39m: Verifying signup OTP
[2026-02-01 01:08:24] [31merror[39m: POST /user/verify-otp-Cannot destructure property 'name' of 'session.userData' as it is undefined.
[2026-02-01 01:08:24] [32minfo[39m: POST /user/verify-otp 500 106 - 21.874 ms
[2026-02-01 01:09:01] [32minfo[39m: hi inside the multer
[2026-02-01 01:09:01] [32minfo[39m: 698139445174944
[2026-02-01 01:09:01] [32minfo[39m: dma409l7q
[2026-02-01 01:09:01] [32minfo[39m: DRjWUJtgCysBWbMC3neHCVDAGzo
[2026-02-01 01:09:03] [32minfo[39m: connected to mongodb atlas
[2026-02-01 01:09:05] [32minfo[39m: hi inside the multer
[2026-02-01 01:09:05] [32minfo[39m: 698139445174944
[2026-02-01 01:09:05] [32minfo[39m: dma409l7q
[2026-02-01 01:09:05] [32minfo[39m: DRjWUJtgCysBWbMC3neHCVDAGzo
[2026-02-01 01:09:07] [32minfo[39m: connected to mongodb atlas
[2026-02-01 01:09:41] [32minfo[39m: hi inside the multer
[2026-02-01 01:09:41] [32minfo[39m: 698139445174944
[2026-02-01 01:09:41] [32minfo[39m: dma409l7q
[2026-02-01 01:09:41] [32minfo[39m: DRjWUJtgCysBWbMC3neHCVDAGzo
[2026-02-01 01:09:42] [32minfo[39m: connected to mongodb atlas
[2026-02-01 01:16:18] [32minfo[39m: hi inside the multer
[2026-02-01 01:16:18] [32minfo[39m: 698139445174944
[2026-02-01 01:16:18] [32minfo[39m: dma409l7q
[2026-02-01 01:16:18] [32minfo[39m: DRjWUJtgCysBWbMC3neHCVDAGzo
[2026-02-01 01:16:21] [32minfo[39m: connected to mongodb atlas
[2026-02-01 01:19:19] [32minfo[39m: hi inside the multer
[2026-02-01 01:19:19] [32minfo[39m: 698139445174944
[2026-02-01 01:19:19] [32minfo[39m: dma409l7q
[2026-02-01 01:19:19] [32minfo[39m: DRjWUJtgCysBWbMC3neHCVDAGzo
[2026-02-01 01:19:21] [32minfo[39m: connected to mongodb atlas
[2026-02-01 01:19:46] [32minfo[39m: hi inside the multer
[2026-02-01 01:19:46] [32minfo[39m: 698139445174944
[2026-02-01 01:19:46] [32minfo[39m: dma409l7q
[2026-02-01 01:19:46] [32minfo[39m: DRjWUJtgCysBWbMC3neHCVDAGzo
[2026-02-01 01:19:48] [32minfo[39m: connected to mongodb atlas
[2026-02-01 01:21:43] [32minfo[39m: hi inside the multer
[2026-02-01 01:21:43] [32minfo[39m: 698139445174944
[2026-02-01 01:21:43] [32minfo[39m: dma409l7q
[2026-02-01 01:21:43] [32minfo[39m: DRjWUJtgCysBWbMC3neHCVDAGzo
[2026-02-01 01:21:44] [32minfo[39m: connected to mongodb atlas
[2026-02-01 01:21:53] [32minfo[39m: hi inside the multer
[2026-02-01 01:21:53] [32minfo[39m: 698139445174944
[2026-02-01 01:21:53] [32minfo[39m: dma409l7q
[2026-02-01 01:21:53] [32minfo[39m: DRjWUJtgCysBWbMC3neHCVDAGzo
[2026-02-01 01:21:54] [32minfo[39m: connected to mongodb atlas
[2026-02-01 01:21:56] [32minfo[39m: hi inside the multer
[2026-02-01 01:21:56] [32minfo[39m: 698139445174944
[2026-02-01 01:21:56] [32minfo[39m: dma409l7q
[2026-02-01 01:21:56] [32minfo[39m: DRjWUJtgCysBWbMC3neHCVDAGzo
[2026-02-01 01:22:00] [32minfo[39m: hi inside the multer
[2026-02-01 01:22:00] [32minfo[39m: 698139445174944
[2026-02-01 01:22:00] [32minfo[39m: dma409l7q
[2026-02-01 01:22:00] [32minfo[39m: DRjWUJtgCysBWbMC3neHCVDAGzo
[2026-02-01 01:22:02] [32minfo[39m: hi inside the multer
[2026-02-01 01:22:02] [32minfo[39m: 698139445174944
[2026-02-01 01:22:02] [32minfo[39m: dma409l7q
[2026-02-01 01:22:02] [32minfo[39m: DRjWUJtgCysBWbMC3neHCVDAGzo
[2026-02-01 01:22:04] [32minfo[39m: hi inside the multer
[2026-02-01 01:22:04] [32minfo[39m: 698139445174944
[2026-02-01 01:22:04] [32minfo[39m: dma409l7q
[2026-02-01 01:22:04] [32minfo[39m: DRjWUJtgCysBWbMC3neHCVDAGzo
[2026-02-01 01:22:05] [32minfo[39m: hi inside the multer
[2026-02-01 01:22:05] [32minfo[39m: 698139445174944
[2026-02-01 01:22:05] [32minfo[39m: dma409l7q
[2026-02-01 01:22:05] [32minfo[39m: DRjWUJtgCysBWbMC3neHCVDAGzo
[2026-02-01 01:22:25] [32minfo[39m: hi inside the multer
[2026-02-01 01:22:25] [32minfo[39m: 698139445174944
[2026-02-01 01:22:25] [32minfo[39m: dma409l7q
[2026-02-01 01:22:25] [32minfo[39m: DRjWUJtgCysBWbMC3neHCVDAGzo
[2026-02-01 01:22:31] [32minfo[39m: hi inside the multer
[2026-02-01 01:22:31] [32minfo[39m: 698139445174944
[2026-02-01 01:22:31] [32minfo[39m: dma409l7q
[2026-02-01 01:22:31] [32minfo[39m: DRjWUJtgCysBWbMC3neHCVDAGzo
[2026-02-01 01:22:40] [32minfo[39m: hi inside the multer
[2026-02-01 01:22:40] [32minfo[39m: 698139445174944
[2026-02-01 01:22:40] [32minfo[39m: dma409l7q
[2026-02-01 01:22:40] [32minfo[39m: DRjWUJtgCysBWbMC3neHCVDAGzo
[2026-02-01 01:22:42] [32minfo[39m: hi inside the multer
[2026-02-01 01:22:42] [32minfo[39m: 698139445174944
[2026-02-01 01:22:42] [32minfo[39m: dma409l7q
[2026-02-01 01:22:42] [32minfo[39m: DRjWUJtgCysBWbMC3neHCVDAGzo
[2026-02-01 01:22:44] [32minfo[39m: connected to mongodb atlas
[2026-02-01 01:22:49] [32minfo[39m: hi inside the multer
[2026-02-01 01:22:49] [32minfo[39m: 698139445174944
[2026-02-01 01:22:49] [32minfo[39m: dma409l7q
[2026-02-01 01:22:49] [32minfo[39m: DRjWUJtgCysBWbMC3neHCVDAGzo
[2026-02-01 01:22:51] [32minfo[39m: hi inside the multer
[2026-02-01 01:22:51] [32minfo[39m: 698139445174944
[2026-02-01 01:22:51] [32minfo[39m: dma409l7q
[2026-02-01 01:22:51] [32minfo[39m: DRjWUJtgCysBWbMC3neHCVDAGzo
[2026-02-01 01:22:53] [32minfo[39m: hi inside the multer
[2026-02-01 01:22:53] [32minfo[39m: 698139445174944
[2026-02-01 01:22:53] [32minfo[39m: dma409l7q
[2026-02-01 01:22:53] [32minfo[39m: DRjWUJtgCysBWbMC3neHCVDAGzo
[2026-02-01 01:22:55] [32minfo[39m: connected to mongodb atlas
[2026-02-01 01:22:57] [32minfo[39m: hi inside the multer
[2026-02-01 01:22:57] [32minfo[39m: 698139445174944
[2026-02-01 01:22:57] [32minfo[39m: dma409l7q
[2026-02-01 01:22:57] [32minfo[39m: DRjWUJtgCysBWbMC3neHCVDAGzo
[2026-02-01 01:22:58] [32minfo[39m: connected to mongodb atlas
[2026-02-01 01:23:14] [32minfo[39m: hi inside the multer
[2026-02-01 01:23:14] [32minfo[39m: 698139445174944
[2026-02-01 01:23:14] [32minfo[39m: dma409l7q
[2026-02-01 01:23:14] [32minfo[39m: DRjWUJtgCysBWbMC3neHCVDAGzo
[2026-02-01 01:23:15] [32minfo[39m: connected to mongodb atlas
[2026-02-01 01:23:22] [32minfo[39m: hi inside the multer
[2026-02-01 01:23:22] [32minfo[39m: 698139445174944
[2026-02-01 01:23:22] [32minfo[39m: dma409l7q
[2026-02-01 01:23:22] [32minfo[39m: DRjWUJtgCysBWbMC3neHCVDAGzo
[2026-02-01 01:23:24] [32minfo[39m: connected to mongodb atlas
[2026-02-01 01:23:25] [32minfo[39m: hi inside the multer
[2026-02-01 01:23:25] [32minfo[39m: 698139445174944
[2026-02-01 01:23:25] [32minfo[39m: dma409l7q
[2026-02-01 01:23:25] [32minfo[39m: DRjWUJtgCysBWbMC3neHCVDAGzo
[2026-02-01 01:23:26] [32minfo[39m: connected to mongodb atlas
[2026-02-01 01:26:00] [32minfo[39m: Processing signUp
[2026-02-01 01:26:05] [32minfo[39m: POST /user/signup 200 8237 - 5274.018 ms
[2026-02-01 01:26:05] [32minfo[39m: GET /css/generateotp.css 200 4273 - 3.318 ms
[2026-02-01 01:26:20] [32minfo[39m: Verifying signup OTP
[2026-02-01 01:26:20] [31merror[39m: POST /user/verify-otp-Cannot read properties of undefined (reading 'userData')
[2026-02-01 01:26:20] [32minfo[39m: POST /user/verify-otp 500 86 - 5.712 ms
[2026-02-01 01:26:42] [32minfo[39m: hi inside the multer
[2026-02-01 01:26:42] [32minfo[39m: 698139445174944
[2026-02-01 01:26:42] [32minfo[39m: dma409l7q
[2026-02-01 01:26:42] [32minfo[39m: DRjWUJtgCysBWbMC3neHCVDAGzo
[2026-02-01 01:26:44] [32minfo[39m: hi inside the multer
[2026-02-01 01:26:44] [32minfo[39m: 698139445174944
[2026-02-01 01:26:44] [32minfo[39m: dma409l7q
[2026-02-01 01:26:44] [32minfo[39m: DRjWUJtgCysBWbMC3neHCVDAGzo
[2026-02-01 01:27:02] [32minfo[39m: hi inside the multer
[2026-02-01 01:27:02] [32minfo[39m: 698139445174944
[2026-02-01 01:27:02] [32minfo[39m: dma409l7q
[2026-02-01 01:27:02] [32minfo[39m: DRjWUJtgCysBWbMC3neHCVDAGzo
[2026-02-01 01:27:04] [32minfo[39m: connected to mongodb atlas
[2026-02-01 01:27:21] [32minfo[39m: hi inside the multer
[2026-02-01 01:27:21] [32minfo[39m: 698139445174944
[2026-02-01 01:27:21] [32minfo[39m: dma409l7q
[2026-02-01 01:27:21] [32minfo[39m: DRjWUJtgCysBWbMC3neHCVDAGzo
[2026-02-01 01:27:23] [32minfo[39m: connected to mongodb atlas
[2026-02-01 01:27:27] [32minfo[39m: hi inside the multer
[2026-02-01 01:27:27] [32minfo[39m: 698139445174944
[2026-02-01 01:27:27] [32minfo[39m: dma409l7q
[2026-02-01 01:27:27] [32minfo[39m: DRjWUJtgCysBWbMC3neHCVDAGzo
[2026-02-01 01:27:29] [32minfo[39m: connected to mongodb atlas
[2026-02-01 01:28:47] [32minfo[39m: hi inside the multer
[2026-02-01 01:28:47] [32minfo[39m: 698139445174944
[2026-02-01 01:28:47] [32minfo[39m: dma409l7q
[2026-02-01 01:28:47] [32minfo[39m: DRjWUJtgCysBWbMC3neHCVDAGzo
[2026-02-01 01:28:54] [32minfo[39m: hi inside the multer
[2026-02-01 01:28:54] [32minfo[39m: 698139445174944
[2026-02-01 01:28:54] [32minfo[39m: dma409l7q
[2026-02-01 01:28:54] [32minfo[39m: DRjWUJtgCysBWbMC3neHCVDAGzo
[2026-02-01 01:28:55] [32minfo[39m: connected to mongodb atlas
[2026-02-01 01:28:59] [32minfo[39m: hi inside the multer
[2026-02-01 01:28:59] [32minfo[39m: 698139445174944
[2026-02-01 01:28:59] [32minfo[39m: dma409l7q
[2026-02-01 01:28:59] [32minfo[39m: DRjWUJtgCysBWbMC3neHCVDAGzo
[2026-02-01 01:29:04] [32minfo[39m: hi inside the multer
[2026-02-01 01:29:04] [32minfo[39m: 698139445174944
[2026-02-01 01:29:04] [32minfo[39m: dma409l7q
[2026-02-01 01:29:04] [32minfo[39m: DRjWUJtgCysBWbMC3neHCVDAGzo
[2026-02-01 01:29:07] [32minfo[39m: hi inside the multer
[2026-02-01 01:29:07] [32minfo[39m: 698139445174944
[2026-02-01 01:29:07] [32minfo[39m: dma409l7q
[2026-02-01 01:29:07] [32minfo[39m: DRjWUJtgCysBWbMC3neHCVDAGzo
[2026-02-01 01:29:10] [32minfo[39m: hi inside the multer
[2026-02-01 01:29:10] [32minfo[39m: 698139445174944
[2026-02-01 01:29:10] [32minfo[39m: dma409l7q
[2026-02-01 01:29:10] [32minfo[39m: DRjWUJtgCysBWbMC3neHCVDAGzo
[2026-02-01 01:29:21] [32minfo[39m: hi inside the multer
[2026-02-01 01:29:21] [32minfo[39m: 698139445174944
[2026-02-01 01:29:21] [32minfo[39m: dma409l7q
[2026-02-01 01:29:21] [32minfo[39m: DRjWUJtgCysBWbMC3neHCVDAGzo
[2026-02-01 01:29:22] [32minfo[39m: connected to mongodb atlas
[2026-02-01 01:29:33] [32minfo[39m: Processing signUp
[2026-02-01 01:29:38] [32minfo[39m: POST /user/signup 200 8237 - 4919.369 ms
[2026-02-01 01:29:38] [32minfo[39m: GET /css/generateotp.css 200 4273 - 2.088 ms
[2026-02-01 01:29:53] [32minfo[39m: Verifying signup OTP
[2026-02-01 01:29:53] [31merror[39m: POST /user/verify-otp-Cannot read properties of undefined (reading 'userOtp')
[2026-02-01 01:29:53] [32minfo[39m: POST /user/verify-otp 500 85 - 5.131 ms
[2026-02-01 01:30:49] [32minfo[39m: hi inside the multer
[2026-02-01 01:30:49] [32minfo[39m: 698139445174944
[2026-02-01 01:30:49] [32minfo[39m: dma409l7q
[2026-02-01 01:30:49] [32minfo[39m: DRjWUJtgCysBWbMC3neHCVDAGzo
[2026-02-01 01:30:51] [32minfo[39m: connected to mongodb atlas
[2026-02-01 01:40:59] [32minfo[39m: hi inside the multer
[2026-02-01 01:40:59] [32minfo[39m: 698139445174944
[2026-02-01 01:40:59] [32minfo[39m: dma409l7q
[2026-02-01 01:40:59] [32minfo[39m: DRjWUJtgCysBWbMC3neHCVDAGzo
[2026-02-01 01:41:02] [32minfo[39m: hi inside the multer
[2026-02-01 01:41:02] [32minfo[39m: 698139445174944
[2026-02-01 01:41:02] [32minfo[39m: dma409l7q
[2026-02-01 01:41:02] [32minfo[39m: DRjWUJtgCysBWbMC3neHCVDAGzo
[2026-02-01 01:41:04] [32minfo[39m: connected to mongodb atlas
[2026-02-01 01:42:14] [32minfo[39m: hi inside the multer
[2026-02-01 01:42:14] [32minfo[39m: 698139445174944
[2026-02-01 01:42:14] [32minfo[39m: dma409l7q
[2026-02-01 01:42:14] [32minfo[39m: DRjWUJtgCysBWbMC3neHCVDAGzo
[2026-02-01 01:42:16] [32minfo[39m: connected to mongodb atlas
[2026-02-01 01:42:25] [32minfo[39m: hi inside the multer
[2026-02-01 01:42:25] [32minfo[39m: 698139445174944
[2026-02-01 01:42:25] [32minfo[39m: dma409l7q
[2026-02-01 01:42:25] [32minfo[39m: DRjWUJtgCysBWbMC3neHCVDAGzo
[2026-02-01 01:42:27] [32minfo[39m: connected to mongodb atlas
[2026-02-01 01:42:32] [32minfo[39m: hi inside the multer
[2026-02-01 01:42:32] [32minfo[39m: 698139445174944
[2026-02-01 01:42:32] [32minfo[39m: dma409l7q
[2026-02-01 01:42:32] [32minfo[39m: DRjWUJtgCysBWbMC3neHCVDAGzo
[2026-02-01 01:42:34] [32minfo[39m: connected to mongodb atlas
[2026-02-01 01:43:01] [32minfo[39m: hi inside the multer
[2026-02-01 01:43:01] [32minfo[39m: 698139445174944
[2026-02-01 01:43:01] [32minfo[39m: dma409l7q
[2026-02-01 01:43:01] [32minfo[39m: DRjWUJtgCysBWbMC3neHCVDAGzo
[2026-02-01 01:43:03] [32minfo[39m: connected to mongodb atlas
[2026-02-01 01:43:06] [32minfo[39m: hi inside the multer
[2026-02-01 01:43:06] [32minfo[39m: 698139445174944
[2026-02-01 01:43:06] [32minfo[39m: dma409l7q
[2026-02-01 01:43:06] [32minfo[39m: DRjWUJtgCysBWbMC3neHCVDAGzo
[2026-02-01 01:43:07] [32minfo[39m: connected to mongodb atlas
[2026-02-01 01:43:22] [32minfo[39m: Processing signUp
[2026-02-01 01:43:28] [32minfo[39m: POST /user/signup 200 8237 - 6159.991 ms
[2026-02-01 01:43:28] [32minfo[39m: GET /css/generateotp.css 200 4273 - 12.882 ms
[2026-02-01 01:43:41] [32minfo[39m: Verifying signup OTP
[2026-02-01 01:43:41] [31merror[39m: POST /user/verify-otp-Cannot read properties of undefined (reading 'userOtp')
[2026-02-01 01:43:41] [32minfo[39m: POST /user/verify-otp 500 85 - 15.563 ms
[2026-02-01 01:44:13] [32minfo[39m: hi inside the multer
[2026-02-01 01:44:13] [32minfo[39m: 698139445174944
[2026-02-01 01:44:13] [32minfo[39m: dma409l7q
[2026-02-01 01:44:13] [32minfo[39m: DRjWUJtgCysBWbMC3neHCVDAGzo
[2026-02-01 01:44:15] [32minfo[39m: connected to mongodb atlas
[2026-02-01 01:44:19] [32minfo[39m: hi inside the multer
[2026-02-01 01:44:19] [32minfo[39m: 698139445174944
[2026-02-01 01:44:19] [32minfo[39m: dma409l7q
[2026-02-01 01:44:19] [32minfo[39m: DRjWUJtgCysBWbMC3neHCVDAGzo
[2026-02-01 01:44:21] [32minfo[39m: connected to mongodb atlas
[2026-02-01 01:44:38] [32minfo[39m: hi inside the multer
[2026-02-01 01:44:38] [32minfo[39m: 698139445174944
[2026-02-01 01:44:38] [32minfo[39m: dma409l7q
[2026-02-01 01:44:38] [32minfo[39m: DRjWUJtgCysBWbMC3neHCVDAGzo
[2026-02-01 01:44:41] [32minfo[39m: connected to mongodb atlas
[2026-02-01 01:44:49] [32minfo[39m: Processing signUp
[2026-02-01 01:44:56] [32minfo[39m: POST /user/signup 200 8237 - 6898.878 ms
[2026-02-01 01:44:56] [32minfo[39m: GET /css/generateotp.css 200 4273 - 9.076 ms
[2026-02-01 01:45:05] [32minfo[39m: Verifying signup OTP
[2026-02-01 01:45:06] [32minfo[39m: POST /user/verify-otp 200 16 - 725.581 ms
[2026-02-01 01:45:08] [32minfo[39m: Loading login page
[2026-02-01 01:45:08] [32minfo[39m: GET /user/login 200 4026 - 12.052 ms
[2026-02-01 01:45:08] [32minfo[39m: GET /css/login.css 200 5958 - 2.138 ms
